path,module,backend,lines,layout,styleBlocks,inlineStyles,important,hexColors,tables,modals,responsive,plugins,references,referencedBy,legacyAttributeCandidate
"resources/views/admin/home.blade.php","admin","false","120","","0","0","0","0","0","0","true","","0","","false"
"resources/views/admin/refunds/bank-complete.blade.php","admin","false","1","","0","0","0","0","0","0","false","","0","","false"
"resources/views/admin/refunds/bank-index.blade.php","admin","false","179","layouts/layoutMaster","0","1","0","0","3","0","false","","1","app/Http/Controllers/Frontend/RegistrationRefundController.php","false"
"resources/views/admin/refunds/bank-show.blade.php","admin","false","54","layouts/layoutMaster","0","0","0","0","0","0","false","","1","app/Http/Controllers/Frontend/RegistrationRefundController.php","false"
"resources/views/api/api-token-manager.blade.php","api","false","186","","0","0","0","0","0","0","false","","0","","false"
"resources/views/api/index.blade.php","api","false","18","layouts/layoutMaster","0","0","0","0","0","0","false","","0","","false"
"resources/views/auth/confirm-password.blade.php","auth","false","75","layouts/blankLayout","0","0","0","1","0","0","true","","0","","false"
"resources/views/auth/forgot-password.blade.php","auth","false","73","layouts/blankLayout","0","0","0","1","0","0","true","","0","","false"
"resources/views/auth/login.blade.php","auth","false","120","layouts/blankLayout","0","0","0","1","0","0","true","","0","","false"
"resources/views/auth/register.blade.php","auth","false","126","layouts/blankLayout","0","0","0","1","0","0","true","","0","","false"
"resources/views/auth/reset-password.blade.php","auth","false","93","layouts/blankLayout","0","0","0","1","0","0","true","","0","","false"
"resources/views/auth/two-factor-challenge.blade.php","auth","false","87","layouts/blankLayout","0","0","0","1","0","0","true","","0","","false"
"resources/views/auth/verify-email.blade.php","auth","false","64","layouts/blankLayout","0","0","0","1","0","0","false","","0","","false"
"resources/views/backend/adminPage/admin_show/admin_tournament_show.blade.php","adminPage","true","34","","0","0","0","0","0","0","true","","2","resources/views/backend/adminPage/show.blade.php;resources/views/backend/adminPage/show2.blade.php","false"
"resources/views/backend/adminPage/admin_show/cavaliers_trials_show.blade.php","adminPage","true","342","","1","0","0","0","3","0","true","select2","2","resources/views/backend/adminPage/show.blade.php;resources/views/backend/adminPage/show2.blade.php","false"
"resources/views/backend/adminPage/admin_show/individual_show.blade.php","adminPage","true","479","","1","7","0","0","3","0","true","select2","2","resources/views/backend/adminPage/show.blade.php;resources/views/backend/adminPage/show2.blade.php","false"
"resources/views/backend/adminPage/admin_show/interpro-dash.blade.php","adminPage","true","316","","1","0","0","1","0","1","true","","1","resources/views/backend/adminPage/show.blade.php","false"
"resources/views/backend/adminPage/admin_show/navbar/navbar.blade.php","adminPage","true","63","","0","0","0","0","0","0","false","","10","resources/views/backend/adminPage/admin_show/admin_tournament_show.blade.php;resources/views/backend/convenor/index-convenor.blade.php;resources/views/backend/draw/individual/cavaliersTrials.blade.php;resources/views/backend/draw/individual/draw-index-individual.blade.php;resources/views/backend/draw/individual/draw-show-individual.blade.php;resources/views/backend/draw/team/draw-index-team.blade.php;resources/views/backend/headOffice/cavaliers-trials-show.blade.php;resources/views/backend/headOffice/interpro-event-show.blade.php;resources/views/backend/teamSelection/selection-index.blade.php;resources/views/backend/venue/venue-show.blade.php","false"
"resources/views/backend/adminPage/admin_show/overbergTrialsAdmin.blade.php","adminPage","true","593","","0","0","0","1","3","1","true","select2","2","resources/views/backend/adminPage/show.blade.php;resources/views/backend/adminPage/show2.blade.php","false"
"resources/views/backend/adminPage/admin_show/schools.blade.php","adminPage","true","110","","1","0","0","1","0","0","true","select2;sortable","1","resources/views/backend/adminPage/show.blade.php","false"
"resources/views/backend/adminPage/admin_show/tabs/entries.blade.php","adminPage","true","129","","0","0","0","0","2","0","true","","1","resources/views/backend/adminPage/admin_show/schools.blade.php","false"
"resources/views/backend/adminPage/admin_show/tabs/modals/generateDrawOptionsModal.blade.php","adminPage","true","50","","0","0","0","0","0","1","false","select2","0","","false"
"resources/views/backend/adminPage/admin_show/tabs/modals/nominationModal.blade.php","adminPage","true","34","","0","0","0","0","0","1","false","select2","0","","false"
"resources/views/backend/adminPage/admin_show/tabs/player-order.blade.php","adminPage","true","167","","1","2","0","0","1","0","true","sortable","2","resources/views/backend/adminPage/admin_show/interpro-dash.blade.php;resources/views/backend/adminPage/admin_show/team_show.blade.php","false"
"resources/views/backend/adminPage/admin_show/tabs/players.blade.php","adminPage","true","256","","0","1","0","0","1","2","true","","2","resources/views/backend/adminPage/admin_show/interpro-dash.blade.php;resources/views/backend/adminPage/admin_show/team_show.blade.php","false"
"resources/views/backend/adminPage/admin_show/tabs/regions.blade.php","adminPage","true","178","","0","1","0","0","0","0","false","","1","resources/views/backend/adminPage/admin_show/team_show.blade.php","false"
"resources/views/backend/adminPage/admin_show/tabs/results.blade.php","adminPage","true","19","","0","0","0","0","0","0","false","","1","resources/views/backend/adminPage/admin_show/schools.blade.php","false"
"resources/views/backend/adminPage/admin_show/tabs/teams.blade.php","adminPage","true","352","","0","4","0","0","0","1","true","sortable;toastr","1","resources/views/backend/adminPage/admin_show/schools.blade.php","false"
"resources/views/backend/adminPage/admin_show/tabs/tournament_admin.blade.php","adminPage","true","53","","0","2","0","0","0","0","true","","1","resources/views/backend/adminPage/admin_show/schools.blade.php","false"
"resources/views/backend/adminPage/admin_show/tabs/transactions.blade.php","adminPage","true","7","","0","0","0","0","0","0","true","","1","resources/views/backend/adminPage/admin_show/schools.blade.php","false"
"resources/views/backend/adminPage/admin_show/team_show.blade.php","adminPage","true","367","","1","2","1","1","1","3","true","","2","resources/views/backend/adminPage/show.blade.php;resources/views/backend/adminPage/show2.blade.php","false"
"resources/views/backend/adminPage/admin_show/team_showtest.blade.php","adminPage","true","394","","0","0","0","1","1","0","true","sortable","0","","false"
"resources/views/backend/adminPage/admin_show/_table/results.blade.php","adminPage","true","75","","0","0","0","0","2","0","true","","1","app/Http/Controllers/Backend/EventAdminController.php","false"
"resources/views/backend/adminPage/partials/draws.blade.php","adminPage","true","99","","0","2","0","0","0","1","true","","1","app/Http/Controllers/Backend/EventAdminController.php","false"
"resources/views/backend/adminPage/partials/entries.blade.php","adminPage","true","41","","0","4","0","0","1","0","false","","1","app/Http/Controllers/Backend/EventAdminController.php","false"
"resources/views/backend/adminPage/partials/team-no-profile.blade.php","adminPage","true","99","","0","0","0","0","1","0","true","","1","resources/views/backend/adminPage/admin_show/team_showtest.blade.php","false"
"resources/views/backend/adminPage/partials/team-profile.blade.php","adminPage","true","88","","0","0","0","0","1","0","true","","1","resources/views/backend/adminPage/admin_show/team_showtest.blade.php","false"
"resources/views/backend/adminPage/partials/team-profiletest.blade.php","adminPage","true","82","","0","0","0","0","1","0","true","","0","","false"
"resources/views/backend/adminPage/partials/team_players_table.blade.php","adminPage","true","67","","0","0","0","0","1","0","false","","1","app/Http/Controllers/Backend/TeamController.php","false"
"resources/views/backend/adminPage/pdf/transactions.blade.php","adminPage","true","109","","1","4","0","3","1","0","false","","1","app/Http/Controllers/Backend/EventController.php","false"
"resources/views/backend/adminPage/show.blade.php","adminPage","true","127","layouts/layoutMaster","0","0","0","0","0","0","false","datatable;select2;toastr;flatpickr;sortable","1","app/Http/Controllers/Backend/EventAdminController.php","false"
"resources/views/backend/adminPage/show2.blade.php","adminPage","true","110","layouts/layoutMaster","0","0","0","0","0","0","false","datatable;select2;toastr;flatpickr;sortable","0","","false"
"resources/views/backend/adminPage/_includes/participation_type.blade.php","adminPage","true","52","","0","0","0","0","0","0","true","","3","resources/views/backend/adminPage/admin_show/individual_show.blade.php;resources/views/backend/adminPage/admin_show/overbergTrialsAdmin.blade.php;resources/views/backend/adminPage/admin_show/tabs/results.blade.php","false"
"resources/views/backend/adminPage/_includes/position_type.blade.php","adminPage","true","59","","0","0","0","0","0","0","true","sortable","3","resources/views/backend/adminPage/admin_show/individual_show.blade.php;resources/views/backend/adminPage/admin_show/overbergTrialsAdmin.blade.php;resources/views/backend/adminPage/admin_show/tabs/results.blade.php","false"
"resources/views/backend/adminPage/_includes/team_type.blade.php","adminPage","true","110","","0","5","0","0","1","0","true","","0","","true"
"resources/views/backend/adminPage/_includes/transactions_table.blade.php","adminPage","true","1","","0","0","0","0","0","0","false","","1","resources/views/backend/adminPage/admin_show/tabs/transactions.blade.php","false"
"resources/views/backend/agreements/create.blade.php","agreements","true","58","layouts/layoutMaster","0","0","0","0","0","0","false","","4","app/Http/Controllers/Backend/AgreementController.php;routes/web.php;resources/views/backend/agreements/index.blade.php;resources/views/backend/superadmin/index.blade.php","false"
"resources/views/backend/agreements/edit.blade.php","agreements","true","59","layouts/layoutMaster","0","0","0","0","0","0","false","","4","app/Http/Controllers/Backend/AgreementController.php;routes/web.php;resources/views/backend/agreements/index.blade.php;resources/views/backend/superadmin/index.blade.php","false"
"resources/views/backend/agreements/index.blade.php","agreements","true","101","layouts/layoutMaster","0","2","0","0","1","0","true","","5","app/Http/Controllers/Backend/AgreementController.php;routes/web.php;resources/views/backend/agreements/create.blade.php;resources/views/backend/agreements/edit.blade.php;resources/views/backend/agreements/show.blade.php","false"
"resources/views/backend/agreements/show.blade.php","agreements","true","86","layouts/layoutMaster","0","1","0","1","1","0","true","","4","app/Http/Controllers/Backend/AgreementController.php;routes/web.php;resources/views/backend/agreements/index.blade.php;resources/views/backend/superadmin/index.blade.php","false"
"resources/views/backend/categoryEvent/manage.blade.php","categoryEvent","true","192","layouts/layoutMaster","1","0","0","6","0","0","true","select2","1","app/Http/Controllers/Backend/CategoryEventController.php","false"
"resources/views/backend/clothing/clothing-index.blade.php","clothing","true","96","layouts/layoutMaster","0","0","0","0","1","0","true","","2","app/Http/Controllers/Backend/ClothingOrderController.php;app/Http/Controllers/Backend/RegionClothingController.php","false"
"resources/views/backend/clothing/clothing-order-pdf.blade.php","clothing","true","54","","1","0","0","2","1","0","false","","0","","false"
"resources/views/backend/clothing/region-items.blade.php","clothing","true","283","layouts/layoutMaster","0","6","0","0","1","1","true","select2","1","app/Http/Controllers/Backend/RegionClothingController.php","false"
"resources/views/backend/convenor/index-convenor.blade.php","convenor","true","80","layouts/layoutMaster","0","0","0","0","0","0","true","datatable;select2;toastr;flatpickr;sortable","1","app/Http/Controllers/Backend/ConvenorController.php","false"
"resources/views/backend/dashboard.blade.php","(root)","true","932","layouts/layoutMaster","1","0","2","15","1","2","true","datatable;select2;toastr;swal","6","app/Http/Controllers/Backend/DashboardController.php;app/Http/Controllers/Frontend/PlayerProfileController.php;routes/web.php;resources/views/backend/superadmin/index.blade.php;resources/views/frontend/player/create-profile.blade.php;resources/views/layouts/sections/navbar/navbar.blade.php","false"
"resources/views/backend/disciplinary/cases/create.blade.php","disciplinary","true","25","layouts/layoutMaster","0","0","0","0","0","0","true","","1","app/Http/Controllers/Backend/DisciplinaryCaseController.php","false"
"resources/views/backend/disciplinary/cases/index.blade.php","disciplinary","true","57","layouts/layoutMaster","0","0","0","0","1","0","true","","3","app/Http/Controllers/Backend/DisciplinaryCaseController.php;routes/web.php;resources/views/backend/superadmin/index.blade.php","false"
"resources/views/backend/disciplinary/cases/show.blade.php","disciplinary","true","49","layouts/layoutMaster","0","3","0","0","0","0","true","","3","app/Http/Controllers/Backend/DisciplinaryCaseController.php;routes/web.php;resources/views/backend/disciplinary/cases/index.blade.php","false"
"resources/views/backend/disciplinary/create.blade.php","disciplinary","true","160","layouts/layoutMaster","0","0","0","0","0","0","true","select2","5","app/Http/Controllers/Backend/DisciplinaryController.php;routes/web.php;resources/views/backend/disciplinary/index.blade.php;resources/views/backend/disciplinary/player.blade.php;resources/views/multiend/player_profile.blade.php","false"
"resources/views/backend/disciplinary/edit.blade.php","disciplinary","true","148","layouts/layoutMaster","0","0","0","0","0","0","true","select2","1","app/Http/Controllers/Backend/DisciplinaryController.php","false"
"resources/views/backend/disciplinary/index.blade.php","disciplinary","true","179","layouts/layoutMaster","0","0","0","0","1","0","true","datatable;select2","6","app/Http/Controllers/Backend/DisciplinaryController.php;routes/web.php;resources/views/backend/disciplinary/create.blade.php;resources/views/backend/disciplinary/player.blade.php;resources/views/backend/disciplinary/settings.blade.php;resources/views/backend/superadmin/index.blade.php","false"
"resources/views/backend/disciplinary/player.blade.php","disciplinary","true","276","layouts/layoutMaster","0","2","0","0","2","1","true","","5","app/Http/Controllers/Backend/DisciplinaryController.php;routes/web.php;resources/views/backend/disciplinary/edit.blade.php;resources/views/backend/disciplinary/index.blade.php;resources/views/backend/superadmin/index.blade.php","false"
"resources/views/backend/disciplinary/settings.blade.php","disciplinary","true","280","layouts/layoutMaster","0","1","0","0","2","0","true","select2","4","app/Http/Controllers/Backend/DisciplineSettingsController.php;routes/web.php;resources/views/backend/disciplinary/index.blade.php;resources/views/backend/superadmin/index.blade.php","false"
"resources/views/backend/disciplinary/_status_badge.blade.php","disciplinary","true","16","","0","0","0","0","0","0","false","","1","resources/views/backend/disciplinary/player.blade.php","false"
"resources/views/backend/draw/draw-settings.blade.php","draw","true","1","","0","0","0","0","0","0","false","","1","app/Http/Controllers/Backend/DrawController.php","false"
"resources/views/backend/draw/flexible-monrad.blade.php","draw","true","28","","0","0","0","0","0","0","false","","1","app/Http/Controllers/Backend/FlexibleMonradController.php","false"
"resources/views/backend/draw/flexible-workspace.blade.php","draw","true","75","layouts/contentNavbarLayout","0","2","0","0","0","0","true","","1","app/Http/Controllers/Backend/FlexibleMonradController.php","false"
"resources/views/backend/draw/formats/monrad.blade.php","draw","true","36","layouts.layoutMaster","0","2","0","2","0","0","false","","1","resources/views/backend/draw/show2.blade.php","false"
"resources/views/backend/draw/individual/cavaliersTrials.blade.php","draw","true","455","layouts/layoutMaster","0","0","0","2","2","4","true","datatable;select2;toastr;flatpickr;sortable","1","app/Http/Controllers/Backend/DrawController.php","false"
"resources/views/backend/draw/individual/draw-index-individual.blade.php","draw","true","135","layouts/layoutMaster","0","0","0","0","0","1","true","datatable;select2;toastr;sortable","1","app/Http/Controllers/Backend/DrawController.php","false"
"resources/views/backend/draw/individual/draw-show-individual.blade.php","draw","true","572","layouts/layoutMaster","0","1","1","3","3","3","true","datatable;select2;toastr;flatpickr;sortable","2","app/Http/Controllers/Backend/DrawController.php;app/Http/Controllers/Frontend/FrontFixtureController.php","false"
"resources/views/backend/draw/individual/interproDraw.blade.php","draw","true","185","layouts/contentNavbarLayout","1","0","25","10","1","0","false","","1","app/Http/Controllers/Frontend/FrontFixtureController.php","false"
"resources/views/backend/draw/individual/interproDrawConvenor.blade.php","draw","true","460","layouts/contentNavbarLayout","1","0","26","11","1","1","false","toastr;sortable;swal","1","app/Http/Controllers/Frontend/FrontFixtureController.php","false"
"resources/views/backend/draw/individual/simple-draw-layout.blade.php","draw","true","60","layouts/layoutMaster","0","0","0","0","1","0","true","","0","","false"
"resources/views/backend/draw/manage-players.blade.php","draw","true","80","layouts/layoutMaster","0","1","0","0","1","0","false","","1","app/Http/Controllers/Backend/DrawController.php","false"
"resources/views/backend/draw/manage.blade.php","draw","true","209","layouts/layoutMaster","0","6","0","2","0","0","true","toastr;sortable","2","app/Http/Controllers/Backend/DrawController.php;app/Http/Controllers/Backend/ManageDrawController.php","false"
"resources/views/backend/draw/partials/draw-players.blade.php","draw","true","26","","0","0","0","0","0","0","false","","1","app/Http/Controllers/Backend/DrawController.php","false"
"resources/views/backend/draw/partials/draw-preview.blade.php","draw","true","114","","0","0","0","0","1","0","true","","2","app/Http/Controllers/Backend/DrawController.php;resources/views/backend/draw/partials/tabs/roundrobin-preview.blade.php","false"
"resources/views/backend/draw/partials/flexible-monrad-editor.blade.php","draw","true","52","","0","0","0","0","0","0","false","","2","resources/views/backend/draw/flexible-monrad.blade.php;resources/views/backend/draw/flexible-workspace.blade.php","false"
"resources/views/backend/draw/partials/match-box.blade.php","draw","true","25","","0","0","0","0","0","0","false","","0","","false"
"resources/views/backend/draw/partials/playoff_svg.blade.php","draw","true","14","","0","0","0","0","0","0","false","","1","app/Http/Controllers/Backend/DrawController.php","false"
"resources/views/backend/draw/partials/roundrobin-matrix.blade.php","draw","true","226","","1","1","3","9","0","0","true","","1","resources/views/backend/draw/partials/draw-preview.blade.php","false"
"resources/views/backend/draw/partials/seeded-playoff-draw.blade.php","draw","true","128","","0","0","0","1","0","0","false","","2","app/Http/Controllers/Backend/DrawController.php;app/Services/DrawBuilder.php","false"
"resources/views/backend/draw/partials/single-box-matrix.blade.php","draw","true","142","","0","0","0","7","0","0","false","","1","app/Http/Controllers/Backend/DrawController.php","false"
"resources/views/backend/draw/partials/split-box-preview.blade.php","draw","true","16","","0","0","0","0","0","0","true","","1","app/Http/Controllers/Backend/DrawController.php","false"
"resources/views/backend/draw/partials/tabs/allboxes-preview.blade.php","draw","true","88","","0","0","0","0","1","0","true","","0","","false"
"resources/views/backend/draw/partials/tabs/playoff-2boxes-preview.blade.php","draw","true","223","","0","0","0","0","0","0","false","","0","","false"
"resources/views/backend/draw/partials/tabs/playoff-4boxes-preview.blade.php","draw","true","217","","0","0","0","0","0","0","false","","0","","false"
"resources/views/backend/draw/partials/tabs/roundrobin-preview.blade.php","draw","true","14","","0","0","0","0","0","0","false","","0","","false"
"resources/views/backend/draw/partials/venues_form.blade.php","draw","true","82","","0","0","0","0","0","0","true","select2","0","","false"
"resources/views/backend/draw/partials/workspace-header.blade.php","draw","true","56","","0","0","0","0","0","0","true","","5","resources/views/backend/draw/flexible-workspace.blade.php;resources/views/backend/draw/roundrobin/show.blade.php;resources/views/backend/draw/setup.blade.php;resources/views/backend/schedule/cavaliers-trials-schedule.blade.php;resources/views/backend/schedule/individual-schedule.blade.php","false"
"resources/views/backend/draw/partials/workspace-links.blade.php","draw","true","6","","0","0","0","0","0","0","false","","3","resources/views/backend/draw/setup.blade.php;resources/views/backend/schedule/cavaliers-trials-schedule.blade.php;resources/views/backend/schedule/individual-schedule.blade.php","false"
"resources/views/backend/draw/pdf/event-draws-pdf.blade.php","draw","true","238","","1","7","1","28","3","0","false","","1","app/Http/Controllers/Backend/HeadOfficeController.php","false"
"resources/views/backend/draw/pdf/pdf-team.blade.php","draw","true","240","","1","7","0","0","1","0","true","","1","app/Http/Controllers/Backend/FixtureController.php","false"
"resources/views/backend/draw/roundrobin/admin-scores.blade.php","draw","true","172","layouts/contentNavbarLayout","0","0","0","0","1","1","false","toastr","1","app/Http/Controllers/Backend/RoundRobinController.php","false"
"resources/views/backend/draw/roundrobin/draw-svg.blade.php","draw","true","203","","0","6","0","0","0","0","false","","2","app/Http/Controllers/Backend/RoundRobinController.php;app/Http/Controllers/Frontend/PublicRoundRobinController.php","false"
"resources/views/backend/draw/roundrobin/dynamic-bracket-svg.blade.php","draw","true","447","","1","13","10","35","0","0","true","","2","app/Http/Controllers/Backend/RoundRobinController.php;app/Http/Controllers/Frontend/PublicRoundRobinController.php","false"
"resources/views/backend/draw/roundrobin/full-bracket.blade.php","draw","true","350","","1","2","0","35","0","0","false","","0","","false"
"resources/views/backend/draw/roundrobin/main-bracket-html.blade.php","draw","true","495","","1","6","0","31","0","0","true","","0","","false"
"resources/views/backend/draw/roundrobin/main-bracket.blade.php","draw","true","81","","1","1","0","0","0","0","false","","0","","false"
"resources/views/backend/draw/roundrobin/plate-bracket.blade.php","draw","true","255","","1","1","0","4","0","0","false","","1","app/Http/Controllers/Backend/RoundRobinController.php","false"
"resources/views/backend/draw/roundrobin/players-workspace.blade.php","draw","true","54","","0","1","0","0","0","0","true","","1","resources/views/backend/draw/roundrobin/show.blade.php","false"
"resources/views/backend/draw/roundrobin/print-scripts.blade.php","draw","true","936","","3","77","15","93","12","0","true","toastr","1","resources/views/backend/draw/roundrobin/show.blade.php","false"
"resources/views/backend/draw/roundrobin/setup-scripts.blade.php","draw","true","1313","","0","7","0","6","3","0","true","toastr;swal","1","resources/views/backend/draw/roundrobin/show.blade.php","false"
"resources/views/backend/draw/roundrobin/show.blade.php","draw","true","1120","layouts/contentNavbarLayout","0","11","0","6","3","1","true","flatpickr;toastr;sortable","10","app/Http/Controllers/Backend/DrawController.php;app/Http/Controllers/Backend/DrawSetupController.php;app/Http/Controllers/Backend/FlexibleMonradController.php;app/Http/Controllers/Backend/RoundRobinController.php;routes/web.php;resources/views/backend/adminPage/partials/draws.blade.php;resources/views/backend/draw/partials/workspace-header.blade.php;resources/views/backend/draw/partials/workspace-links.blade.php;resources/views/backend/draw/_includes/draw_tab_interpro.blade.php;resources/views/backend/headOffice/partials/individual-draw-row.blade.php","false"
"resources/views/backend/draw/setup-category.blade.php","draw","true","23","layouts/contentNavbarLayout","0","1","0","0","0","0","false","","1","app/Http/Controllers/Backend/DrawSetupController.php","false"
"resources/views/backend/draw/setup.blade.php","draw","true","32","layouts/contentNavbarLayout","0","2","0","0","0","0","true","","1","app/Http/Controllers/Backend/DrawSetupController.php","false"
"resources/views/backend/draw/show.blade.php","draw","true","132","layouts/layoutMaster","0","0","0","0","0","0","false","datatable;select2;toastr;flatpickr","0","","false"
"resources/views/backend/draw/show2.blade.php","draw","true","195","layouts/layoutMaster","0","0","0","0","0","0","true","","1","app/Http/Controllers/Backend/DrawController.php","false"
"resources/views/backend/draw/team/draw-index-team.blade.php","draw","true","136","layouts/layoutMaster","0","0","0","0","0","1","true","datatable;select2;toastr;sortable","1","app/Http/Controllers/Backend/DrawController.php","false"
"resources/views/backend/draw/team/draw-show-team.blade.php","draw","true","200","layouts/layoutMaster","0","1","1","1","1","2","true","datatable;select2;toastr;flatpickr;sortable","2","app/Http/Controllers/Backend/DrawController.php;app/Http/Controllers/Frontend/FrontFixtureController.php","false"
"resources/views/backend/draw/_includes/draw_detail_index.blade.php","draw","true","129","","0","0","0","0","0","0","true","","1","resources/views/backend/headOffice/cavaliers-trials-show.blade.php","false"
"resources/views/backend/draw/_includes/draw_tab.blade.php","draw","true","176","","0","0","0","0","0","0","true","flatpickr","2","resources/views/backend/adminPage/admin_show/admin_tournament_show.blade.php;resources/views/backend/draw/individual/draw-index-individual.blade.php","false"
"resources/views/backend/draw/_includes/draw_tab_interpro.blade.php","draw","true","91","","0","0","0","0","0","0","true","","1","resources/views/backend/headOffice/interpro-event-show.blade.php","false"
"resources/views/backend/draw/_includes/draw_tab_team.blade.php","draw","true","126","","0","0","0","0","0","0","true","","4","resources/views/backend/draw/team/draw-index-team.blade.php;resources/views/backend/headOffice/team-event-show.blade.php;resources/views/backend/headOffice/_partials/tabs/draws.blade.php;resources/views/backend/headOffice/_partials/tabs/interpro-draw.blade.php","false"
"resources/views/backend/draw/_includes/individual_draw.blade.php","draw","true","25","","0","0","0","0","0","0","false","","2","resources/views/backend/draw/individual/cavaliersTrials.blade.php;resources/views/backend/draw/individual/draw-show-individual.blade.php","false"
"resources/views/backend/draw/_includes/monrad32.blade.php","draw","true","25","","0","0","0","0","0","0","false","","0","","false"
"resources/views/backend/draw/_modals/addVenueModal.blade.php","draw","true","24","","0","0","0","0","0","1","false","","4","resources/views/backend/draw/roundrobin/show.blade.php;resources/views/backend/draw/_includes/draw_detail_index.blade.php;resources/views/backend/draw/_includes/draw_tab.blade.php;resources/views/backend/headOffice/individual-event-show.blade.php","false"
"resources/views/backend/draw/_modals/change-schedule-modal.blade.php","draw","true","14","","0","0","0","0","0","1","false","","2","resources/views/backend/draw/team/draw-show-team.blade.php;resources/views/bracket/partials/fixtures.blade.php","false"
"resources/views/backend/draw/_modals/schedule-settings-modal.blade.php","draw","true","14","","0","0","0","0","0","1","false","","2","resources/views/backend/draw/individual/cavaliersTrials.blade.php;resources/views/backend/draw/individual/draw-show-individual.blade.php","false"
"resources/views/backend/engine/debug.blade.php","engine","true","263","layouts/layoutMaster","0","0","0","0","5","0","true","","1","app/Http/Controllers/Backend/EngineDebugController.php","false"
"resources/views/backend/engine/draw-mode.blade.php","engine","true","220","layouts/layoutMaster","0","0","0","0","2","0","true","","1","app/Http/Controllers/Backend/DrawEngineModeController.php","false"
"resources/views/backend/event/admin-refund.blade.php","event","true","183","layouts/layoutMaster","0","4","0","0","0","0","true","","1","app/Http/Controllers/Backend/AdminRegistrationRefundController.php","false"
"resources/views/backend/event/announcements.blade.php","event","true","285","layouts/layoutMaster","0","1","0","0","1","1","false","","1","app/Http/Controllers/Backend/EventAnnouncementController.php","false"
"resources/views/backend/event/camp/index.blade.php","event","true","1","","0","0","0","0","0","0","false","","1","resources/views/backend/event/overview.blade.php","false"
"resources/views/backend/event/categories.blade.php","event","true","263","layouts/layoutMaster","1","0","0","1","1","0","false","select2;toastr","1","app/Http/Controllers/Backend/EventCategoryController.php","false"
"resources/views/backend/event/create.blade.php","event","true","247","layouts/layoutMaster","0","0","0","0","0","0","true","select2;toastr","1","app/Http/Controllers/Backend/EventController.php","false"
"resources/views/backend/event/edit.blade.php","event","true","393","layouts/layoutMaster","1","1","0","10","0","0","true","select2;toastr","1","app/Http/Controllers/Backend/EventController.php","false"
"resources/views/backend/event/exports/all-players-pdf.blade.php","event","true","121","","1","0","0","10","1","0","false","","1","app/Http/Controllers/Backend/EventAdminController.php","false"
"resources/views/backend/event/exports/event_players_excel.blade.php","event","true","36","","0","0","0","0","1","0","false","","1","app/Exports/EventPlayersExport.php","false"
"resources/views/backend/event/finances.blade.php","event","true","1822","layouts/layoutMaster","1","22","10","10","11","8","true","select2","1","app/Http/Controllers/Backend/EventFinanceController.php","false"
"resources/views/backend/event/fixtures.blade.php","event","true","197","layouts/layoutMaster","1","3","0","3","1","0","true","datatable","1","app/Http/Controllers/Backend/EventAdminController.php","false"
"resources/views/backend/event/individual/entries.blade.php","event","true","1331","layouts/layoutMaster","1","19","4","5","2","3","true","select2;toastr;swal","1","app/Http/Controllers/Backend/EventEntryController.php","false"
"resources/views/backend/event/individual/fixtures/hq.blade.php","event","true","197","layouts/layoutMaster","1","3","0","3","1","0","true","datatable","0","","false"
"resources/views/backend/event/individual/index.blade.php","event","true","140","","0","0","0","0","0","0","true","","1","resources/views/backend/event/overview.blade.php","false"
"resources/views/backend/event/masters/overview.blade.php","event","true","137","layouts/layoutMaster","1","0","0","17","0","0","true","","1","app/Http/Controllers/Backend/EventAdminController.php","false"
"resources/views/backend/event/masters/setup.blade.php","event","true","6","layouts/layoutMaster","1","0","0","7","0","0","false","","1","app/Http/Controllers/Backend/MastersInvitationController.php","false"
"resources/views/backend/event/masters/_setup.blade.php","event","true","23","","0","0","0","0","0","0","true","","1","resources/views/backend/event/masters/setup.blade.php","false"
"resources/views/backend/event/overview.blade.php","event","true","93","layouts/layoutMaster","1","0","3","8","0","0","true","","1","app/Http/Controllers/Backend/EventAdminController.php","false"
"resources/views/backend/event/partials/email-modal.blade.php","event","true","56","","0","1","0","0","0","1","true","","1","resources/views/backend/event/individual/entries.blade.php","false"
"resources/views/backend/event/partials/entry-row.blade.php","event","true","95","","0","1","0","0","0","0","false","","2","app/Http/Controllers/Backend/EventAdminController.php;app/Http/Controllers/Backend/EventEntryController.php","false"
"resources/views/backend/event/partials/finances.blade.php","event","true","772","","0","15","0","4","6","4","true","","1","resources/views/backend/event/overview.blade.php","false"
"resources/views/backend/event/partials/header.blade.php","event","true","38","","0","0","0","0","0","0","true","","5","resources/views/backend/event/fixtures.blade.php;resources/views/backend/event/individual/fixtures/hq.blade.php;resources/views/backend/event/masters/overview.blade.php;resources/views/backend/event/masters/setup.blade.php;resources/views/backend/event/overview.blade.php","false"
"resources/views/backend/event/results/individual.blade.php","event","true","413","layouts/layoutMaster","1","1","0","2","0","0","true","sortable;toastr","1","app/Http/Controllers/Backend/EventResultsController.php","false"
"resources/views/backend/event/settings.blade.php","event","true","619","layouts/layoutMaster","1","0","0","0","0","0","true","toastr;select2","2","app/Http/Controllers/Backend/EventAdminController.php;app/Http/Controllers/Backend/EventSettingsController.php","false"
"resources/views/backend/event/team/index.blade.php","event","true","226","","0","2","0","0","0","0","true","toastr","1","resources/views/backend/event/overview.blade.php","false"
"resources/views/backend/event/team/tabs/fixtures.blade.php","event","true","6","","0","0","0","0","0","0","false","","0","","false"
"resources/views/backend/event/team/tabs/order.blade.php","event","true","6","","0","0","0","0","0","0","false","","0","","false"
"resources/views/backend/event/team/tabs/results.blade.php","event","true","6","","0","0","0","0","0","0","false","","0","","false"
"resources/views/backend/event/team/tabs/teams.blade.php","event","true","237","","0","3","0","0","0","1","true","sortable","0","","false"
"resources/views/backend/event/transactions.blade.php","event","true","574","layouts/layoutMaster","1","9","4","7","5","0","true","datatable","1","app/Http/Controllers/Backend/EventTransactionController.php","false"
"resources/views/backend/event/_expense_fields.blade.php","event","true","143","","0","0","0","0","0","0","true","","2","resources/views/backend/event/finances.blade.php;resources/views/backend/event/partials/finances.blade.php","false"
"resources/views/backend/event/_income_item_fields.blade.php","event","true","50","","0","0","0","0","0","0","true","","2","resources/views/backend/event/finances.blade.php;resources/views/backend/event/partials/finances.blade.php","false"
"resources/views/backend/eventAdmin/main.blade.php","eventAdmin","true","73","layouts/layoutMaster","0","0","0","0","0","0","false","select2;flatpickr","1","app/Http/Controllers/Backend/EventAdminController.php","false"
"resources/views/backend/fixture/fixture-table-admin.blade.php","fixture","true","195","","0","0","0","0","1","1","true","","2","resources/views/backend/draw/show.blade.php;resources/views/backend/draw/team/draw-show-team.blade.php","false"
"resources/views/backend/fixture/fixtures-venue.blade.php","fixture","true","196","layouts/layoutMaster","0","1","1","1","1","2","true","datatable;select2;toastr;sortable","1","app/Http/Controllers/Backend/FixtureController.php","false"
"resources/views/backend/fixture/fixturesPerVenue.blade.php","fixture","true","319","","0","7","0","0","1","1","true","","1","resources/views/backend/fixture/fixtures-venue.blade.php","false"
"resources/views/backend/fixture/partials/fixture2.blade.php","fixture","true","50","","0","0","0","0","0","0","false","","0","","false"
"resources/views/backend/goal/create-career-goal.blade.php","goal","true","366","layouts/layoutMaster","0","1","0","0","0","0","true","sortable","1","app/Http/Controllers/Backend/GoalController.php","true"
"resources/views/backend/goal/create-general-goal.blade.php","goal","true","193","layouts/layoutMaster","0","1","0","0","0","0","true","sortable","1","app/Http/Controllers/Backend/GoalController.php","true"
"resources/views/backend/headOffice/cavaliers-trials-show.blade.php","headOffice","true","206","layouts/layoutMaster","0","0","0","0","0","1","true","datatable;select2;toastr;flatpickr;sortable","1","app/Http/Controllers/Backend/HeadOfficeController.php","false"
"resources/views/backend/headOffice/individual-event-show.blade.php","headOffice","true","429","layouts/layoutMaster","1","16","3","29","3","2","true","select2;toastr","1","app/Http/Controllers/Backend/HeadOfficeController.php","false"
"resources/views/backend/headOffice/interpro-event-show.blade.php","headOffice","true","488","layouts/layoutMaster","0","2","0","2","0","1","true","datatable;select2;toastr;flatpickr;sortable;swal","1","app/Http/Controllers/Backend/HeadOfficeController.php","false"
"resources/views/backend/headOffice/modals/scheduleModal.blade.php","headOffice","true","350","","0","2","0","0","0","1","true","flatpickr;toastr;datatable","1","resources/views/backend/draw/roundrobin/show.blade.php","false"
"resources/views/backend/headOffice/partials/draw-icon.blade.php","headOffice","true","16","","0","0","0","0","0","0","false","","2","resources/views/backend/headOffice/partials/individual-draw-overview.blade.php;resources/views/backend/headOffice/partials/individual-draw-row.blade.php","false"
"resources/views/backend/headOffice/partials/individual-draw-overview.blade.php","headOffice","true","71","","0","0","0","0","0","0","false","","1","resources/views/backend/headOffice/individual-event-show.blade.php","false"
"resources/views/backend/headOffice/partials/individual-draw-row.blade.php","headOffice","true","64","","0","0","0","0","0","0","false","","1","resources/views/backend/headOffice/partials/individual-draw-overview.blade.php","false"
"resources/views/backend/headOffice/team-event-show.blade.php","headOffice","true","427","layouts/layoutMaster","0","0","0","0","0","2","true","datatable;select2;toastr;flatpickr;sortable","1","app/Http/Controllers/Backend/HeadOfficeController.php","false"
"resources/views/backend/headOffice/venue-fixtures.blade.php","headOffice","true","321","layouts/layoutMaster","1","0","17","5","2","1","true","datatable","1","app/Http/Controllers/Backend/HeadOfficeController.php","false"
"resources/views/backend/headOffice/_partials/dashboard-home.blade.php","headOffice","true","45","","0","0","0","0","0","0","false","","0","","false"
"resources/views/backend/headOffice/_partials/tabs/convenors.blade.php","headOffice","true","1","","0","0","0","0","0","0","false","","1","resources/views/backend/headOffice/_partials/dashboard-home.blade.php","false"
"resources/views/backend/headOffice/_partials/tabs/draws.blade.php","headOffice","true","102","","0","0","0","0","0","1","true","","1","resources/views/backend/headOffice/_partials/dashboard-home.blade.php","false"
"resources/views/backend/headOffice/_partials/tabs/home.blade.php","headOffice","true","1","","0","0","0","0","0","0","false","","1","resources/views/backend/headOffice/_partials/dashboard-home.blade.php","false"
"resources/views/backend/headOffice/_partials/tabs/interpro-draw.blade.php","headOffice","true","183","","0","0","0","0","0","2","true","","0","","false"
"resources/views/backend/headOffice/_partials/tabs/setup.blade.php","headOffice","true","119","","0","0","0","0","2","0","true","","1","resources/views/backend/headOffice/_partials/dashboard-home.blade.php","false"
"resources/views/backend/import/noProfileImport.blade.php","import","true","72","layouts/layoutMaster","0","1","0","1","0","0","true","","1","app/Http/Controllers/Backend/TeamController.php","false"
"resources/views/backend/league/league-index.blade.php","league","true","68","layouts/layoutMaster","0","0","0","0","1","0","true","","1","app/Http/Controllers/Backend/LeagueController.php","false"
"resources/views/backend/league/modals/addCategoryModal.blade.php","league","true","27","","0","0","0","0","0","1","false","","1","resources/views/backend/league/league-index.blade.php","false"
"resources/views/backend/masters/invitation-preview.blade.php","masters","true","2","","0","0","0","0","0","0","false","","1","app/Http/Controllers/Backend/MastersInvitationController.php","false"
"resources/views/backend/masters/review.blade.php","masters","true","60","layouts/contentNavbarLayout","1","0","0","4","0","0","true","","2","app/Http/Controllers/Backend/MastersInvitationController.php;resources/views/backend/event/masters/overview.blade.php","false"
"resources/views/backend/masters/show.blade.php","masters","true","215","layouts/contentNavbarLayout","1","0","2","6","0","1","true","","4","app/Http/Controllers/Backend/MastersInvitationController.php;resources/views/backend/event/edit.blade.php;resources/views/backend/event/masters/overview.blade.php;resources/views/backend/masters/review.blade.php","false"
"resources/views/backend/nominations/partials/table.blade.php","nominations","true","28","","0","0","0","0","0","0","false","","1","app/Http/Controllers/Backend/NominateController.php","false"
"resources/views/backend/nominations/view.blade.php","nominations","true","99","","0","0","0","0","1","0","true","","1","resources/views/backend/adminPage/admin_show/cavaliers_trials_show.blade.php","false"
"resources/views/backend/payments/orderitems.blade.php","payments","true","52","layouts/layoutMaster","0","0","0","0","1","0","false","datatable;select2","0","","false"
"resources/views/backend/photo/eventPhotos.blade.php","photo","true","92","layouts/layoutMaster","0","1","0","0","1","0","true","datatable","1","app/Http/Controllers/Backend/EventPhotoController.php","false"
"resources/views/backend/photo/index.blade.php","photo","true","62","layouts/layoutMaster","0","0","0","0","1","0","true","","2","app/Http/Controllers/Backend/EventPhotoController.php;app/Http/Controllers/Backend/PhotoController.php","false"
"resources/views/backend/photo/show.blade.php","photo","true","116","layouts/layoutMaster","0","1","0","0","1","0","true","datatable","1","app/Http/Controllers/Backend/PhotoFolderController.php","false"
"resources/views/backend/photo/upload.blade.php","photo","true","75","layouts/layoutMaster","0","2","0","1","0","0","true","","1","app/Http/Controllers/Backend/PhotoController.php","false"
"resources/views/backend/photo/_includes/folder-add-modal.blade.php","photo","true","30","","0","0","0","0","0","1","false","","1","resources/views/backend/photo/eventPhotos.blade.php","false"
"resources/views/backend/photo/_includes/folder-edit-modal.blade.php","photo","true","31","","0","0","0","0","0","1","false","","1","resources/views/backend/photo/eventPhotos.blade.php","false"
"resources/views/backend/photo/_includes/photo-move-modal.blade.php","photo","true","34","","0","0","0","0","0","1","false","","1","resources/views/backend/photo/show.blade.php","false"
"resources/views/backend/photo/_includes/photo-preview-modal.blade.php","photo","true","11","","0","0","0","0","0","1","false","","2","resources/views/backend/photo/eventPhotos.blade.php;resources/views/backend/photo/show.blade.php","false"
"resources/views/backend/photo/_includes/upload-modal.blade.php","photo","true","46","","0","1","0","0","0","1","true","","1","resources/views/backend/photo/show.blade.php","false"
"resources/views/backend/platform/health.blade.php","platform","true","180","layouts/layoutMaster","1","2","0","15","0","0","true","","1","app/Http/Controllers/Backend/PlatformHealthController.php","false"
"resources/views/backend/platform/_health_badge.blade.php","platform","true","9","","0","0","0","0","0","0","false","","1","resources/views/backend/platform/health.blade.php","false"
"resources/views/backend/platform/_health_table.blade.php","platform","true","25","","0","4","0","0","1","0","false","","1","resources/views/backend/platform/health.blade.php","false"
"resources/views/backend/player/edit-player.blade.php","player","true","97","layouts/layoutMaster","0","0","0","0","0","0","true","select2","1","app/Http/Controllers/Backend/PlayerController.php","false"
"resources/views/backend/player/index.blade.php","player","true","227","layouts/layoutMaster","0","0","0","1","1","0","true","datatable;swal","1","app/Http/Controllers/Backend/PlayerController.php","false"
"resources/views/backend/player/player_details.blade.php","player","true","30","layouts/layoutMaster","0","0","0","0","0","0","false","","1","app/Http/Controllers/Backend/PlayerController.php","false"
"resources/views/backend/player/player_profile.blade.php","player","true","142","layouts/layoutMaster","0","0","0","0","0","0","true","select2;apexchart","1","app/Http/Controllers/Backend/PlayerController.php","false"
"resources/views/backend/player/player_results.blade.php","player","true","37","layouts/layoutMaster","0","0","0","0","0","0","false","","1","app/Http/Controllers/Backend/PlayerController.php","false"
"resources/views/backend/ranking/admin.blade.php","ranking","true","338","layouts/layoutMaster","1","4","0","3","1","0","true","select2;sortable;swal","1","app/Http/Controllers/Backend/RankingController.php","false"
"resources/views/backend/ranking/details.blade.php","ranking","true","69","layouts/layoutMaster","0","0","0","0","1","0","true","","1","app/Http/Controllers/Backend/RankingController.php","false"
"resources/views/backend/ranking/points.blade.php","ranking","true","119","layouts/layoutMaster","1","1","0","0","1","0","false","toastr","1","app/Http/Controllers/Backend/RankingController.php","false"
"resources/views/backend/ranking/ranking-index.blade.php","ranking","true","54","layouts/layoutMaster","0","0","0","0","1","0","true","datatable","0","","false"
"resources/views/backend/ranking/results.blade.php","ranking","true","106","layouts/layoutMaster","1","2","0","4","1","0","true","","2","app/Http/Controllers/Backend/RankingController.php;routes/web.php","false"
"resources/views/backend/ranking/series/audit.blade.php","ranking","true","251","layouts/layoutMaster","1","0","0","3","3","0","true","","1","app/Http/Controllers/Backend/SeriesRankingController.php","false"
"resources/views/backend/ranking/series/list.blade.php","ranking","true","325","layouts/layoutMaster","1","0","13","14","1","0","true","toastr","1","app/Http/Controllers/Backend/SeriesRankingController.php","false"
"resources/views/backend/ranking/settings-ranking.blade.php","ranking","true","103","layouts/layoutMaster","0","0","0","0","0","0","true","select2","0","","false"
"resources/views/backend/ranking/show_ranking.blade.php","ranking","true","243","layouts/layoutMaster","0","0","0","0","1","0","true","datatable;select2;sortable","0","","false"
"resources/views/backend/refunds/bank-show.blade.php","refunds","true","204","layouts/layoutMaster","0","0","0","0","0","0","true","","1","app/Http/Controllers/Backend/BankRefundController.php","false"
"resources/views/backend/refunds/bank.blade.php","refunds","true","395","layouts/layoutMaster","0","2","0","0","3","1","true","","1","app/Http/Controllers/Backend/BankRefundController.php","false"
"resources/views/backend/schedule/cavaliers-trials-schedule.blade.php","schedule","true","337","layouts/contentNavbarLayout","0","1","0","0","1","0","true","select2;flatpickr;datatable;toastr","1","app/Http/Controllers/Backend/ScheduleController.php","false"
"resources/views/backend/schedule/create-schedule.blade.php","schedule","true","64","layouts/layoutMaster","0","0","0","0","0","0","true","flatpickr;sortable","0","","false"
"resources/views/backend/schedule/individual-schedule.blade.php","schedule","true","872","layouts/contentNavbarLayout","1","6","0","17","3","0","true","select2;flatpickr;datatable;toastr;swal","1","app/Http/Controllers/Backend/ScheduleController.php","false"
"resources/views/backend/scoreboard/partials/age-gender-table.blade.php","scoreboard","true","53","","0","0","0","0","1","0","true","","0","","false"
"resources/views/backend/scoreboard/partials/age-table.blade.php","scoreboard","true","38","","0","0","0","0","1","0","false","","1","resources/views/backend/scoreboard/teamScoreboard.blade.php","false"
"resources/views/backend/scoreboard/partials/breakdown-table.blade.php","scoreboard","true","31","","0","0","0","0","1","0","true","","0","","false"
"resources/views/backend/scoreboard/partials/table.blade.php","scoreboard","true","32","","0","2","0","0","1","0","true","","0","","false"
"resources/views/backend/scoreboard/show-scoreboard.blade.php","scoreboard","true","285","layouts/layoutMaster","1","0","0","9","2","0","false","toastr;sortable","1","app/Http/Controllers/Backend/ScoreboardController.php","false"
"resources/views/backend/scoreboard/teamScoreboard.blade.php","scoreboard","true","27","layouts/layoutMaster","0","0","0","0","0","0","false","","1","app/Http/Controllers/Backend/ScoreboardController.php","false"
"resources/views/backend/series/create.blade.php","series","true","59","layouts/layoutMaster","0","0","0","0","0","0","false","","0","","false"
"resources/views/backend/series/events.blade.php","series","true","304","layouts/layoutMaster","0","1","0","0","1","0","true","select2;toastr","1","app/Http/Controllers/Backend/SeriesController.php","false"
"resources/views/backend/series/index.blade.php","series","true","118","layouts/layoutMaster","0","0","0","0","1","0","false","toastr","1","app/Http/Controllers/Backend/SeriesController.php","false"
"resources/views/backend/series/rankings/index.blade.php","series","true","64","layouts/layoutMaster","0","2","0","0","1","0","true","","1","app/Http/Controllers/Backend/SeriesController.php","false"
"resources/views/backend/series/rankings/rankings.blade.php","series","true","74","layouts.layoutMaster","0","1","0","0","1","0","true","","0","","false"
"resources/views/backend/series/rankings/results.blade.php","series","true","67","layouts/layoutMaster","0","2","0","0","1","0","true","","0","","false"
"resources/views/backend/series/series-create.blade.php","series","true","82","layouts/layoutMaster","0","0","0","0","0","0","true","","1","app/Http/Controllers/Backend/SeriesController.php","false"
"resources/views/backend/series/series-home.blade.php","series","true","329","layouts/layoutMaster","0","1","0","0","1","1","true","toastr","1","app/Http/Controllers/Backend/SeriesController.php","false"
"resources/views/backend/series/series-index.blade.php","series","true","66","layouts/layoutMaster","0","0","0","0","1","0","false","","0","","false"
"resources/views/backend/series/series-settings.blade.php","series","true","463","layouts/layoutMaster","1","6","0","7","2","0","true","toastr","1","app/Http/Controllers/Backend/SeriesController.php","false"
"resources/views/backend/series/show.blade.php","series","true","65","layouts/layoutMaster","0","0","0","0","0","0","true","","0","","false"
"resources/views/backend/settings/settings-index.blade.php","settings","true","342","layouts/layoutMaster","0","6","0","0","1","0","true","","1","app/Http/Controllers/Backend/SettingsController.php","false"
"resources/views/backend/superadmin/api-integrations.blade.php","superadmin","true","120","layouts.layoutMaster","0","1","0","0","1","0","true","","1","app/Http/Controllers/Backend/ApiIntegrationController.php","false"
"resources/views/backend/superadmin/audit/index.blade.php","superadmin","true","156","layouts/layoutMaster","0","2","0","0","1","0","true","","1","app/Http/Controllers/Backend/AuditEventController.php","false"
"resources/views/backend/superadmin/audit/show.blade.php","superadmin","true","83","layouts/layoutMaster","0","3","0","0","2","0","true","","1","app/Http/Controllers/Backend/AuditEventController.php","false"
"resources/views/backend/superadmin/event-finances.blade.php","superadmin","true","975","layouts/layoutMaster","1","12","3","7","8","1","true","datatable","1","app/Http/Controllers/Backend/SuperAdminFinanceController.php","false"
"resources/views/backend/superadmin/finances.blade.php","superadmin","true","186","layouts/layoutMaster","1","0","0","2","1","0","true","datatable","1","app/Http/Controllers/Backend/SuperAdminFinanceController.php","false"
"resources/views/backend/superadmin/index.blade.php","superadmin","true","2275","layouts/layoutMaster","1","22","2","12","14","2","true","datatable","11","app/Http/Controllers/Backend/SettingsController.php;app/Http/Controllers/Backend/SuperAdminController.php;routes/web.php;resources/views/backend/player/index.blade.php;resources/views/backend/settings/settings-index.blade.php;resources/views/backend/superadmin/api-integrations.blade.php;resources/views/backend/superadmin/audit/index.blade.php;resources/views/backend/superadmin/finances.blade.php;resources/views/backend/superadmin/orphaned-registrations.blade.php;resources/views/backend/superadmin/player-duplicates.blade.php;resources/views/backend/user/index.blade.php","false"
"resources/views/backend/superadmin/orphaned-registrations.blade.php","superadmin","true","195","layouts/layoutMaster","0","2","0","0","2","0","true","","1","app/Http/Controllers/Backend/OrphanedRegistrationController.php","false"
"resources/views/backend/superadmin/player-duplicate-bulk-review.blade.php","superadmin","true","173","layouts/layoutMaster","0","0","0","0","2","0","true","","1","app/Http/Controllers/Backend/PlayerDuplicateController.php","false"
"resources/views/backend/superadmin/player-duplicate-quick-merge.blade.php","superadmin","true","71","","0","0","0","0","1","0","true","","1","app/Http/Controllers/Backend/PlayerDuplicateController.php","false"
"resources/views/backend/superadmin/player-duplicate-review.blade.php","superadmin","true","238","layouts/layoutMaster","0","0","0","0","2","0","true","","1","app/Http/Controllers/Backend/PlayerDuplicateController.php","false"
"resources/views/backend/superadmin/player-duplicates.blade.php","superadmin","true","435","layouts/layoutMaster","0","2","0","0","2","1","true","","1","app/Http/Controllers/Backend/PlayerDuplicateController.php","false"
"resources/views/backend/superAdminDashboard.blade.php","(root)","true","2","","0","0","0","0","0","0","false","","0","","false"
"resources/views/backend/system/check.blade.php","system","true","108","layouts/layoutMaster","1","2","0","10","1","0","false","","1","app/Http/Controllers/Backend/SystemCheckController.php","false"
"resources/views/backend/team/partials/replace-player-form.blade.php","team","true","34","","0","0","0","0","0","0","false","select2","1","app/Http/Controllers/Backend/TeamController.php","false"
"resources/views/backend/team-fixtures/admin.blade.php","team-fixtures","true","213","layouts/layoutMaster","1","1","0","0","1","1","true","flatpickr;select2","2","app/Http/Controllers/Backend/TeamFixtureController.php;routes/web.php","false"
"resources/views/backend/team-fixtures/create.blade.php","team-fixtures","true","77","layouts/layoutMaster","0","0","0","0","0","0","true","","3","app/Http/Controllers/Backend/TeamFixtureController.php;routes/web.php;resources/views/backend/team-fixtures/admin.blade.php","false"
"resources/views/backend/team-fixtures/edit.blade.php","team-fixtures","true","31","layouts/layoutMaster","0","0","0","0","0","0","true","","2","app/Http/Controllers/Backend/TeamFixtureController.php;resources/views/backend/team-fixtures/admin.blade.php","false"
"resources/views/backend/team-fixtures/index.blade.php","team-fixtures","true","260","layouts/layoutMaster","1","0","3","0","2","2","true","datatable;select2;toastr;flatpickr","4","app/Http/Controllers/Backend/TeamFixtureController.php;resources/views/admin/home.blade.php;resources/views/backend/draw/_includes/draw_tab_interpro.blade.php;resources/views/backend/draw/_includes/draw_tab_team.blade.php","false"
"resources/views/backend/team-fixtures/partials/away-cell.blade.php","team-fixtures","true","32","","0","0","0","0","0","0","false","","1","app/Http/Controllers/Backend/TeamFixtureController.php","false"
"resources/views/backend/team-fixtures/partials/home-cell.blade.php","team-fixtures","true","33","","0","0","0","0","0","0","false","","1","app/Http/Controllers/Backend/TeamFixtureController.php","false"
"resources/views/backend/team-fixtures/partials/replace_player_fixture_row.blade.php","team-fixtures","true","54","","0","0","0","0","0","0","false","","1","app/Http/Controllers/Backend/TeamFixtureController.php","false"
"resources/views/backend/team-fixtures/partials/result-col.blade.php","team-fixtures","true","7","","0","0","0","0","0","0","false","","1","app/Http/Controllers/Backend/TeamFixtureController.php","false"
"resources/views/backend/team-fixtures/replace-player.blade.php","team-fixtures","true","366","layouts/layoutMaster","0","2","0","0","1","1","true","select2;toastr","1","app/Http/Controllers/Backend/TeamFixtureController.php","false"
"resources/views/backend/team-fixtures/show.blade.php","team-fixtures","true","106","layouts/layoutMaster","0","0","0","0","1","0","true","","2","app/Http/Controllers/Backend/TeamFixtureController.php;resources/views/backend/team-fixtures/admin.blade.php","false"
"resources/views/backend/team-schedule/all.blade.php","team-schedule","true","385","layouts/layoutMaster","0","2","0","0","2","0","true","select2;flatpickr;datatable;toastr","2","app/Http/Controllers/Backend/TeamScheduleController.php;routes/web.php","false"
"resources/views/backend/team-schedule/schedule.blade.php","team-schedule","true","164","layouts/layoutMaster","0","5","0","0","2","0","true","select2;flatpickr;datatable;toastr","1","app/Http/Controllers/Backend/TeamFixtureController.php","false"
"resources/views/backend/teamSelection/selection-index.blade.php","teamSelection","true","182","layouts/layoutMaster","0","0","0","0","3","0","true","datatable;select2;toastr;flatpickr;sortable","1","app/Http/Controllers/Backend/TeamSelectionController.php","false"
"resources/views/backend/user/index.blade.php","user","true","347","layouts/layoutMaster","0","1","0","1","1","2","true","datatable;select2;swal","1","app/Http/Controllers/Backend/UserController.php","false"
"resources/views/backend/user/show.blade.php","user","true","356","layouts/layoutMaster","1","0","0","0","1","2","true","datatable;select2;toastr;swal","1","app/Http/Controllers/Backend/UserController.php","false"
"resources/views/backend/venue/venue-show.blade.php","venue","true","238","layouts/layoutMaster","0","1","0","0","1","2","true","datatable;select2;toastr;flatpickr;sortable","1","app/Http/Controllers/Backend/VenueController.php","false"
"resources/views/backend/wallet/modals/deposit-modal.blade.php","wallet","true","29","","0","0","0","0","0","1","false","","0","","false"
"resources/views/backend/wallet/transaction-create.blade.php","wallet","true","1","","0","0","0","0","0","0","false","","1","app/Http/Controllers/Backend/WalletTransactionController.php","false"
"resources/views/backend/wallet/wallet-index.blade.php","wallet","true","56","layouts/layoutMaster","0","0","0","0","1","0","false","datatable","1","app/Http/Controllers/Backend/WalletController.php","false"
"resources/views/backend/wallet/wallet-show.blade.php","wallet","true","259","layouts/layoutMaster","0","0","0","0","1","2","true","datatable","1","app/Http/Controllers/Backend/WalletController.php","false"
"resources/views/bracket/partials/fixtures.blade.php","bracket","false","99","","0","0","0","0","1","0","true","","2","resources/views/backend/draw/individual/cavaliersTrials.blade.php;resources/views/frontend/draw/fixtures/showFixtures.blade.php","false"
"resources/views/components/action-message.blade.php","components","false","11","","0","1","0","0","0","0","false","","0","","false"
"resources/views/components/action-section.blade.php","components","false","12","","0","0","0","0","0","0","false","","0","","false"
"resources/views/components/application-logo.blade.php","components","false","18","","0","0","0","0","0","0","false","","0","","false"
"resources/views/components/application-mark.blade.php","components","false","5","","0","0","0","2","0","0","false","","0","","false"
"resources/views/components/authentication-card-logo.blade.php","components","false","20","","0","1","0","1","0","0","false","","0","","false"
"resources/views/components/authentication-card.blade.php","components","false","14","","0","0","0","0","0","0","true","","0","","false"
"resources/views/components/banner.blade.php","components","false","44","","0","10","0","0","0","0","false","","0","","false"
"resources/views/components/button.blade.php","components","false","4","","0","0","0","0","0","0","false","","0","","false"
"resources/views/components/checkbox.blade.php","components","false","2","","0","0","0","0","0","0","false","","0","","false"
"resources/views/components/confirmation-modal.blade.php","components","false","17","","0","0","0","0","0","0","false","","0","","false"
"resources/views/components/confirms-password.blade.php","components","false","43","","0","0","0","0","0","0","false","","0","","false"
"resources/views/components/danger-button.blade.php","components","false","4","","0","0","0","0","0","0","false","","0","","false"
"resources/views/components/dialog-modal.blade.php","components","false","18","","0","0","0","0","0","0","false","","0","","false"
"resources/views/components/dropdown-link.blade.php","components","false","2","","0","0","0","0","0","0","false","","0","","false"
"resources/views/components/dropdown.blade.php","components","false","12","","0","0","0","0","0","0","false","","0","","true"
"resources/views/components/form-section.blade.php","components","false","24","","0","0","0","0","0","0","false","","0","","false"
"resources/views/components/input-error.blade.php","components","false","8","","0","0","0","0","0","0","false","","0","","false"
"resources/views/components/input.blade.php","components","false","4","","0","0","0","0","0","0","false","","0","","false"
"resources/views/components/label.blade.php","components","false","6","","0","0","0","0","0","0","false","","0","","false"
"resources/views/components/modal.blade.php","components","false","48","","0","0","0","0","0","1","false","","0","","false"
"resources/views/components/nav-link.blade.php","components","false","12","","0","0","0","0","0","0","false","","0","","false"
"resources/views/components/responsive-nav-link.blade.php","components","false","12","","0","0","0","0","0","0","false","","0","","false"
"resources/views/components/secondary-button.blade.php","components","false","4","","0","0","0","0","0","0","false","","0","","false"
"resources/views/components/section-border.blade.php","components","false","5","","0","0","0","0","0","0","false","","0","","false"
"resources/views/components/section-title.blade.php","components","false","9","","0","0","0","0","0","0","true","","0","","false"
"resources/views/components/switchable-team.blade.php","components","false","24","","0","0","0","0","0","0","false","","0","","false"
"resources/views/components/validation-errors.blade.php","components","false","14","","0","0","0","0","0","0","false","","0","","false"
"resources/views/components/welcome.blade.php","components","false","97","","0","0","0","0","0","0","false","","0","","false"
"resources/views/content/authentications/auth-login-basic.blade.php","content","false","123","layouts/layoutMaster","0","0","0","1","0","0","false","","1","app/Http/Controllers/authentications/LoginBasic.php","false"
"resources/views/content/authentications/auth-register-basic.blade.php","content","false","110","layouts/layoutMaster","0","0","0","1","0","0","false","","1","app/Http/Controllers/authentications/RegisterBasic.php","false"
"resources/views/content/pages/pages-home.blade.php","content","false","36","layouts/layoutMaster","0","0","0","0","0","0","true","","1","app/Http/Controllers/pages/HomePage.php","false"
"resources/views/content/pages/pages-misc-error.blade.php","content","false","32","layouts/layoutMaster","0","0","0","0","0","0","false","","1","app/Http/Controllers/pages/MiscError.php","false"
"resources/views/content/pages/pages-page2.blade.php","content","false","12","layouts/layoutMaster","0","0","0","0","0","0","false","","1","app/Http/Controllers/pages/Page2.php","false"
"resources/views/draw/feedin.blade.php","draw","false","13","layouts.layoutMaster","0","0","0","0","0","0","false","","1","app/Http/Controllers/Backend/ManageDrawController.php","false"
"resources/views/draw/partials/bracket-assets.blade.php","draw","false","5","","0","0","0","0","0","0","false","","3","resources/views/backend/draw/flexible-monrad.blade.php;resources/views/frontend/draw/print.blade.php;resources/views/layouts/commonMaster.blade.php","false"
"resources/views/draw/partials/bracket-svg-style.blade.php","draw","false","3","","1","0","0","0","0","0","false","","6","resources/views/backend/draw/roundrobin/draw-svg.blade.php;resources/views/backend/draw/roundrobin/dynamic-bracket-svg.blade.php;resources/views/backend/draw/roundrobin/full-bracket.blade.php;resources/views/backend/draw/roundrobin/main-bracket.blade.php;resources/views/backend/draw/roundrobin/plate-bracket.blade.php;resources/views/frontend/draw/print.blade.php","false"
"resources/views/emails/admin/followup.blade.php","emails","false","5","","0","0","0","0","0","0","false","","1","app/Mail/AdminFollowup.php","false"
"resources/views/emails/category-moved.blade.php","emails","false","19","","0","0","0","0","0","0","false","","1","app/Mail/CategoryMovedMail.php","false"
"resources/views/emails/create_announcement.blade.php","emails","false","11","","0","0","0","0","0","0","false","","1","app/Mail/AnnouncementMail.php","false"
"resources/views/emails/disciplinary/suspension-alert.blade.php","emails","false","26","","0","0","0","0","0","0","false","","1","app/Mail/SuspensionAlertMail.php","false"
"resources/views/emails/disciplinary/violation-notification.blade.php","emails","false","34","","0","0","0","0","0","0","false","","1","app/Mail/ViolationNotificationMail.php","false"
"resources/views/emails/masters/admin-update.blade.php","emails","false","11","","0","0","0","0","0","0","false","","1","app/Mail/MastersAdminUpdateMail.php","false"
"resources/views/emails/masters/invitation.blade.php","emails","false","16","","0","23","0","21","0","0","false","","2","app/Http/Controllers/Backend/MastersInvitationController.php;app/Mail/MastersInvitationMail.php","false"
"resources/views/emails/payment-failure-alert.blade.php","emails","false","8","","0","1","0","0","1","0","false","","1","app/Mail/PaymentFailureAlertMail.php","false"
"resources/views/emails/player-notification.blade.php","emails","false","8","","0","0","0","0","0","0","false","","3","app/Mail/CategoryMovedMail.php;app/Mail/RegistrationConfirmationMail.php;app/Mail/WithdrawalPlayerMail.php","false"
"resources/views/emails/refund/bank-confirmation.blade.php","emails","false","38","","0","0","0","0","0","0","false","","1","app/Mail/BankRefundConfirmationMail.php","false"
"resources/views/emails/refund/bank-details-request.blade.php","emails","false","40","","0","0","0","0","0","0","false","","1","app/Mail/BankDetailsRequestMail.php","false"
"resources/views/emails/refund/bank-reminder.blade.php","emails","false","36","","0","0","0","0","0","0","false","","1","app/Mail/BankRefundReminderMail.php","false"
"resources/views/emails/refund/payfast-confirmation.blade.php","emails","false","38","","0","0","0","0","0","0","false","","1","app/Mail/PayFastRefundConfirmationMail.php","false"
"resources/views/emails/refund/wallet-confirmation.blade.php","emails","false","38","","0","0","0","0","0","0","false","","1","app/Mail/WalletRefundConfirmationMail.php","false"
"resources/views/emails/registration/admin-created.blade.php","emails","false","17","","0","0","0","0","0","0","false","","1","app/Mail/AdminEntryCreatedMail.php","false"
"resources/views/emails/registration/confirmation.blade.php","emails","false","45","","0","0","0","0","0","0","false","","1","app/Mail/RegistrationConfirmationMail.php","false"
"resources/views/emails/team/action.blade.php","emails","false","44","","0","0","0","0","0","0","false","","1","app/Mail/TeamActionMail.php","false"
"resources/views/emails/team-invitation.blade.php","emails","false","25","","0","0","0","0","0","0","false","","0","","false"
"resources/views/emails/test.blade.php","emails","false","9","","0","0","0","0","0","0","false","","1","app/Mail/SendEmailTest.php","false"
"resources/views/emails/welcome.blade.php","emails","false","2","","0","0","0","0","0","0","false","","1","app/Mail/Welcome.php","false"
"resources/views/emails/withdrawal/admin.blade.php","emails","false","70","","0","0","0","0","0","0","false","","1","app/Mail/WithdrawalAdminMail.php","false"
"resources/views/emails/withdrawal/daily-summary.blade.php","emails","false","24","","0","0","0","0","0","0","false","","1","app/Mail/DailyWithdrawalSummaryMail.php","false"
"resources/views/emails/withdrawal/player.blade.php","emails","false","66","","0","0","0","0","0","0","false","","1","app/Mail/WithdrawalPlayerMail.php","false"
"resources/views/emails/withdrawal/reinstated.blade.php","emails","false","32","","0","0","0","0","0","0","false","","1","app/Mail/RegistrationReinstatedMail.php","false"
"resources/views/emails/_capez-header.blade.php","emails","false","8","","0","2","0","0","0","0","false","","19","resources/views/emails/category-moved.blade.php;resources/views/emails/create_announcement.blade.php;resources/views/emails/disciplinary/suspension-alert.blade.php;resources/views/emails/disciplinary/violation-notification.blade.php;resources/views/emails/player-notification.blade.php;resources/views/emails/refund/bank-confirmation.blade.php;resources/views/emails/refund/bank-details-request.blade.php;resources/views/emails/refund/bank-reminder.blade.php;resources/views/emails/refund/payfast-confirmation.blade.php;resources/views/emails/refund/wallet-confirmation.blade.php;resources/views/emails/registration/confirmation.blade.php;resources/views/emails/team/action.blade.php;resources/views/emails/team-invitation.blade.php;resources/views/emails/withdrawal/admin.blade.php;resources/views/emails/withdrawal/daily-summary.blade.php;resources/views/emails/withdrawal/player.blade.php;resources/views/emails/withdrawal/reinstated.blade.php;resources/views/vendor/authentication-log/emails/failed.blade.php;resources/views/vendor/authentication-log/emails/new.blade.php","false"
"resources/views/errors/503.blade.php","errors","false","92","layouts/blankLayout","1","0","0","8","0","0","true","","0","","false"
"resources/views/frontend/agreements/show.blade.php","frontend","false","285","layouts/layoutMaster","0","8","0","1","1","0","true","select2","1","app/Http/Controllers/Frontend/AgreementController.php","false"
"resources/views/frontend/clothing/cart-clothing.blade.php","frontend","false","125","layouts/layoutMaster","0","0","0","0","1","0","true","","1","app/Http/Controllers/Backend/ClothingOrderController.php","false"
"resources/views/frontend/clothing/partials/items.blade.php","frontend","false","54","","0","0","0","0","0","0","true","","1","app/Http/Controllers/Backend/RegionController.php","false"
"resources/views/frontend/disciplinary/index.blade.php","frontend","false","6","layouts/layoutMaster","0","0","0","0","0","0","false","","1","app/Http/Controllers/Frontend/PlayerDisciplinaryCaseController.php","false"
"resources/views/frontend/disciplinary/show.blade.php","frontend","false","11","layouts/layoutMaster","0","2","0","0","0","0","false","","1","app/Http/Controllers/Frontend/PlayerDisciplinaryCaseController.php","false"
"resources/views/frontend/draw/fixtures/showFixtures.blade.php","frontend","false","111","layouts/layoutMaster","0","0","0","0","0","1","false","","1","app/Http/Controllers/Frontend/FrontFixtureController.php","false"
"resources/views/frontend/draw/print.blade.php","frontend","false","102","","1","0","1","5","0","0","true","","2","app/Http/Controllers/Backend/DrawController.php;resources/views/frontend/draw/show.blade.php","false"
"resources/views/frontend/draw/show.blade.php","frontend","false","60","layouts/layoutMaster","0","0","0","0","0","0","false","","2","app/Http/Controllers/Backend/DrawController.php;app/Http/Controllers/Frontend/EventController.php","false"
"resources/views/frontend/event/cancel.blade.php","frontend","false","54","layouts/layoutMaster","0","0","0","0","0","0","false","select2","1","app/Http/Controllers/Frontend/EventController.php","false"
"resources/views/frontend/event/checkout.blade.php","frontend","false","542","layouts/layoutMaster","1","1","17","1","0","0","true","select2;flatpickr;toastr","1","app/Http/Controllers/Frontend/RegisterController.php","true"
"resources/views/frontend/event/confirmation.blade.php","frontend","false","61","layouts/layoutMaster","0","0","0","0","0","0","true","select2","1","app/Http/Controllers/Frontend/EventController.php","false"
"resources/views/frontend/event/eventTypes/cavaliers_trials.blade.php","frontend","false","349","","0","0","0","0","0","0","true","","0","","false"
"resources/views/frontend/event/eventTypes/default.blade.php","frontend","false","1","","0","0","0","0","0","0","false","","0","","false"
"resources/views/frontend/event/eventTypes/individual.blade.php","frontend","false","609","","0","2","0","0","0","3","true","select2;toastr;swal","0","","false"
"resources/views/frontend/event/eventTypes/interpro.blade.php","frontend","false","299","","1","0","0","3","0","0","true","swal","0","","false"
"resources/views/frontend/event/eventTypes/masters.blade.php","frontend","false","49","","1","0","0","6","0","0","true","swal","1","resources/views/frontend/event/partials/_type-content.blade.php","false"
"resources/views/frontend/event/eventTypes/overbergTrials.blade.php","frontend","false","1","","0","0","0","0","0","0","false","","0","","false"
"resources/views/frontend/event/eventTypes/parentChildDoubles.blade.php","frontend","false","296","","0","0","0","0","0","0","true","","0","","false"
"resources/views/frontend/event/eventTypes/team.blade.php","frontend","false","226","","1","0","0","3","0","0","true","","0","","false"
"resources/views/frontend/event/partials/entry-fees.blade.php","frontend","false","37","","0","0","0","0","0","0","false","","2","resources/views/frontend/event/eventTypes/masters.blade.php;resources/views/frontend/event/partials/event-about.blade.php","false"
"resources/views/frontend/event/partials/event-about.blade.php","frontend","false","80","","0","0","0","0","0","0","true","","1","resources/views/frontend/event/eventTypes/individual.blade.php","false"
"resources/views/frontend/event/partials/individual-draw.blade.php","frontend","false","105","","0","0","0","0","0","0","true","","0","","false"
"resources/views/frontend/event/partials/interpro-admin-drawlist.blade.php","frontend","false","81","","0","0","0","0","0","0","true","","2","resources/views/frontend/event/partials/interpro-draws-desktop.blade.php;resources/views/frontend/event/partials/interpro-draws-mobile.blade.php","false"
"resources/views/frontend/event/partials/interpro-draws-desktop.blade.php","frontend","false","116","","0","0","0","0","0","0","true","","1","resources/views/frontend/event/eventTypes/interpro.blade.php","false"
"resources/views/frontend/event/partials/interpro-draws-mobile.blade.php","frontend","false","100","","0","0","0","0","0","0","false","","1","resources/views/frontend/event/eventTypes/interpro.blade.php","false"
"resources/views/frontend/event/partials/no-profile-team.blade.php","frontend","false","89","","0","1","0","0","0","0","true","","2","resources/views/frontend/event/eventTypes/interpro.blade.php;resources/views/frontend/event/eventTypes/team.blade.php","false"
"resources/views/frontend/event/partials/profile-team.blade.php","frontend","false","138","","0","1","0","0","0","0","true","","2","resources/views/frontend/event/eventTypes/interpro.blade.php;resources/views/frontend/event/eventTypes/team.blade.php","false"
"resources/views/frontend/event/partials/_clothing_order_form.blade.php","frontend","false","1","","0","0","0","0","0","0","false","","0","","false"
"resources/views/frontend/event/partials/_clothing_order_modal.blade.php","frontend","false","91","","1","0","0","0","0","1","true","","1","resources/views/frontend/event/eventTypes/team.blade.php","false"
"resources/views/frontend/event/partials/_draws_and_order_of_play.blade.php","frontend","false","129","","0","0","0","0","0","0","true","","1","resources/views/frontend/event/eventTypes/team.blade.php","false"
"resources/views/frontend/event/partials/_my_clothing_orders.blade.php","frontend","false","110","","0","0","0","0","1","0","true","","1","resources/views/frontend/event/eventTypes/interpro.blade.php","false"
"resources/views/frontend/event/partials/_type-content.blade.php","frontend","false","16","","0","0","0","0","0","0","false","","2","resources/views/frontend/event/show.blade.php;resources/views/frontend/fixture/show.blade.php","false"
"resources/views/frontend/event/registration_success.blade.php","frontend","false","10","layouts/layoutMaster","0","0","0","0","0","0","false","","1","app/Http/Controllers/Frontend/RegisterController.php","false"
"resources/views/frontend/event/results/show.blade.php","frontend","false","51","layouts/layoutMaster","0","0","0","0","0","0","true","","1","app/Http/Controllers/Frontend/EventController.php","false"
"resources/views/frontend/event/results/show_results.blade.php","frontend","false","351","layouts/layoutMaster","0","0","0","0","0","0","true","datatable","1","app/Http/Controllers/Backend/ResultController.php","false"
"resources/views/frontend/event/show.blade.php","frontend","false","648","layouts/layoutMaster","1","0","1","3","0","1","true","datatable;select2;swal","1","app/Http/Controllers/Frontend/EventController.php","false"
"resources/views/frontend/event/testcheckout.blade.php","frontend","false","117","layouts/layoutMaster","0","0","0","0","0","0","true","select2;flatpickr","0","","false"
"resources/views/frontend/event/unavailable.blade.php","frontend","false","38","layouts/layoutMaster","0","1","0","1","0","0","false","","1","app/Http/Controllers/Frontend/EventController.php","false"
"resources/views/frontend/fixture/byVenue.blade.php","frontend","false","324","layouts/layoutMaster","1","2","9","3","2","1","true","toastr","1","app/Http/Controllers/Backend/TeamFixtureController.php","false"
"resources/views/frontend/fixture/draw-fixtures-show-team.blade.php","frontend","false","52","layouts/layoutMaster","0","0","0","0","0","0","false","datatable;select2;toastr","1","app/Http/Controllers/Frontend/FrontFixtureController.php","false"
"resources/views/frontend/fixture/draw-fixtures-show.blade.php","frontend","false","52","layouts/layoutMaster","0","0","0","0","0","0","false","datatable;select2;toastr","1","app/Http/Controllers/Frontend/FrontFixtureController.php","false"
"resources/views/frontend/fixture/fixture-table-no-profile.blade.php","frontend","false","211","","0","7","0","0","1","0","true","","1","resources/views/frontend/fixture/draw-fixtures-show.blade.php","false"
"resources/views/frontend/fixture/fixture-table.blade.php","frontend","false","252","layouts/layoutMaster","1","8","6","3","1","0","true","toastr","1","resources/views/frontend/fixture/draw-fixtures-show-team.blade.php","true"
"resources/views/frontend/fixture/orderOfPlay.blade.php","frontend","false","243","layouts/layoutMaster","1","5","17","7","1","0","true","","0","","false"
"resources/views/frontend/fixture/partials/result-col.blade.php","frontend","false","10","","0","0","0","0","0","0","false","","1","app/Http/Controllers/Frontend/FrontFixtureController.php","false"
"resources/views/frontend/fixture/show.blade.php","frontend","false","544","layouts/layoutMaster","0","0","0","0","0","0","true","datatable;select2;swal","0","","false"
"resources/views/frontend/fixtures/enter-score-rr.blade.php","frontend","false","271","layouts/layoutMaster","1","0","4","2","1","1","true","toastr","1","app/Http/Controllers/Frontend/TeamFixtureFrontendController.php","false"
"resources/views/frontend/fixtures/enter-score.blade.php","frontend","false","193","layouts/layoutMaster","1","1","3","0","2","1","true","","1","app/Http/Controllers/Frontend/TeamFixtureFrontendController.php","false"
"resources/views/frontend/fixtures/partials/actions.blade.php","frontend","false","24","","0","0","0","0","0","0","false","","2","app/Http/Controllers/Frontend/TeamFixtureFrontendController.php;resources/views/frontend/fixtures/enter-score.blade.php","false"
"resources/views/frontend/fixtures/partials/result.blade.php","frontend","false","6","","0","0","0","0","0","0","false","","1","app/Http/Controllers/Frontend/TeamFixtureFrontendController.php","false"
"resources/views/frontend/fixtures/team-fixtures.blade.php","frontend","false","170","layouts/layoutMaster","1","5","6","0","1","0","true","","1","app/Http/Controllers/Frontend/TeamFixtureFrontendController.php","false"
"resources/views/frontend/fixtures/venue-fixtures.blade.php","frontend","false","156","layouts/layoutMaster;layouts/layoutMaster","1","2","2","0","2","0","true","","1","app/Http/Controllers/Frontend/TeamFixtureFrontendController.php","false"
"resources/views/frontend/home.blade.php","frontend","false","279","layouts/layoutMaster","1","0","5","27","0","0","true","","1","app/Http/Controllers/Frontend/HomeController.php","false"
"resources/views/frontend/league/league-index.blade.php","frontend","false","60","layouts/layoutMaster","0","0","0","0","1","0","true","","1","app/Http/Controllers/Backend/LeagueController.php","false"
"resources/views/frontend/masters/index.blade.php","frontend","false","30","layouts/contentNavbarLayout","0","0","0","0","0","0","false","","1","app/Http/Controllers/Frontend/MastersInvitationController.php","false"
"resources/views/frontend/masters/show.blade.php","frontend","false","16","layouts/contentNavbarLayout","0","0","0","0","0","0","false","","1","app/Http/Controllers/Frontend/MastersInvitationController.php","false"
"resources/views/frontend/my-tennis/index.blade.php","frontend","false","328","layouts/contentNavbarLayout","1","0","0","0","1","0","true","select2","1","app/Http/Controllers/Frontend/MyTennisController.php","false"
"resources/views/frontend/payfast/check_out.blade.php","frontend","false","481","layouts/layoutMaster","1","0","9","3","0","0","true","","3","app/Http/Controllers/Backend/TeamController.php;app/Http/Controllers/Frontend/RegisterController.php;app/Http/Controllers/Frontend/RegistrationPaymentController.php","false"
"resources/views/frontend/payfast/pay_now.blade.php","frontend","false","128","","0","1","0","1","0","0","false","","3","app/Http/Controllers/Backend/TeamController.php;app/Http/Controllers/Frontend/RegisterController.php;app/Http/Controllers/Frontend/RegistrationPaymentController.php","false"
"resources/views/frontend/payfast/team_payment.blade.php","frontend","false","157","layouts/layoutMaster","0","0","0","0","0","0","true","","1","app/Http/Controllers/Backend/TeamController.php","false"
"resources/views/frontend/payments/payfast-redirect.blade.php","frontend","false","40","","0","0","0","0","0","0","false","","0","","false"
"resources/views/frontend/photo/photo-details.blade.php","frontend","false","49","layouts/layoutMaster","0","0","0","0","0","0","false","","1","app/Http/Controllers/Frontend/PhotoController.php","false"
"resources/views/frontend/photo/photo-folders.blade.php","frontend","false","73","layouts/layoutMaster","0","1","0","0","1","0","true","","1","app/Http/Controllers/Frontend/PhotoController.php","false"
"resources/views/frontend/photo/photo-show.blade.php","frontend","false","59","layouts/layoutMaster","0","0","0","0","0","0","true","","1","app/Http/Controllers/Frontend/PhotoController.php","false"
"resources/views/frontend/photo/_includes/buy-photo-modal.blade.php","frontend","false","54","","0","0","0","0","0","0","true","","1","resources/views/frontend/photo/photo-details.blade.php","false"
"resources/views/frontend/photo/_includes/cart.blade.php","frontend","false","24","","0","0","0","0","1","0","true","","1","resources/views/frontend/photo/_includes/buy-photo-modal.blade.php","false"
"resources/views/frontend/player/create-player.blade.php","frontend","false","151","layouts/layoutMaster","0","1","0","0","0","0","false","select2","1","app/Http/Controllers/Backend/PlayerController.php","false"
"resources/views/frontend/player/create-profile.blade.php","frontend","false","138","layouts/layoutMaster","0","0","0","0","0","0","true","flatpickr","1","app/Http/Controllers/Frontend/PlayerProfileController.php","false"
"resources/views/frontend/player/player_profile.blade.php","frontend","false","136","layouts/layoutMaster","0","0","0","0","0","0","true","select2;apexchart","1","app/Http/Controllers/Frontend/PlayerController.php","false"
"resources/views/frontend/player/profile-update.blade.php","frontend","false","485","layouts/layoutMaster","0","1","0","0","0","1","true","flatpickr;select2","1","app/Http/Controllers/Frontend/PlayerProfileController.php","false"
"resources/views/frontend/player/profiles-pending.blade.php","frontend","false","413","layouts/layoutMaster","0","6","0","0","0","0","true","flatpickr","1","app/Http/Controllers/Frontend/PlayerProfileController.php","false"
"resources/views/frontend/ranking/index.blade.php","frontend","false","204","layouts/layoutMaster","1","0","1","14","0","0","true","","1","app/Http/Controllers/Backend/RankingController.php","false"
"resources/views/frontend/ranking/player_detail.blade.php","frontend","false","136","layouts/layoutMaster","1","0","0","6","1","0","true","","1","app/Http/Controllers/Backend/RankingController.php","false"
"resources/views/frontend/ranking/show_ranking.blade.php","frontend","false","229","layouts/layoutMaster","1","0","4","14","1","0","true","","1","app/Http/Controllers/Backend/RankingController.php","false"
"resources/views/frontend/refund/bank-details-submitted.blade.php","frontend","false","42","layouts/layoutMaster","0","2","0","0","0","0","true","","1","app/Http/Controllers/Frontend/BankDetailsController.php","false"
"resources/views/frontend/refund/bank-details.blade.php","frontend","false","122","layouts/layoutMaster","0","0","0","0","0","0","true","","1","app/Http/Controllers/Frontend/BankDetailsController.php","false"
"resources/views/frontend/registrations/choose-refund.blade.php","frontend","false","209","layouts/layoutMaster","0","2","0","0","0","1","false","","1","app/Http/Controllers/Frontend/RegistrationRefundController.php","false"
"resources/views/frontend/registrations/refund-status.blade.php","frontend","false","100","layouts/layoutMaster","0","1","0","0","1","0","false","","1","app/Http/Controllers/Frontend/RegistrationRefundController.php","false"
"resources/views/frontend/roundrobin/show.blade.php","frontend","false","607","layouts/contentNavbarLayout","1","4","36","12","1","1","true","toastr;sortable;swal","1","app/Http/Controllers/Frontend/PublicRoundRobinController.php","false"
"resources/views/frontend/team/choose-refund.blade.php","frontend","false","200","layouts/layoutMaster","0","2","0","0","0","1","false","","1","app/Http/Controllers/Frontend/TeamPlayerWithdrawController.php","false"
"resources/views/frontend/team/noProfile.blade.php","frontend","false","37","","0","0","0","0","0","0","true","","0","","false"
"resources/views/frontend/team/profileTeam.blade.php","frontend","false","1","","0","0","0","0","0","0","false","","0","","false"
"resources/views/import.blade.php","import.blade.php","false","28","","0","0","0","0","0","0","false","","0","","false"
"resources/views/layouts/blankLayout.blade.php","layouts","false","21","layouts/commonMaster","0","0","0","0","0","0","false","","11","resources/views/auth/confirm-password.blade.php;resources/views/auth/forgot-password.blade.php;resources/views/auth/login.blade.php;resources/views/auth/register.blade.php;resources/views/auth/reset-password.blade.php;resources/views/auth/two-factor-challenge.blade.php;resources/views/auth/verify-email.blade.php;resources/views/errors/503.blade.php;resources/views/layouts/layoutMaster.blade.php;resources/views/policy.blade.php;resources/views/terms.blade.php","false"
"resources/views/layouts/commonMaster.blade.php","layouts","false","143","","1","0","2","1","0","0","true","","3","resources/views/layouts/blankLayout.blade.php;resources/views/layouts/contentNavbarLayout.blade.php;resources/views/layouts/horizontalLayout.blade.php","false"
"resources/views/layouts/contentNavbarLayout.blade.php","layouts","false","92","layouts/commonMaster","0","0","0","0","0","0","false","","16","resources/views/backend/draw/flexible-workspace.blade.php;resources/views/backend/draw/individual/interproDraw.blade.php;resources/views/backend/draw/individual/interproDrawConvenor.blade.php;resources/views/backend/draw/roundrobin/admin-scores.blade.php;resources/views/backend/draw/roundrobin/show.blade.php;resources/views/backend/draw/setup-category.blade.php;resources/views/backend/draw/setup.blade.php;resources/views/backend/masters/review.blade.php;resources/views/backend/masters/show.blade.php;resources/views/backend/schedule/cavaliers-trials-schedule.blade.php;resources/views/backend/schedule/individual-schedule.blade.php;resources/views/frontend/masters/index.blade.php;resources/views/frontend/masters/show.blade.php;resources/views/frontend/my-tennis/index.blade.php;resources/views/frontend/roundrobin/show.blade.php;resources/views/layouts/layoutMaster.blade.php","false"
"resources/views/layouts/horizontalLayout.blade.php","layouts","false","142","layouts/commonMaster","0","0","0","0","0","0","false","","1","resources/views/layouts/layoutMaster.blade.php","false"
"resources/views/layouts/layoutMaster.blade.php","layouts","false","13","","0","0","0","0","0","0","false","","177","resources/views/admin/refunds/bank-index.blade.php;resources/views/admin/refunds/bank-show.blade.php;resources/views/api/index.blade.php;resources/views/backend/adminPage/show.blade.php;resources/views/backend/adminPage/show2.blade.php;resources/views/backend/agreements/create.blade.php;resources/views/backend/agreements/edit.blade.php;resources/views/backend/agreements/index.blade.php;resources/views/backend/agreements/show.blade.php;resources/views/backend/categoryEvent/manage.blade.php;resources/views/backend/clothing/clothing-index.blade.php;resources/views/backend/clothing/region-items.blade.php;resources/views/backend/convenor/index-convenor.blade.php;resources/views/backend/dashboard.blade.php;resources/views/backend/disciplinary/cases/create.blade.php;resources/views/backend/disciplinary/cases/index.blade.php;resources/views/backend/disciplinary/cases/show.blade.php;resources/views/backend/disciplinary/create.blade.php;resources/views/backend/disciplinary/edit.blade.php;resources/views/backend/disciplinary/index.blade.php;resources/views/backend/disciplinary/player.blade.php;resources/views/backend/disciplinary/settings.blade.php;resources/views/backend/draw/formats/monrad.blade.php;resources/views/backend/draw/individual/cavaliersTrials.blade.php;resources/views/backend/draw/individual/draw-index-individual.blade.php;resources/views/backend/draw/individual/draw-show-individual.blade.php;resources/views/backend/draw/individual/simple-draw-layout.blade.php;resources/views/backend/draw/manage-players.blade.php;resources/views/backend/draw/manage.blade.php;resources/views/backend/draw/show.blade.php;resources/views/backend/draw/show2.blade.php;resources/views/backend/draw/team/draw-index-team.blade.php;resources/views/backend/draw/team/draw-show-team.blade.php;resources/views/backend/engine/debug.blade.php;resources/views/backend/engine/draw-mode.blade.php;resources/views/backend/event/admin-refund.blade.php;resources/views/backend/event/announcements.blade.php;resources/views/backend/event/categories.blade.php;resources/views/backend/event/create.blade.php;resources/views/backend/event/edit.blade.php;resources/views/backend/event/finances.blade.php;resources/views/backend/event/fixtures.blade.php;resources/views/backend/event/individual/entries.blade.php;resources/views/backend/event/individual/fixtures/hq.blade.php;resources/views/backend/event/masters/overview.blade.php;resources/views/backend/event/masters/setup.blade.php;resources/views/backend/event/overview.blade.php;resources/views/backend/event/results/individual.blade.php;resources/views/backend/event/settings.blade.php;resources/views/backend/event/transactions.blade.php;resources/views/backend/eventAdmin/main.blade.php;resources/views/backend/fixture/fixtures-venue.blade.php;resources/views/backend/goal/create-career-goal.blade.php;resources/views/backend/goal/create-general-goal.blade.php;resources/views/backend/headOffice/cavaliers-trials-show.blade.php;resources/views/backend/headOffice/individual-event-show.blade.php;resources/views/backend/headOffice/interpro-event-show.blade.php;resources/views/backend/headOffice/team-event-show.blade.php;resources/views/backend/headOffice/venue-fixtures.blade.php;resources/views/backend/import/noProfileImport.blade.php;resources/views/backend/league/league-index.blade.php;resources/views/backend/payments/orderitems.blade.php;resources/views/backend/photo/eventPhotos.blade.php;resources/views/backend/photo/index.blade.php;resources/views/backend/photo/show.blade.php;resources/views/backend/photo/upload.blade.php;resources/views/backend/platform/health.blade.php;resources/views/backend/player/edit-player.blade.php;resources/views/backend/player/index.blade.php;resources/views/backend/player/player_details.blade.php;resources/views/backend/player/player_profile.blade.php;resources/views/backend/player/player_results.blade.php;resources/views/backend/ranking/admin.blade.php;resources/views/backend/ranking/details.blade.php;resources/views/backend/ranking/points.blade.php;resources/views/backend/ranking/ranking-index.blade.php;resources/views/backend/ranking/results.blade.php;resources/views/backend/ranking/series/audit.blade.php;resources/views/backend/ranking/series/list.blade.php;resources/views/backend/ranking/settings-ranking.blade.php;resources/views/backend/ranking/show_ranking.blade.php;resources/views/backend/refunds/bank-show.blade.php;resources/views/backend/refunds/bank.blade.php;resources/views/backend/schedule/create-schedule.blade.php;resources/views/backend/scoreboard/show-scoreboard.blade.php;resources/views/backend/scoreboard/teamScoreboard.blade.php;resources/views/backend/series/create.blade.php;resources/views/backend/series/events.blade.php;resources/views/backend/series/index.blade.php;resources/views/backend/series/rankings/index.blade.php;resources/views/backend/series/rankings/rankings.blade.php;resources/views/backend/series/rankings/results.blade.php;resources/views/backend/series/series-create.blade.php;resources/views/backend/series/series-home.blade.php;resources/views/backend/series/series-index.blade.php;resources/views/backend/series/series-settings.blade.php;resources/views/backend/series/show.blade.php;resources/views/backend/settings/settings-index.blade.php;resources/views/backend/superadmin/api-integrations.blade.php;resources/views/backend/superadmin/audit/index.blade.php;resources/views/backend/superadmin/audit/show.blade.php;resources/views/backend/superadmin/event-finances.blade.php;resources/views/backend/superadmin/finances.blade.php;resources/views/backend/superadmin/index.blade.php;resources/views/backend/superadmin/orphaned-registrations.blade.php;resources/views/backend/superadmin/player-duplicate-bulk-review.blade.php;resources/views/backend/superadmin/player-duplicate-review.blade.php;resources/views/backend/superadmin/player-duplicates.blade.php;resources/views/backend/system/check.blade.php;resources/views/backend/team-fixtures/admin.blade.php;resources/views/backend/team-fixtures/create.blade.php;resources/views/backend/team-fixtures/edit.blade.php;resources/views/backend/team-fixtures/index.blade.php;resources/views/backend/team-fixtures/replace-player.blade.php;resources/views/backend/team-fixtures/show.blade.php;resources/views/backend/team-schedule/all.blade.php;resources/views/backend/team-schedule/schedule.blade.php;resources/views/backend/teamSelection/selection-index.blade.php;resources/views/backend/user/index.blade.php;resources/views/backend/user/show.blade.php;resources/views/backend/venue/venue-show.blade.php;resources/views/backend/wallet/wallet-index.blade.php;resources/views/backend/wallet/wallet-show.blade.php;resources/views/content/authentications/auth-login-basic.blade.php;resources/views/content/authentications/auth-register-basic.blade.php;resources/views/content/pages/pages-home.blade.php;resources/views/content/pages/pages-misc-error.blade.php;resources/views/content/pages/pages-page2.blade.php;resources/views/draw/feedin.blade.php;resources/views/frontend/agreements/show.blade.php;resources/views/frontend/clothing/cart-clothing.blade.php;resources/views/frontend/disciplinary/index.blade.php;resources/views/frontend/disciplinary/show.blade.php;resources/views/frontend/draw/fixtures/showFixtures.blade.php;resources/views/frontend/draw/show.blade.php;resources/views/frontend/event/cancel.blade.php;resources/views/frontend/event/checkout.blade.php;resources/views/frontend/event/confirmation.blade.php;resources/views/frontend/event/registration_success.blade.php;resources/views/frontend/event/results/show.blade.php;resources/views/frontend/event/results/show_results.blade.php;resources/views/frontend/event/show.blade.php;resources/views/frontend/event/testcheckout.blade.php;resources/views/frontend/event/unavailable.blade.php;resources/views/frontend/fixture/byVenue.blade.php;resources/views/frontend/fixture/draw-fixtures-show-team.blade.php;resources/views/frontend/fixture/draw-fixtures-show.blade.php;resources/views/frontend/fixture/fixture-table.blade.php;resources/views/frontend/fixture/orderOfPlay.blade.php;resources/views/frontend/fixture/show.blade.php;resources/views/frontend/fixtures/enter-score-rr.blade.php;resources/views/frontend/fixtures/enter-score.blade.php;resources/views/frontend/fixtures/team-fixtures.blade.php;resources/views/frontend/fixtures/venue-fixtures.blade.php;resources/views/frontend/home.blade.php;resources/views/frontend/league/league-index.blade.php;resources/views/frontend/payfast/check_out.blade.php;resources/views/frontend/payfast/team_payment.blade.php;resources/views/frontend/photo/photo-details.blade.php;resources/views/frontend/photo/photo-folders.blade.php;resources/views/frontend/photo/photo-show.blade.php;resources/views/frontend/player/create-player.blade.php;resources/views/frontend/player/create-profile.blade.php;resources/views/frontend/player/player_profile.blade.php;resources/views/frontend/player/profile-update.blade.php;resources/views/frontend/player/profiles-pending.blade.php;resources/views/frontend/ranking/index.blade.php;resources/views/frontend/ranking/player_detail.blade.php;resources/views/frontend/ranking/show_ranking.blade.php;resources/views/frontend/refund/bank-details-submitted.blade.php;resources/views/frontend/refund/bank-details.blade.php;resources/views/frontend/registrations/choose-refund.blade.php;resources/views/frontend/registrations/refund-status.blade.php;resources/views/frontend/team/choose-refund.blade.php;resources/views/orders/hoodie-form.blade.php;resources/views/orders/paid_orders.blade.php;resources/views/profile/show.blade.php","false"
"resources/views/layouts/sections/audit-interactions.blade.php","layouts","false","95","","0","0","0","0","0","0","false","","1","resources/views/layouts/commonMaster.blade.php","false"
"resources/views/layouts/sections/footer/footer.blade.php","layouts","false","21","","0","0","0","0","0","0","false","","2","resources/views/layouts/contentNavbarLayout.blade.php;resources/views/layouts/horizontalLayout.blade.php","false"
"resources/views/layouts/sections/menu/horizontalMenu.blade.php","layouts","false","90","","1","0","0","0","0","0","true","","1","resources/views/layouts/horizontalLayout.blade.php","false"
"resources/views/layouts/sections/menu/submenu.blade.php","layouts","false","46","","0","0","0","0","0","0","false","","3","resources/views/backend/adminPage/admin_show/navbar/navbar.blade.php;resources/views/layouts/sections/menu/horizontalMenu.blade.php;resources/views/layouts/sections/menu/verticalMenu.blade.php","false"
"resources/views/layouts/sections/menu/verticalMenu.blade.php","layouts","false","110","","0","0","0","0","0","0","false","","1","resources/views/layouts/contentNavbarLayout.blade.php","false"
"resources/views/layouts/sections/navbar/navbar.blade.php","layouts","false","357","","1","1","6","6","0","0","true","","2","resources/views/layouts/contentNavbarLayout.blade.php;resources/views/layouts/horizontalLayout.blade.php","false"
"resources/views/layouts/sections/pwa-install.blade.php","layouts","false","93","","1","0","0","4","0","1","true","","1","resources/views/layouts/commonMaster.blade.php","false"
"resources/views/layouts/sections/scripts.blade.php","layouts","false","63","","0","0","0","0","0","0","false","toastr","1","resources/views/layouts/commonMaster.blade.php","false"
"resources/views/layouts/sections/scriptsIncludes.blade.php","layouts","false","42","","0","0","0","0","0","0","false","","1","resources/views/layouts/commonMaster.blade.php","false"
"resources/views/layouts/sections/styles.blade.php","layouts","false","63","","1","0","0","0","0","0","false","datatable;toastr","1","resources/views/layouts/commonMaster.blade.php","false"
"resources/views/multiend/player_profile.blade.php","multiend","false","924","","0","0","0","0","5","4","true","select2","2","resources/views/backend/player/player_profile.blade.php;resources/views/frontend/player/player_profile.blade.php","false"
"resources/views/multiend/player_profile_styles.blade.php","multiend","false","189","","1","0","0","1","0","0","true","","2","resources/views/backend/player/player_profile.blade.php;resources/views/frontend/player/player_profile.blade.php","false"
"resources/views/orders/hoodie-form.blade.php","orders","false","144","layouts.layoutMaster","0","1","0","1","0","0","true","","1","app/Http/Controllers/Backend/OrderController.php","false"
"resources/views/orders/paid_orders.blade.php","orders","false","56","layouts.layoutMaster","0","0","0","0","1","0","false","","1","app/Http/Controllers/Backend/OrderController.php","false"
"resources/views/policy.blade.php","policy.blade.php","false","29","layouts/blankLayout","0","0","0","1","0","0","false","","0","","false"
"resources/views/profile/delete-user-form.blade.php","profile","false","53","","0","0","0","0","0","0","false","","0","","false"
"resources/views/profile/logout-other-browser-sessions-form.blade.php","profile","false","105","","0","0","0","0","0","0","false","","0","","false"
"resources/views/profile/show.blade.php","profile","false","39","layouts.layoutMaster","0","0","0","0","0","0","false","","0","","false"
"resources/views/profile/two-factor-authentication-form.blade.php","profile","false","108","","0","0","0","0","0","0","false","","0","","false"
"resources/views/profile/update-password-form.blade.php","profile","false","42","","0","0","0","0","0","0","false","","0","","false"
"resources/views/profile/update-profile-information-form.blade.php","profile","false","72","","0","0","0","0","0","0","false","","0","","false"
"resources/views/svg/connector.blade.php","svg","false","2","","0","0","0","0","0","0","false","","0","","false"
"resources/views/svg/match.blade.php","svg","false","120","","1","0","0","0","0","0","false","","1","resources/views/backend/draw/roundrobin/draw-svg.blade.php","false"
"resources/views/templates/adminDashboardTemplate.blade.php","templates","false","278","","0","0","0","0","6","0","true","datatable","1","resources/views/backend/dashboard.blade.php","false"
"resources/views/templates/homeEventTemplate.blade.php","templates","false","35","","0","0","0","0","0","0","false","","1","resources/views/frontend/home.blade.php","false"
"resources/views/templates/premium.blade.php","templates","false","7","","0","0","0","0","0","0","true","","1","resources/views/multiend/player_profile.blade.php","false"
"resources/views/terms.blade.php","terms.blade.php","false","29","layouts/blankLayout","0","0","0","1","0","0","false","","3","app/Actions/Fortify/CreateNewUser.php;resources/views/auth/register.blade.php;resources/views/content/authentications/auth-register-basic.blade.php","false"
"resources/views/upload/fileUpload.blade.php","upload","false","52","","0","0","0","0","0","0","false","","0","","true"
"resources/views/vendor/authentication-log/emails/failed.blade.php","vendor","false","20","","0","0","0","0","0","0","false","","0","","false"
"resources/views/vendor/authentication-log/emails/new.blade.php","vendor","false","20","","0","0","0","0","0","0","false","","0","","false"
"resources/views/_partials/macros.blade.php","_partials","false","9","","0","0","0","0","0","0","false","","13","resources/views/auth/confirm-password.blade.php;resources/views/auth/forgot-password.blade.php;resources/views/auth/login.blade.php;resources/views/auth/register.blade.php;resources/views/auth/reset-password.blade.php;resources/views/auth/two-factor-challenge.blade.php;resources/views/auth/verify-email.blade.php;resources/views/content/authentications/auth-login-basic.blade.php;resources/views/content/authentications/auth-register-basic.blade.php;resources/views/layouts/sections/menu/verticalMenu.blade.php;resources/views/layouts/sections/navbar/navbar.blade.php;resources/views/policy.blade.php;resources/views/terms.blade.php","false"
"resources/views/_partials/_modals/add-category-modal.blade.php","_partials","false","54","","0","1","0","0","0","1","true","","2","resources/views/backend/adminPage/show.blade.php;resources/views/backend/adminPage/show2.blade.php","false"
"resources/views/_partials/_modals/modal-add-announcement.blade.php","_partials","false","28","","0","0","0","0","0","1","false","","0","","false"
"resources/views/_partials/_modals/modal-add-edit-points.blade.php","_partials","false","36","","0","0","0","0","0","1","true","","1","resources/views/backend/ranking/settings-ranking.blade.php","true"
"resources/views/_partials/_modals/modal-add-event.blade.php","_partials","false","148","","0","0","0","0","0","1","true","select2","1","resources/views/backend/dashboard.blade.php","false"
"resources/views/_partials/_modals/modal-add-new-address.blade.php","_partials","false","131","","0","0","0","0","0","1","true","select2","3","resources/views/frontend/event/cancel.blade.php;resources/views/frontend/event/checkout.blade.php;resources/views/frontend/event/confirmation.blade.php","false"
"resources/views/_partials/_modals/modal-add-new-cc.blade.php","_partials","false","54","","0","0","0","0","0","1","true","","0","","false"
"resources/views/_partials/_modals/modal-add-permission.blade.php","_partials","false","34","","0","0","0","0","0","1","false","","0","","false"
"resources/views/_partials/_modals/modal-add-player-to-profile.blade.php","_partials","false","57","","0","0","0","0","0","1","false","select2","0","","false"
"resources/views/_partials/_modals/modal-add-player.blade.php","_partials","false","63","","0","0","0","0","0","1","true","","1","resources/views/frontend/event/checkout.blade.php","false"
"resources/views/_partials/_modals/modal-add-region.blade.php","_partials","false","37","","0","1","0","0","0","1","false","select2","2","resources/views/backend/adminPage/show.blade.php;resources/views/backend/adminPage/show2.blade.php","false"
"resources/views/_partials/_modals/modal-add-registration.blade.php","_partials","false","35","","0","0","0","0","0","1","false","select2","2","resources/views/backend/adminPage/show.blade.php;resources/views/backend/adminPage/show2.blade.php","false"
"resources/views/_partials/_modals/modal-add-role.blade.php","_partials","false","275","","0","0","0","0","1","1","true","","0","","false"
"resources/views/_partials/_modals/modal-add-send-email.blade.php","_partials","false","112","","0","2","0","0","0","1","true","select2","2","resources/views/backend/adminPage/show.blade.php;resources/views/backend/adminPage/show2.blade.php","false"
"resources/views/_partials/_modals/modal-add-team.blade.php","_partials","false","43","","0","0","0","0","0","1","false","","2","resources/views/backend/adminPage/show.blade.php;resources/views/backend/adminPage/show2.blade.php","false"
"resources/views/_partials/_modals/modal-add-upload-file.blade.php","_partials","false","34","","0","0","0","0","0","1","false","","0","","false"
"resources/views/_partials/_modals/modal-create-app.blade.php","_partials","false","304","","0","0","0","0","0","1","true","","0","","true"
"resources/views/_partials/_modals/modal-edit-cc.blade.php","_partials","false","54","","0","0","0","0","0","1","true","","0","","false"
"resources/views/_partials/_modals/modal-edit-event.blade.php","_partials","false","346","","1","2","7","9","0","1","true","select2","0","","false"
"resources/views/_partials/_modals/modal-edit-permission.blade.php","_partials","false","38","","0","0","0","0","0","1","true","","0","","false"
"resources/views/_partials/_modals/modal-edit-player.blade.php","_partials","false","56","","0","0","0","0","0","1","false","","0","","false"
"resources/views/_partials/_modals/modal-edit-team-category.blade.php","_partials","false","32","","0","0","0","0","0","1","true","","2","resources/views/backend/adminPage/show.blade.php;resources/views/backend/adminPage/show2.blade.php","false"
"resources/views/_partials/_modals/modal-edit-user.blade.php","_partials","false","58","","0","0","0","0","0","1","true","","1","resources/views/backend/dashboard.blade.php","false"
"resources/views/_partials/_modals/modal-enable-otp.blade.php","_partials","false","30","","0","0","0","0","0","1","false","","0","","false"
"resources/views/_partials/_modals/modal-player-in-team.blade.php","_partials","false","54","","0","1","0","0","0","1","false","select2","2","resources/views/backend/adminPage/show.blade.php;resources/views/backend/adminPage/show2.blade.php","false"
"resources/views/_partials/_modals/modal-pricing.blade.php","_partials","false","131","","0","0","0","0","0","1","true","","2","resources/views/layouts/contentNavbarLayout.blade.php;resources/views/layouts/horizontalLayout.blade.php","false"
"resources/views/_partials/_modals/modal-refer-earn.blade.php","_partials","false","79","","0","0","0","0","0","1","true","","0","","false"
"resources/views/_partials/_modals/modal-share-project.blade.php","_partials","false","259","","0","0","0","0","0","1","true","select2","0","","false"
"resources/views/_partials/_modals/modal-two-factor-auth.blade.php","_partials","false","99","","0","0","0","0","0","3","false","","0","","false"
"resources/views/_partials/_modals/modal-upgrade-plan.blade.php","_partials","false","42","","0","0","0","0","0","1","true","","1","resources/views/backend/dashboard.blade.php","false"
"resources/views/_partials/_offcanvas/offcanvas-add-payment.blade.php","_partials","false","47","","0","0","0","0","0","0","true","","0","","false"
"resources/views/_partials/_offcanvas/offcanvas-send-invoice.blade.php","_partials","false","42","","0","0","0","0","0","0","true","","0","","false"
