discard_id,keep_id,fixture_id,set_nr,winner_registration,loser_registration,registration1_score,registration2_score,created_at
4,5,1289,NULL,,,,,"2021-12-03 13:57:32"
16,17,1290,NULL,,,,,"2021-12-03 14:13:27"
26,27,1291,NULL,,,,,"2021-12-03 14:26:50"
14,15,1292,NULL,,,,,"2021-12-03 14:12:27"
53,54,1293,NULL,,,,,"2021-12-03 14:44:49"
20,21,1294,NULL,,,,,"2021-12-03 14:16:01"
24,25,1295,NULL,,,,,"2021-12-03 14:23:27"
22,23,1296,NULL,,,,,"2021-12-03 14:16:24"
113,114,1297,NULL,,,,,"2021-12-03 15:18:41"
128,129,1298,NULL,,,,,"2021-12-03 15:29:53"
109,110,1299,NULL,,,,,"2021-12-03 15:15:49"
115,116,1300,NULL,,,,,"2021-12-03 15:18:57"
117,119,1301,NULL,,,,,"2021-12-03 15:19:20"
118,119,1301,NULL,,,,,"2021-12-03 15:19:20"
111,112,1302,NULL,,,,,"2021-12-03 15:16:27"
160,161,1303,NULL,,,,,"2021-12-03 16:06:52"
120,121,1304,NULL,,,,,"2021-12-03 15:19:36"
162,163,1305,NULL,,,,,"2021-12-03 16:07:25"
164,165,1306,NULL,,,,,"2021-12-03 16:07:40"
185,186,1307,NULL,,,,,"2021-12-03 16:32:04"
267,268,1308,NULL,,,,,"2021-12-03 17:34:06"
241,242,1309,NULL,,,,,"2021-12-03 17:13:56"
269,270,1310,NULL,,,,,"2021-12-03 17:34:30"
263,264,1311,NULL,,,,,"2021-12-03 17:33:31"
265,266,1312,NULL,,,,,"2021-12-03 17:33:45"
458,459,1315,NULL,,,,,"2021-12-04 09:30:51"
460,461,1316,NULL,,,,,"2021-12-04 09:31:31"
221,222,1321,NULL,,,,,"2021-12-03 16:51:56"
181,182,1322,NULL,,,,,"2021-12-03 16:24:08"
237,238,1323,NULL,,,,,"2021-12-03 17:05:55"
199,200,1324,NULL,,,,,"2021-12-03 16:39:44"
299,300,1325,NULL,,,,,"2021-12-03 17:55:03"
239,240,1326,NULL,,,,,"2021-12-03 17:12:37"
243,244,1327,NULL,,,,,"2021-12-03 17:16:31"
340,342,1328,NULL,,,,,"2021-12-03 18:22:35"
341,342,1328,NULL,,,,,"2021-12-03 18:22:35"
429,430,1329,NULL,,,,,"2021-12-04 09:21:52"
439,440,1330,NULL,,,,,"2021-12-04 09:25:03"
445,446,1332,NULL,,,,,"2021-12-04 09:26:24"
447,448,1334,NULL,,,,,"2021-12-04 09:27:05"
449,451,1335,NULL,,,,,"2021-12-04 09:28:37"
450,451,1335,NULL,,,,,"2021-12-04 09:28:37"
456,457,1336,NULL,,,,,"2021-12-04 09:29:44"
41,42,1381,NULL,,,,,"2021-12-03 14:38:31"
55,56,1382,NULL,,,,,"2021-12-03 14:49:55"
43,44,1383,NULL,,,,,"2021-12-03 14:38:44"
45,46,1384,NULL,,,,,"2021-12-03 14:39:02"
47,48,1385,NULL,,,,,"2021-12-03 14:39:19"
100,101,1386,NULL,,,,,"2021-12-03 15:10:50"
61,63,1387,NULL,,,,,"2021-12-03 14:51:37"
62,63,1387,NULL,,,,,"2021-12-03 14:51:37"
59,60,1388,NULL,,,,,"2021-12-03 14:51:18"
57,58,1389,NULL,,,,,"2021-12-03 14:50:55"
122,123,1390,NULL,,,,,"2021-12-03 15:26:14"
148,149,1391,NULL,,,,,"2021-12-03 15:45:07"
152,153,1392,NULL,,,,,"2021-12-03 15:57:14"
102,103,1393,NULL,,,,,"2021-12-03 15:11:38"
209,211,1394,NULL,,,,,"2021-12-03 16:44:34"
210,211,1394,NULL,,,,,"2021-12-03 16:44:34"
187,189,1395,NULL,,,,,"2021-12-03 16:34:05"
188,189,1395,NULL,,,,,"2021-12-03 16:34:05"
170,171,1396,NULL,,,,,"2021-12-03 16:12:37"
214,215,1397,NULL,,,,,"2021-12-03 16:47:14"
320,321,1398,NULL,,,,,"2021-12-03 18:10:34"
346,347,1399,NULL,,,,,"2021-12-03 18:27:05"
218,220,1400,NULL,,,,,"2021-12-03 16:51:00"
219,220,1400,NULL,,,,,"2021-12-03 16:51:00"
183,184,1401,NULL,,,,,"2021-12-03 16:27:54"
271,272,1402,NULL,,,,,"2021-12-03 17:43:02"
284,285,1403,NULL,,,,,"2021-12-03 17:47:38"
286,287,1404,NULL,,,,,"2021-12-03 17:49:32"
514,515,1405,NULL,,,,,"2021-12-04 10:12:18"
522,523,1406,NULL,,,,,"2021-12-04 10:19:55"
652,653,1407,NULL,,,,,"2021-12-04 10:46:55"
654,655,1408,NULL,,,,,"2021-12-04 10:47:38"
745,746,1409,NULL,,,,,"2021-12-04 12:06:15"
827,829,1410,NULL,,,,,"2021-12-04 13:03:43"
828,829,1410,NULL,,,,,"2021-12-04 13:03:43"
1097,1099,1411,NULL,,,,,"2021-12-04 16:16:35"
1098,1099,1411,NULL,,,,,"2021-12-04 16:16:35"
941,942,1412,NULL,,,,,"2021-12-04 15:03:29"
247,248,1413,NULL,,,,,"2021-12-03 17:18:15"
322,324,1414,NULL,,,,,"2021-12-03 18:11:50"
323,324,1414,NULL,,,,,"2021-12-03 18:11:50"
325,327,1415,NULL,,,,,"2021-12-03 18:12:41"
326,327,1415,NULL,,,,,"2021-12-03 18:12:41"
359,360,1416,NULL,,,,,"2021-12-03 19:03:54"
356,358,1417,NULL,,,,,"2021-12-03 19:03:09"
357,358,1417,NULL,,,,,"2021-12-03 19:03:09"
282,283,1418,NULL,,,,,"2021-12-03 17:47:11"
307,308,1419,NULL,,,,,"2021-12-03 18:05:13"
305,306,1420,NULL,,,,,"2021-12-03 18:04:52"
484,485,1421,NULL,,,,,"2021-12-04 09:46:00"
478,479,1422,NULL,,,,,"2021-12-04 09:45:27"
437,438,1423,NULL,,,,,"2021-12-04 09:24:50"
441,442,1424,NULL,,,,,"2021-12-04 09:25:07"
443,444,1425,NULL,,,,,"2021-12-04 09:25:24"
524,525,1426,NULL,,,,,"2021-12-04 10:21:15"
452,453,1427,NULL,,,,,"2021-12-04 09:29:10"
454,455,1428,NULL,,,,,"2021-12-04 09:29:27"
668,669,1429,NULL,,,,,"2021-12-04 11:02:34"
728,730,1430,NULL,,,,,"2021-12-04 11:58:04"
729,730,1430,NULL,,,,,"2021-12-04 11:58:04"
714,715,1431,NULL,,,,,"2021-12-04 11:39:31"
772,773,1432,NULL,,,,,"2021-12-04 12:29:32"
832,834,1433,NULL,,,,,"2021-12-04 13:04:39"
833,834,1433,NULL,,,,,"2021-12-04 13:04:39"
844,846,1434,NULL,,,,,"2021-12-04 13:33:36"
845,846,1434,NULL,,,,,"2021-12-04 13:33:36"
842,843,1435,NULL,,,,,"2021-12-04 13:28:01"
951,953,1436,NULL,,,,,"2021-12-04 15:09:12"
952,953,1436,NULL,,,,,"2021-12-04 15:09:12"
1052,1053,1437,NULL,,,,,"2021-12-04 15:59:01"
1154,1155,1438,NULL,,,,,"2021-12-04 16:42:06"
1339,1340,1439,NULL,,,,,"2021-12-04 18:30:17"
1321,1322,1440,NULL,,,,,"2021-12-04 18:16:36"
1176,1177,1441,NULL,,,,,"2021-12-04 16:52:40"
1178,1179,1442,NULL,,,,,"2021-12-04 16:53:18"
1343,1344,1443,NULL,,,,,"2021-12-04 18:31:18"
1325,1326,1444,NULL,,,,,"2021-12-04 18:17:51"
858,859,1445,NULL,,,,,"2021-12-04 13:38:05"
982,984,1446,NULL,,,,,"2021-12-04 15:19:27"
983,984,1446,NULL,,,,,"2021-12-04 15:19:27"
1249,1250,1447,NULL,,,,,"2021-12-04 17:28:51"
1120,1121,1448,NULL,,,,,"2021-12-04 16:38:13"
720,721,1449,NULL,,,,,"2021-12-04 11:49:11"
726,727,1450,NULL,,,,,"2021-12-04 11:54:16"
869,871,1451,NULL,,,,,"2021-12-04 13:50:28"
870,871,1451,NULL,,,,,"2021-12-04 13:50:28"
698,699,1452,NULL,,,,,"2021-12-04 11:27:12"
872,873,1453,NULL,,,,,"2021-12-04 13:50:49"
898,899,1454,NULL,,,,,"2021-12-04 14:21:52"
1253,1254,1455,NULL,,,,,"2021-12-04 17:29:49"
958,959,1456,NULL,,,,,"2021-12-04 15:09:59"
987,988,1457,NULL,,,,,"2021-12-04 15:20:45"
1204,1206,1458,NULL,,,,,"2021-12-04 17:01:43"
1205,1206,1458,NULL,,,,,"2021-12-04 17:01:43"
1109,1110,1459,NULL,,,,,"2021-12-04 16:33:43"
1105,1106,1460,NULL,,,,,"2021-12-04 16:30:37"
486,489,1461,NULL,,,,,"2021-12-04 09:46:23"
487,489,1461,NULL,,,,,"2021-12-04 09:46:23"
488,489,1461,NULL,,,,,"2021-12-04 09:46:23"
492,493,1462,NULL,,,,,"2021-12-04 09:46:47"
506,508,1463,NULL,,,,,"2021-12-04 10:02:44"
507,508,1463,NULL,,,,,"2021-12-04 10:02:44"
509,511,1464,NULL,,,,,"2021-12-04 10:07:05"
510,511,1464,NULL,,,,,"2021-12-04 10:07:05"
749,751,1465,NULL,,,,,"2021-12-04 12:14:42"
750,751,1465,NULL,,,,,"2021-12-04 12:14:42"
810,812,1466,NULL,,,,,"2021-12-04 12:49:03"
811,812,1466,NULL,,,,,"2021-12-04 12:49:03"
876,877,1467,NULL,,,,,"2021-12-04 13:58:28"
756,758,1468,NULL,,,,,"2021-12-04 12:15:16"
757,758,1468,NULL,,,,,"2021-12-04 12:15:16"
785,786,1469,NULL,,,,,"2021-12-04 12:32:50"
1114,1115,1470,NULL,,,,,"2021-12-04 16:36:33"
1386,1387,1471,NULL,,,,,"2021-12-05 17:41:16"
1122,1123,1472,NULL,,,,,"2021-12-04 16:38:23"
2,3,1657,NULL,,,,,"2021-12-03 13:46:07"
74,76,1658,NULL,,,,,"2021-12-03 15:05:07"
75,76,1658,NULL,,,,,"2021-12-03 15:05:07"
71,73,1659,NULL,,,,,"2021-12-03 15:04:44"
72,73,1659,NULL,,,,,"2021-12-03 15:04:44"
69,70,1660,NULL,,,,,"2021-12-03 15:04:11"
77,79,1661,NULL,,,,,"2021-12-03 15:05:32"
78,79,1661,NULL,,,,,"2021-12-03 15:05:32"
80,81,1662,NULL,,,,,"2021-12-03 15:05:44"
142,143,1663,NULL,,,,,"2021-12-03 15:42:52"
82,83,1664,NULL,,,,,"2021-12-03 15:05:58"
172,174,1665,NULL,,,,,"2021-12-03 16:15:35"
173,174,1665,NULL,,,,,"2021-12-03 16:15:35"
223,224,1666,NULL,,,,,"2021-12-03 16:59:32"
98,99,1667,NULL,,,,,"2021-12-03 15:10:16"
146,147,1668,NULL,,,,,"2021-12-03 15:43:54"
225,226,1669,NULL,,,,,"2021-12-03 16:59:49"
175,176,1670,NULL,,,,,"2021-12-03 16:15:46"
227,228,1671,NULL,,,,,"2021-12-03 17:00:33"
229,230,1672,NULL,,,,,"2021-12-03 17:00:45"
231,232,1673,NULL,,,,,"2021-12-03 17:01:15"
288,289,1674,NULL,,,,,"2021-12-03 17:50:24"
290,291,1675,NULL,,,,,"2021-12-03 17:50:39"
292,293,1676,NULL,,,,,"2021-12-03 17:51:06"
332,333,1677,NULL,,,,,"2021-12-03 18:18:19"
294,295,1678,NULL,,,,,"2021-12-03 17:51:29"
334,335,1679,NULL,,,,,"2021-12-03 18:18:50"
336,337,1680,NULL,,,,,"2021-12-03 18:19:10"
683,684,1681,NULL,,,,,"2021-12-04 11:15:32"
696,697,1682,NULL,,,,,"2021-12-04 11:23:33"
724,725,1683,NULL,,,,,"2021-12-04 11:49:38"
736,738,1684,NULL,,,,,"2021-12-04 12:00:14"
737,738,1684,NULL,,,,,"2021-12-04 12:00:14"
1000,1001,1685,NULL,,,,,"2021-12-04 15:23:27"
1200,1201,1686,NULL,,,,,"2021-12-04 17:00:50"
1350,1351,1687,NULL,,,,,"2021-12-04 18:39:12"
1363,1365,1688,NULL,,,,,"2021-12-04 18:57:40"
1364,1365,1688,NULL,,,,,"2021-12-04 18:57:40"
338,339,1689,NULL,,,,,"2021-12-03 18:19:30"
400,401,1690,NULL,,,,,"2021-12-03 20:46:52"
397,399,1691,NULL,,,,,"2021-12-03 20:46:18"
398,399,1691,NULL,,,,,"2021-12-03 20:46:18"
402,403,1692,NULL,,,,,"2021-12-03 20:47:18"
404,406,1693,NULL,,,,,"2021-12-03 20:48:04"
405,406,1693,NULL,,,,,"2021-12-03 20:48:04"
407,408,1694,NULL,,,,,"2021-12-03 20:48:24"
352,353,1695,NULL,,,,,"2021-12-03 18:37:56"
354,355,1696,NULL,,,,,"2021-12-03 18:39:42"
494,495,1697,NULL,,,,,"2021-12-04 09:54:16"
496,497,1698,NULL,,,,,"2021-12-04 09:58:45"
498,499,1699,NULL,,,,,"2021-12-04 09:59:33"
500,501,1700,NULL,,,,,"2021-12-04 09:59:56"
502,503,1701,NULL,,,,,"2021-12-04 10:00:51"
504,505,1702,NULL,,,,,"2021-12-04 10:01:19"
516,517,1703,NULL,,,,,"2021-12-04 10:13:27"
536,537,1704,NULL,,,,,"2021-12-04 10:30:01"
741,742,1705,NULL,,,,,"2021-12-04 12:03:59"
783,784,1706,NULL,,,,,"2021-12-04 12:32:45"
797,798,1707,NULL,,,,,"2021-12-04 12:41:21"
840,841,1708,NULL,,,,,"2021-12-04 13:23:53"
886,887,1709,NULL,,,,,"2021-12-04 14:05:47"
1036,1037,1710,NULL,,,,,"2021-12-04 15:45:36"
1007,1009,1711,NULL,,,,,"2021-12-04 15:25:18"
1008,1009,1711,NULL,,,,,"2021-12-04 15:25:18"
1015,1017,1712,NULL,,,,,"2021-12-04 15:34:02"
1016,1017,1712,NULL,,,,,"2021-12-04 15:34:02"
1352,1353,1713,NULL,,,,,"2021-12-04 18:39:57"
1354,1355,1714,NULL,,,,,"2021-12-04 18:40:33"
1404,1405,1715,NULL,,,,,"2021-12-08 21:10:06"
1337,1338,1717,NULL,,,,,"2021-12-04 18:25:20"
1358,1360,1718,NULL,,,,,"2021-12-04 18:51:12"
1359,1360,1718,NULL,,,,,"2021-12-04 18:51:12"
995,996,1721,NULL,,,,,"2021-12-04 15:21:26"
1048,1049,1722,NULL,,,,,"2021-12-04 15:55:42"
1050,1051,1723,NULL,,,,,"2021-12-04 15:56:52"
1268,1269,1724,NULL,,,,,"2021-12-04 17:52:50"
804,805,1725,NULL,,,,,"2021-12-04 12:46:34"
808,809,1726,NULL,,,,,"2021-12-04 12:48:51"
815,816,1727,NULL,,,,,"2021-12-04 12:53:36"
880,881,1728,NULL,,,,,"2021-12-04 13:59:16"
1188,1189,1729,NULL,,,,,"2021-12-04 16:57:39"
1182,1184,1730,NULL,,,,,"2021-12-04 16:56:46"
1183,1184,1730,NULL,,,,,"2021-12-04 16:56:46"
1341,1342,1731,NULL,,,,,"2021-12-04 18:30:45"
1193,1195,1732,NULL,,,,,"2021-12-04 16:58:56"
1194,1195,1732,NULL,,,,,"2021-12-04 16:58:56"
1247,1248,1733,NULL,,,,,"2021-12-04 17:28:27"
1333,1334,1734,NULL,,,,,"2021-12-04 18:19:38"
1375,1376,1735,NULL,,,,,"2021-12-04 19:13:15"
1373,1374,1736,NULL,,,,,"2021-12-04 19:12:36"
518,519,1737,NULL,,,,,"2021-12-04 10:15:10"
754,755,1738,NULL,,,,,"2021-12-04 12:15:16"
577,578,1739,NULL,,,,,"2021-12-04 10:34:56"
597,598,1740,NULL,,,,,"2021-12-04 10:37:17"
867,868,1741,NULL,,,,,"2021-12-04 13:50:04"
891,892,1742,NULL,,,,,"2021-12-04 14:09:26"
1315,1316,1743,NULL,,,,,"2021-12-04 18:14:16"
759,760,1744,NULL,,,,,"2021-12-04 12:16:43"
943,944,1745,NULL,,,,,"2021-12-04 15:06:18"
1210,1211,1746,NULL,,,,,"2021-12-04 17:03:19"
1319,1320,1747,NULL,,,,,"2021-12-04 18:15:22"
954,955,1748,NULL,,,,,"2021-12-04 15:09:23"
8,9,1749,NULL,,,,,"2021-12-03 14:01:03"
66,68,1750,NULL,,,,,"2021-12-03 14:54:35"
67,68,1750,NULL,,,,,"2021-12-03 14:54:35"
32,33,1751,NULL,,,,,"2021-12-03 14:36:42"
34,35,1752,NULL,,,,,"2021-12-03 14:37:15"
36,38,1753,NULL,,,,,"2021-12-03 14:37:38"
37,38,1753,NULL,,,,,"2021-12-03 14:37:38"
39,40,1754,NULL,,,,,"2021-12-03 14:37:56"
134,135,1755,NULL,,,,,"2021-12-03 15:41:34"
136,137,1756,NULL,,,,,"2021-12-03 15:41:46"
138,139,1757,NULL,,,,,"2021-12-03 15:42:00"
194,196,1758,NULL,,,,,"2021-12-03 16:38:33"
195,196,1758,NULL,,,,,"2021-12-03 16:38:33"
64,65,1759,NULL,,,,,"2021-12-03 14:54:04"
144,145,1760,NULL,,,,,"2021-12-03 15:43:17"
197,198,1761,NULL,,,,,"2021-12-03 16:38:58"
261,262,1762,NULL,,,,,"2021-12-03 17:27:33"
201,202,1763,NULL,,,,,"2021-12-03 16:40:38"
203,204,1764,NULL,,,,,"2021-12-03 16:40:50"
207,208,1765,NULL,,,,,"2021-12-03 16:43:39"
249,250,1766,NULL,,,,,"2021-12-03 17:19:06"
251,252,1767,NULL,,,,,"2021-12-03 17:19:22"
253,254,1768,NULL,,,,,"2021-12-03 17:19:39"
255,256,1769,NULL,,,,,"2021-12-03 17:19:51"
278,279,1770,NULL,,,,,"2021-12-03 17:45:20"
371,372,1771,NULL,,,,,"2021-12-03 19:12:27"
276,277,1772,NULL,,,,,"2021-12-03 17:44:55"
708,709,1773,NULL,,,,,"2021-12-04 11:38:11"
694,695,1774,NULL,,,,,"2021-12-04 11:21:55"
712,713,1775,NULL,,,,,"2021-12-04 11:38:37"
660,661,1776,NULL,,,,,"2021-12-04 10:51:20"
908,909,1777,NULL,,,,,"2021-12-04 14:28:19"
910,911,1778,NULL,,,,,"2021-12-04 14:28:38"
1064,1065,1779,NULL,,,,,"2021-12-04 16:01:27"
1214,1215,1780,NULL,,,,,"2021-12-04 17:03:55"
315,317,1781,NULL,,,,,"2021-12-03 18:08:47"
316,317,1781,NULL,,,,,"2021-12-03 18:08:47"
373,374,1782,NULL,,,,,"2021-12-03 19:13:14"
328,329,1783,NULL,,,,,"2021-12-03 18:13:09"
375,377,1784,NULL,,,,,"2021-12-03 19:13:37"
376,377,1784,NULL,,,,,"2021-12-03 19:13:37"
378,380,1785,NULL,,,,,"2021-12-03 19:14:07"
379,380,1785,NULL,,,,,"2021-12-03 19:14:07"
318,319,1786,NULL,,,,,"2021-12-03 18:09:00"
381,382,1787,NULL,,,,,"2021-12-03 19:14:24"
383,384,1788,NULL,,,,,"2021-12-03 19:14:34"
470,471,1789,NULL,,,,,"2021-12-04 09:42:06"
472,473,1790,NULL,,,,,"2021-12-04 09:44:18"
474,475,1791,NULL,,,,,"2021-12-04 09:44:50"
476,477,1792,NULL,,,,,"2021-12-04 09:45:09"
480,481,1793,NULL,,,,,"2021-12-04 09:45:28"
482,483,1794,NULL,,,,,"2021-12-04 09:45:49"
526,527,1795,NULL,,,,,"2021-12-04 10:23:14"
616,618,1796,NULL,,,,,"2021-12-04 10:39:58"
617,618,1796,NULL,,,,,"2021-12-04 10:39:58"
776,777,1797,NULL,,,,,"2021-12-04 12:30:55"
778,780,1798,NULL,,,,,"2021-12-04 12:31:38"
779,780,1798,NULL,,,,,"2021-12-04 12:31:38"
747,748,1799,NULL,,,,,"2021-12-04 12:08:23"
781,782,1800,NULL,,,,,"2021-12-04 12:32:05"
1002,1004,1801,NULL,,,,,"2021-12-04 15:23:55"
1003,1004,1801,NULL,,,,,"2021-12-04 15:23:55"
998,999,1802,NULL,,,,,"2021-12-04 15:23:13"
802,803,1803,NULL,,,,,"2021-12-04 12:42:42"
1005,1006,1804,NULL,,,,,"2021-12-04 15:24:38"
1144,1145,1805,NULL,,,,,"2021-12-04 16:42:01"
1138,1139,1806,NULL,,,,,"2021-12-04 16:41:42"
1307,1308,1807,NULL,,,,,"2021-12-04 18:11:00"
1309,1310,1808,NULL,,,,,"2021-12-04 18:11:22"
1251,1252,1809,NULL,,,,,"2021-12-04 17:29:28"
1170,1171,1810,NULL,,,,,"2021-12-04 16:49:14"
1356,1357,1811,NULL,,,,,"2021-12-04 18:47:53"
1371,1372,1812,NULL,,,,,"2021-12-04 19:05:04"
1025,1027,1813,NULL,,,,,"2021-12-04 15:41:07"
1026,1027,1813,NULL,,,,,"2021-12-04 15:41:07"
1028,1029,1814,NULL,,,,,"2021-12-04 15:41:26"
1335,1336,1815,NULL,,,,,"2021-12-04 18:25:03"
1260,1261,1816,NULL,,,,,"2021-12-04 17:41:34"
847,849,1817,NULL,,,,,"2021-12-04 13:35:49"
848,849,1817,NULL,,,,,"2021-12-04 13:35:49"
850,851,1818,NULL,,,,,"2021-12-04 13:36:09"
852,853,1819,NULL,,,,,"2021-12-04 13:36:25"
884,885,1820,NULL,,,,,"2021-12-04 14:02:57"
993,994,1821,NULL,,,,,"2021-12-04 15:20:53"
1079,1080,1822,NULL,,,,,"2021-12-04 16:12:47"
1311,1312,1823,NULL,,,,,"2021-12-04 18:12:15"
1235,1236,1825,NULL,,,,,"2021-12-04 17:17:23"
1361,1362,1826,NULL,,,,,"2021-12-04 18:57:40"
1345,1347,1827,NULL,,,,,"2021-12-04 18:33:47"
1346,1347,1827,NULL,,,,,"2021-12-04 18:33:47"
1245,1246,1828,NULL,,,,,"2021-12-04 17:22:03"
490,491,1829,NULL,,,,,"2021-12-04 09:46:23"
542,543,1830,NULL,,,,,"2021-12-04 10:30:20"
687,689,1831,NULL,,,,,"2021-12-04 11:17:36"
688,689,1831,NULL,,,,,"2021-12-04 11:17:36"
690,691,1832,NULL,,,,,"2021-12-04 11:18:02"
854,855,1833,NULL,,,,,"2021-12-04 13:36:56"
865,866,1834,NULL,,,,,"2021-12-04 13:46:51"
1168,1169,1835,NULL,,,,,"2021-12-04 16:43:59"
856,857,1836,NULL,,,,,"2021-12-04 13:37:21"
985,986,1837,NULL,,,,,"2021-12-04 15:19:35"
1233,1234,1838,NULL,,,,,"2021-12-04 17:15:52"
1242,1244,1839,NULL,,,,,"2021-12-04 17:20:18"
1243,1244,1839,NULL,,,,,"2021-12-04 17:20:18"
1231,1232,1840,NULL,,,,,"2021-12-04 17:15:25"
10,11,1842,NULL,,,,,"2021-12-03 14:04:37"
84,85,1843,NULL,,,,,"2021-12-03 15:06:41"
12,13,1844,NULL,,,,,"2021-12-03 14:04:57"
86,87,1845,NULL,,,,,"2021-12-03 15:06:59"
88,89,1846,NULL,,,,,"2021-12-03 15:07:15"
90,91,1847,NULL,,,,,"2021-12-03 15:07:32"
94,95,1848,NULL,,,,,"2021-12-03 15:09:21"
124,125,1849,NULL,,,,,"2021-12-03 15:28:25"
179,180,1850,NULL,,,,,"2021-12-03 16:23:07"
140,141,1851,NULL,,,,,"2021-12-03 15:42:29"
130,131,1852,NULL,,,,,"2021-12-03 15:31:44"
132,133,1853,NULL,,,,,"2021-12-03 15:37:18"
177,178,1854,NULL,,,,,"2021-12-03 16:22:54"
205,206,1855,NULL,,,,,"2021-12-03 16:42:38"
158,159,1856,NULL,,,,,"2021-12-03 16:05:16"
257,258,1857,NULL,,,,,"2021-12-03 17:24:28"
245,246,1858,NULL,,,,,"2021-12-03 17:17:10"
273,275,1859,NULL,,,,,"2021-12-03 17:44:07"
274,275,1859,NULL,,,,,"2021-12-03 17:44:07"
296,298,1860,NULL,,,,,"2021-12-03 17:54:03"
297,298,1860,NULL,,,,,"2021-12-03 17:54:03"
301,302,1861,NULL,,,,,"2021-12-03 17:59:57"
309,310,1862,NULL,,,,,"2021-12-03 18:07:00"
363,364,1863,NULL,,,,,"2021-12-03 19:09:44"
361,362,1864,NULL,,,,,"2021-12-03 19:09:31"
739,740,1865,NULL,,,,,"2021-12-04 12:03:56"
678,679,1866,NULL,,,,,"2021-12-04 11:11:43"
666,667,1867,NULL,,,,,"2021-12-04 10:57:24"
718,719,1868,NULL,,,,,"2021-12-04 11:46:42"
917,918,1869,NULL,,,,,"2021-12-04 14:41:49"
919,920,1870,NULL,,,,,"2021-12-04 14:42:14"
1262,1263,1871,NULL,,,,,"2021-12-04 17:50:05"
1229,1230,1872,NULL,,,,,"2021-12-04 17:12:43"
303,304,1874,NULL,,,,,"2021-12-03 18:02:18"
411,412,1875,NULL,,,,,"2021-12-03 20:50:51"
385,387,1876,NULL,,,,,"2021-12-03 19:23:44"
386,387,1876,NULL,,,,,"2021-12-03 19:23:44"
409,410,1877,NULL,,,,,"2021-12-03 20:50:36"
369,370,1878,NULL,,,,,"2021-12-03 19:11:50"
393,394,1879,NULL,,,,,"2021-12-03 19:59:13"
395,396,1880,NULL,,,,,"2021-12-03 19:59:41"
425,426,1881,NULL,,,,,"2021-12-04 09:14:48"
431,432,1882,NULL,,,,,"2021-12-04 09:22:12"
464,465,1883,NULL,,,,,"2021-12-04 09:38:21"
462,463,1884,NULL,,,,,"2021-12-04 09:33:07"
433,434,1885,NULL,,,,,"2021-12-04 09:22:54"
423,424,1886,NULL,,,,,"2021-12-04 09:14:09"
670,672,1887,NULL,,,,,"2021-12-04 11:06:54"
671,672,1887,NULL,,,,,"2021-12-04 11:06:54"
512,513,1888,NULL,,,,,"2021-12-04 10:08:49"
888,890,1889,NULL,,,,,"2021-12-04 14:08:36"
889,890,1889,NULL,,,,,"2021-12-04 14:08:36"
792,793,1890,NULL,,,,,"2021-12-04 12:37:33"
835,837,1891,NULL,,,,,"2021-12-04 13:10:40"
836,837,1891,NULL,,,,,"2021-12-04 13:10:40"
817,818,1892,NULL,,,,,"2021-12-04 12:55:56"
1075,1076,1893,NULL,,,,,"2021-12-04 16:12:44"
921,922,1894,NULL,,,,,"2021-12-04 14:43:16"
989,992,1895,NULL,,,,,"2021-12-04 15:20:49"
990,992,1895,NULL,,,,,"2021-12-04 15:20:49"
991,992,1895,NULL,,,,,"2021-12-04 15:20:49"
923,924,1896,NULL,,,,,"2021-12-04 14:44:08"
1331,1332,1897,NULL,,,,,"2021-12-04 18:19:31"
1225,1226,1898,NULL,,,,,"2021-12-04 17:11:33"
1377,1378,1899,NULL,,,,,"2021-12-04 19:19:52"
1384,1385,1900,NULL,,,,,"2021-12-05 11:18:10"
1289,1290,1901,NULL,,,,,"2021-12-04 17:58:37"
1266,1267,1902,NULL,,,,,"2021-12-04 17:51:03"
1382,1383,1903,NULL,,,,,"2021-12-04 19:41:30"
1379,1381,1904,NULL,,,,,"2021-12-04 19:32:01"
1380,1381,1904,NULL,,,,,"2021-12-04 19:32:01"
1100,1101,1905,NULL,,,,,"2021-12-04 16:21:59"
1102,1104,1906,NULL,,,,,"2021-12-04 16:22:36"
1103,1104,1906,NULL,,,,,"2021-12-04 16:22:36"
1317,1318,1907,NULL,,,,,"2021-12-04 18:15:08"
1327,1330,1908,NULL,,,,,"2021-12-04 18:18:27"
1328,1330,1908,NULL,,,,,"2021-12-04 18:18:27"
1329,1330,1908,NULL,,,,,"2021-12-04 18:18:33"
1054,1055,1909,NULL,,,,,"2021-12-04 16:00:15"
1056,1058,1910,NULL,,,,,"2021-12-04 16:00:42"
1057,1058,1910,NULL,,,,,"2021-12-04 16:00:42"
1059,1060,1911,NULL,,,,,"2021-12-04 16:00:56"
1061,1063,1912,NULL,,,,,"2021-12-04 16:01:26"
1062,1063,1912,NULL,,,,,"2021-12-04 16:01:26"
1067,1068,1913,NULL,,,,,"2021-12-04 16:04:17"
1301,1302,1914,NULL,,,,,"2021-12-04 18:02:10"
1366,1367,1915,NULL,,,,,"2021-12-04 18:58:36"
1296,1297,1916,NULL,,,,,"2021-12-04 18:01:11"
1298,1300,1918,NULL,,,,,"2021-12-04 18:01:37"
1299,1300,1918,NULL,,,,,"2021-12-04 18:01:37"
1368,1369,1919,NULL,,,,,"2021-12-04 18:58:52"
685,686,1922,NULL,,,,,"2021-12-04 11:16:14"
528,529,1923,NULL,,,,,"2021-12-04 10:24:24"
680,682,1924,NULL,,,,,"2021-12-04 11:15:27"
681,682,1924,NULL,,,,,"2021-12-04 11:15:27"
830,831,1925,NULL,,,,,"2021-12-04 13:04:35"
790,791,1926,NULL,,,,,"2021-12-04 12:36:04"
1216,1218,1927,NULL,,,,,"2021-12-04 17:04:35"
1217,1218,1927,NULL,,,,,"2021-12-04 17:04:35"
938,940,1929,NULL,,,,,"2021-12-04 15:03:24"
939,940,1929,NULL,,,,,"2021-12-04 15:03:24"
1202,1203,1930,NULL,,,,,"2021-12-04 17:01:19"
1207,1209,1931,NULL,,,,,"2021-12-04 17:02:20"
1208,1209,1931,NULL,,,,,"2021-12-04 17:02:20"
104,105,1934,NULL,,,,,"2021-12-03 15:12:15"
30,31,1935,NULL,,,,,"2021-12-03 14:35:46"
6,7,1936,NULL,,,,,"2021-12-03 13:59:24"
28,29,1937,NULL,,,,,"2021-12-03 14:27:48"
106,108,1938,NULL,,,,,"2021-12-03 15:13:40"
107,108,1938,NULL,,,,,"2021-12-03 15:13:40"
126,127,1939,NULL,,,,,"2021-12-03 15:28:42"
92,93,1940,NULL,,,,,"2021-12-03 15:08:49"
96,97,1941,NULL,,,,,"2021-12-03 15:09:45"
168,169,1942,NULL,,,,,"2021-12-03 16:10:32"
154,155,1943,NULL,,,,,"2021-12-03 16:01:15"
49,50,1944,NULL,,,,,"2021-12-03 14:40:11"
150,151,1945,NULL,,,,,"2021-12-03 15:53:55"
166,167,1946,NULL,,,,,"2021-12-03 16:10:14"
216,217,1947,NULL,,,,,"2021-12-03 16:47:51"
192,193,1949,NULL,,,,,"2021-12-03 16:36:26"
233,234,1950,NULL,,,,,"2021-12-03 17:02:32"
235,236,1951,NULL,,,,,"2021-12-03 17:05:00"
311,312,1952,NULL,,,,,"2021-12-03 18:07:52"
388,389,1953,NULL,,,,,"2021-12-03 19:44:16"
280,281,1954,NULL,,,,,"2021-12-03 17:45:58"
343,345,1955,NULL,,,,,"2021-12-03 18:25:13"
344,345,1955,NULL,,,,,"2021-12-03 18:25:13"
313,314,1956,NULL,,,,,"2021-12-03 18:08:18"
700,701,1957,NULL,,,,,"2021-12-04 11:28:13"
787,789,1958,NULL,,,,,"2021-12-04 12:33:32"
788,789,1958,NULL,,,,,"2021-12-04 12:33:32"
611,612,1959,NULL,,,,,"2021-12-04 10:38:53"
676,677,1960,NULL,,,,,"2021-12-04 11:08:34"
925,926,1961,NULL,,,,,"2021-12-04 14:51:19"
882,883,1962,NULL,,,,,"2021-12-04 14:02:42"
1293,1295,1963,NULL,,,,,"2021-12-04 18:00:08"
1294,1295,1963,NULL,,,,,"2021-12-04 18:00:08"
1227,1228,1964,NULL,,,,,"2021-12-04 17:12:08"
259,260,1966,NULL,,,,,"2021-12-03 17:25:21"
330,331,1967,NULL,,,,,"2021-12-03 18:14:25"
350,351,1968,NULL,,,,,"2021-12-03 18:29:02"
365,366,1969,NULL,,,,,"2021-12-03 19:10:27"
390,392,1970,NULL,,,,,"2021-12-03 19:48:06"
391,392,1970,NULL,,,,,"2021-12-03 19:48:06"
367,368,1971,NULL,,,,,"2021-12-03 19:11:20"
417,418,1973,NULL,,,,,"2021-12-04 09:04:26"
413,414,1974,NULL,,,,,"2021-12-04 09:01:03"
415,416,1975,NULL,,,,,"2021-12-04 09:01:57"
435,436,1976,NULL,,,,,"2021-12-04 09:23:30"
421,422,1977,NULL,,,,,"2021-12-04 09:07:59"
419,420,1978,NULL,,,,,"2021-12-04 09:04:54"
538,539,1979,NULL,,,,,"2021-12-04 10:30:07"
530,531,1980,NULL,,,,,"2021-12-04 10:24:53"
640,641,1981,NULL,,,,,"2021-12-04 10:44:35"
752,753,1982,NULL,,,,,"2021-12-04 12:14:54"
878,879,1983,NULL,,,,,"2021-12-04 13:58:59"
862,864,1984,NULL,,,,,"2021-12-04 13:44:51"
863,864,1984,NULL,,,,,"2021-12-04 13:44:51"
915,916,1985,NULL,,,,,"2021-12-04 14:39:00"
1010,1012,1986,NULL,,,,,"2021-12-04 15:28:24"
1011,1012,1986,NULL,,,,,"2021-12-04 15:28:24"
1095,1096,1987,NULL,,,,,"2021-12-04 16:14:40"
1046,1047,1988,NULL,,,,,"2021-12-04 15:49:49"
1303,1304,1989,NULL,,,,,"2021-12-04 18:08:45"
1305,1306,1990,NULL,,,,,"2021-12-04 18:09:53"
1313,1314,1991,NULL,,,,,"2021-12-04 18:12:30"
1388,1389,1992,NULL,,,,,"2021-12-05 20:50:12"
1323,1324,1993,NULL,,,,,"2021-12-04 18:17:47"
1348,1349,1994,NULL,,,,,"2021-12-04 18:35:15"
1390,1391,1996,NULL,,,,,"2021-12-05 20:51:21"
1044,1045,1997,NULL,,,,,"2021-12-04 15:49:04"
1258,1259,1998,NULL,,,,,"2021-12-04 17:36:23"
1392,1393,1999,NULL,,,,,"2021-12-05 20:53:00"
1407,1408,2000,NULL,,,,,"2021-12-20 10:37:08"
734,735,2001,NULL,,,,,"2021-12-04 12:00:04"
813,814,2002,NULL,,,,,"2021-12-04 12:50:05"
731,733,2003,NULL,,,,,"2021-12-04 11:59:22"
732,733,2003,NULL,,,,,"2021-12-04 11:59:22"
893,894,2004,NULL,,,,,"2021-12-04 14:15:19"
927,928,2005,NULL,,,,,"2021-12-04 14:54:37"
1255,1257,2006,NULL,,,,,"2021-12-04 17:33:15"
1256,1257,2006,NULL,,,,,"2021-12-04 17:33:15"
1400,1401,2007,NULL,,,,,"2021-12-05 20:55:59"
1239,1241,2008,NULL,,,,,"2021-12-04 17:18:52"
1240,1241,2008,NULL,,,,,"2021-12-04 17:18:52"
1111,1113,2009,NULL,,,,,"2021-12-04 16:35:25"
1112,1113,2009,NULL,,,,,"2021-12-04 16:35:25"
1394,1395,2010,NULL,,,,,"2021-12-05 20:53:46"
1398,1399,2011,NULL,,,,,"2021-12-05 20:55:09"
1402,1403,2012,NULL,,,,,"2021-12-06 11:57:57"
768,769,2013,NULL,,,,,"2021-12-04 12:28:20"
532,533,2014,NULL,,,,,"2021-12-04 10:25:31"
534,535,2015,NULL,,,,,"2021-12-04 10:27:40"
770,771,2017,NULL,,,,,"2021-12-04 12:29:08"
774,775,2018,NULL,,,,,"2021-12-04 12:29:33"
860,861,2019,NULL,,,,,"2021-12-04 13:39:20"
1190,1192,2022,NULL,,,,,"2021-12-04 16:58:18"
1191,1192,2022,NULL,,,,,"2021-12-04 16:58:18"
1134,1135,2023,NULL,,,,,"2021-12-04 16:39:40"
540,541,2117,NULL,,,,,"2021-12-04 10:30:19"
544,545,2118,NULL,,,,,"2021-12-04 10:30:46"
546,547,2119,NULL,,,,,"2021-12-04 10:31:01"
548,549,2120,NULL,,,,,"2021-12-04 10:31:17"
550,551,2121,NULL,,,,,"2021-12-04 10:31:33"
552,553,2122,NULL,,,,,"2021-12-04 10:31:45"
554,555,2123,NULL,,,,,"2021-12-04 10:31:59"
556,557,2124,NULL,,,,,"2021-12-04 10:32:16"
558,559,2125,NULL,,,,,"2021-12-04 10:32:37"
560,561,2126,NULL,,,,,"2021-12-04 10:32:51"
562,563,2127,NULL,,,,,"2021-12-04 10:33:05"
564,565,2128,NULL,,,,,"2021-12-04 10:33:23"
566,568,2129,NULL,,,,,"2021-12-04 10:33:49"
567,568,2129,NULL,,,,,"2021-12-04 10:33:49"
569,570,2130,NULL,,,,,"2021-12-04 10:34:00"
571,572,2131,NULL,,,,,"2021-12-04 10:34:16"
573,574,2132,NULL,,,,,"2021-12-04 10:34:28"
575,576,2133,NULL,,,,,"2021-12-04 10:34:45"
579,580,2134,NULL,,,,,"2021-12-04 10:35:05"
581,582,2135,NULL,,,,,"2021-12-04 10:35:19"
583,584,2136,NULL,,,,,"2021-12-04 10:35:43"
585,586,2137,NULL,,,,,"2021-12-04 10:35:56"
587,588,2138,NULL,,,,,"2021-12-04 10:36:09"
589,590,2139,NULL,,,,,"2021-12-04 10:36:23"
591,592,2140,NULL,,,,,"2021-12-04 10:36:38"
664,665,2141,NULL,,,,,"2021-12-04 10:55:25"
646,647,2142,NULL,,,,,"2021-12-04 10:45:44"
648,649,2143,NULL,,,,,"2021-12-04 10:46:15"
650,651,2144,NULL,,,,,"2021-12-04 10:46:28"
806,807,2145,NULL,,,,,"2021-12-04 12:46:50"
673,675,2146,NULL,,,,,"2021-12-04 11:07:23"
674,675,2146,NULL,,,,,"2021-12-04 11:07:23"
962,963,2147,NULL,,,,,"2021-12-04 15:12:53"
964,966,2148,NULL,,,,,"2021-12-04 15:13:20"
965,966,2148,NULL,,,,,"2021-12-04 15:13:20"
595,596,2149,NULL,,,,,"2021-12-04 10:37:02"
599,600,2150,NULL,,,,,"2021-12-04 10:37:17"
601,602,2151,NULL,,,,,"2021-12-04 10:37:32"
603,604,2152,NULL,,,,,"2021-12-04 10:37:44"
605,606,2153,NULL,,,,,"2021-12-04 10:37:57"
607,608,2154,NULL,,,,,"2021-12-04 10:38:09"
609,610,2155,NULL,,,,,"2021-12-04 10:38:29"
613,615,2156,NULL,,,,,"2021-12-04 10:39:25"
614,615,2156,NULL,,,,,"2021-12-04 10:39:25"
625,626,2157,NULL,,,,,"2021-12-04 10:41:23"
627,628,2158,NULL,,,,,"2021-12-04 10:41:42"
629,631,2159,NULL,,,,,"2021-12-04 10:42:09"
630,631,2159,NULL,,,,,"2021-12-04 10:42:09"
632,633,2160,NULL,,,,,"2021-12-04 10:43:26"
634,635,2161,NULL,,,,,"2021-12-04 10:43:51"
636,637,2162,NULL,,,,,"2021-12-04 10:44:06"
638,639,2163,NULL,,,,,"2021-12-04 10:44:31"
642,643,2164,NULL,,,,,"2021-12-04 10:44:50"
819,821,2165,NULL,,,,,"2021-12-04 12:56:42"
820,821,2165,NULL,,,,,"2021-12-04 12:56:42"
692,693,2166,NULL,,,,,"2021-12-04 11:20:44"
702,703,2167,NULL,,,,,"2021-12-04 11:33:51"
644,645,2168,NULL,,,,,"2021-12-04 10:45:07"
825,826,2169,NULL,,,,,"2021-12-04 12:58:39"
945,946,2170,NULL,,,,,"2021-12-04 15:07:46"
956,957,2171,NULL,,,,,"2021-12-04 15:09:24"
743,744,2172,NULL,,,,,"2021-12-04 12:05:36"
960,961,2173,NULL,,,,,"2021-12-04 15:10:17"
1278,1280,2174,NULL,,,,,"2021-12-04 17:56:20"
1279,1280,2174,NULL,,,,,"2021-12-04 17:56:20"
1281,1283,2175,NULL,,,,,"2021-12-04 17:57:09"
1282,1283,2175,NULL,,,,,"2021-12-04 17:57:09"
1284,1285,2176,NULL,,,,,"2021-12-04 17:57:29"
1038,1039,2177,NULL,,,,,"2021-12-04 15:45:50"
1040,1041,2178,NULL,,,,,"2021-12-04 15:46:27"
1042,1043,2179,NULL,,,,,"2021-12-04 15:47:26"
1180,1181,2180,NULL,,,,,"2021-12-04 16:56:01"
1276,1277,2181,NULL,,,,,"2021-12-04 17:55:41"
967,969,2182,NULL,,,,,"2021-12-04 15:14:46"
968,969,2182,NULL,,,,,"2021-12-04 15:14:46"
1286,1288,2183,NULL,,,,,"2021-12-04 17:57:56"
1287,1288,2183,NULL,,,,,"2021-12-04 17:57:56"
1291,1292,2184,NULL,,,,,"2021-12-04 17:59:03"
710,711,2185,NULL,,,,,"2021-12-04 11:38:17"
722,723,2186,NULL,,,,,"2021-12-04 11:49:25"
704,705,2187,NULL,,,,,"2021-12-04 11:37:03"
706,707,2188,NULL,,,,,"2021-12-04 11:37:42"
970,971,2189,NULL,,,,,"2021-12-04 15:15:46"
972,974,2190,NULL,,,,,"2021-12-04 15:16:10"
973,974,2190,NULL,,,,,"2021-12-04 15:16:10"
1270,1271,2191,NULL,,,,,"2021-12-04 17:53:17"
975,976,2192,NULL,,,,,"2021-12-04 15:16:29"
977,978,2193,NULL,,,,,"2021-12-04 15:17:31"
1272,1273,2194,NULL,,,,,"2021-12-04 17:53:30"
1274,1275,2195,NULL,,,,,"2021-12-04 17:54:38"
1069,1070,2196,NULL,,,,,"2021-12-04 16:06:53"
662,663,2197,NULL,,,,,"2021-12-04 10:54:02"
619,620,2198,NULL,,,,,"2021-12-04 10:40:24"
621,622,2199,NULL,,,,,"2021-12-04 10:40:46"
623,624,2200,NULL,,,,,"2021-12-04 10:40:59"
979,981,2201,NULL,,,,,"2021-12-04 15:18:44"
980,981,2201,NULL,,,,,"2021-12-04 15:18:44"
716,717,2202,NULL,,,,,"2021-12-04 11:42:55"
1013,1014,2203,NULL,,,,,"2021-12-04 15:32:20"
761,762,2204,NULL,,,,,"2021-12-04 12:19:59"
838,839,2205,NULL,,,,,"2021-12-04 13:12:29"
1018,1020,2206,NULL,,,,,"2021-12-04 15:35:11"
1019,1020,2206,NULL,,,,,"2021-12-04 15:35:11"
1021,1022,2207,NULL,,,,,"2021-12-04 15:37:41"
1023,1024,2208,NULL,,,,,"2021-12-04 15:38:07"
1436,1438,2860,NULL,,,,,"2022-04-09 22:20:12"
1437,1438,2860,NULL,,,,,"2022-04-09 22:20:36"
1601,1602,2937,NULL,,,,,"2022-04-10 12:58:47"
1869,1870,2938,NULL,,,,,"2022-06-13 10:06:44"
1873,1874,2939,NULL,,,,,"2022-06-13 10:07:40"
1877,1878,2941,NULL,,,,,"2022-06-13 10:08:19"
1875,1876,2942,NULL,,,,,"2022-06-13 10:08:02"
1879,1880,2945,NULL,,,,,"2022-06-13 10:08:38"
1881,1882,2946,NULL,,,,,"2022-06-13 10:08:53"
1847,1848,3039,NULL,,,,,"2022-06-13 10:00:53"
1849,1851,3040,NULL,,,,,"2022-06-13 10:01:22"
1850,1851,3040,NULL,,,,,"2022-06-13 10:01:22"
1852,1853,3041,NULL,,,,,"2022-06-13 10:01:37"
1854,1855,3042,NULL,,,,,"2022-06-13 10:01:48"
1856,1857,3043,NULL,,,,,"2022-06-13 10:02:07"
1858,1859,3044,NULL,,,,,"2022-06-13 10:02:18"
1860,1861,3047,NULL,,,,,"2022-06-13 10:02:34"
1825,1826,3087,NULL,,,,,"2022-06-13 09:35:16"
1827,1828,3088,NULL,,,,,"2022-06-13 09:35:26"
1829,1831,3089,NULL,,,,,"2022-06-13 09:35:45"
1830,1831,3089,NULL,,,,,"2022-06-13 09:35:45"
1832,1833,3090,NULL,,,,,"2022-06-13 09:35:59"
1834,1835,3091,NULL,,,,,"2022-06-13 09:56:40"
1836,1837,3092,NULL,,,,,"2022-06-13 09:57:12"
1842,1844,3095,NULL,,,,,"2022-06-13 09:58:34"
1843,1844,3095,NULL,,,,,"2022-06-13 09:58:34"
1652,1653,3111,NULL,,,,,"2022-04-10 21:48:31"
1654,1656,3112,NULL,,,,,"2022-04-10 21:48:51"
1655,1656,3112,NULL,,,,,"2022-04-10 21:48:51"
1657,1658,3113,NULL,,,,,"2022-04-10 21:49:03"
1659,1660,3114,NULL,,,,,"2022-04-10 21:49:14"
1663,1664,3115,NULL,,,,,"2022-04-10 21:49:38"
1661,1662,3116,NULL,,,,,"2022-04-10 21:49:28"
1667,1669,3119,NULL,,,,,"2022-04-10 21:50:25"
1668,1669,3119,NULL,,,,,"2022-04-10 21:50:25"
1888,1889,3147,NULL,,,,,"2022-06-13 10:12:08"
1890,1891,3148,NULL,,,,,"2022-06-13 10:12:20"
1892,1893,3149,NULL,,,,,"2022-06-13 10:12:38"
1894,1896,3151,NULL,,,,,"2022-06-13 10:13:05"
1895,1896,3151,NULL,,,,,"2022-06-13 10:13:05"
1897,1898,3152,NULL,,,,,"2022-06-13 10:13:16"
1901,1903,3155,NULL,,,,,"2022-06-13 10:14:03"
1902,1903,3155,NULL,,,,,"2022-06-13 10:14:03"
1899,1900,3156,NULL,,,,,"2022-06-13 10:13:32"
1631,1632,3195,NULL,,,,,"2022-04-10 21:44:01"
1633,1635,3196,NULL,,,,,"2022-04-10 21:44:28"
1634,1635,3196,NULL,,,,,"2022-04-10 21:44:28"
1640,1641,3197,NULL,,,,,"2022-04-10 21:45:37"
1642,1643,3199,NULL,,,,,"2022-04-10 21:45:54"
1644,1646,3200,NULL,,,,,"2022-04-10 21:46:15"
1645,1646,3200,NULL,,,,,"2022-04-10 21:46:15"
1647,1648,3203,NULL,,,,,"2022-04-10 21:46:28"
1749,1750,3549,NULL,,,,,"2022-06-11 09:23:14"
1805,1806,3586,NULL,,,,,"2022-06-13 09:26:52"
1803,1804,3587,NULL,,,,,"2022-06-13 09:26:37"
1801,1802,3588,NULL,,,,,"2022-06-13 09:26:20"
1799,1800,3589,NULL,,,,,"2022-06-13 09:25:37"
1807,1809,3590,NULL,,,,,"2022-06-13 09:28:00"
1808,1809,3590,NULL,,,,,"2022-06-13 09:28:00"
1810,1811,3591,NULL,,,,,"2022-06-13 09:28:15"
1814,1815,3594,NULL,,,,,"2022-06-13 09:29:03"
1816,1817,3595,NULL,,,,,"2022-06-13 09:29:17"
1970,1971,3802,NULL,,,,,"2022-06-17 11:50:39"
1974,1975,3803,NULL,,,,,"2022-06-17 11:52:25"
1972,1973,3804,NULL,,,,,"2022-06-17 11:51:04"
1983,1984,3805,NULL,,,,,"2022-06-17 12:31:30"
1985,1986,3806,NULL,,,,,"2022-06-17 12:52:10"
2000,2001,3807,NULL,,,,,"2022-06-17 13:40:33"
1997,1999,3808,NULL,,,,,"2022-06-17 13:16:01"
1998,1999,3808,NULL,,,,,"2022-06-17 13:16:01"
2007,2008,3809,NULL,,,,,"2022-06-17 14:00:47"
2024,2025,3810,NULL,,,,,"2022-06-17 15:16:32"
2015,2016,3811,NULL,,,,,"2022-06-17 14:45:57"
2017,2018,3812,NULL,,,,,"2022-06-17 15:03:53"
2021,2023,3813,NULL,,,,,"2022-06-17 15:09:40"
2022,2023,3813,NULL,,,,,"2022-06-17 15:09:40"
1978,1979,3838,NULL,,,,,"2022-06-17 12:05:19"
1976,1977,3839,NULL,,,,,"2022-06-17 12:01:28"
1994,1996,3840,NULL,,,,,"2022-06-17 13:14:10"
1995,1996,3840,NULL,,,,,"2022-06-17 13:14:10"
1968,1969,3841,NULL,,,,,"2022-06-17 11:42:01"
2004,2006,3842,NULL,,,,,"2022-06-17 13:52:42"
2005,2006,3842,NULL,,,,,"2022-06-17 13:52:42"
2009,2010,3843,NULL,,,,,"2022-06-17 14:09:06"
2011,2012,3844,NULL,,,,,"2022-06-17 14:09:56"
2002,2003,3845,NULL,,,,,"2022-06-17 13:42:31"
2019,2020,3846,NULL,,,,,"2022-06-17 15:04:40"
2026,2027,3847,NULL,,,,,"2022-06-17 15:41:41"
2028,2029,3848,NULL,,,,,"2022-06-17 16:01:02"
2013,2014,3849,NULL,,,,,"2022-06-17 14:22:56"
6122,6123,5741,NULL,,,,,"2022-12-02 13:46:22"
6149,6150,5742,NULL,,,,,"2022-12-02 14:09:53"
6171,6172,5743,NULL,,,,,"2022-12-02 14:20:21"
6132,6133,5745,NULL,,,,,"2022-12-02 13:58:22"
6185,6186,5746,NULL,,,,,"2022-12-02 14:32:56"
6197,6198,5747,NULL,,,,,"2022-12-02 14:52:22"
6151,6152,5748,NULL,,,,,"2022-12-02 14:14:12"
6199,6200,5749,NULL,,,,,"2022-12-02 14:53:12"
6245,6247,5750,NULL,,,,,"2022-12-02 15:38:48"
6246,6247,5750,NULL,,,,,"2022-12-02 15:38:48"
6266,6267,5751,NULL,,,,,"2022-12-02 15:54:57"
6250,6251,5752,NULL,,,,,"2022-12-02 15:39:43"
6252,6253,5753,NULL,,,,,"2022-12-02 15:39:58"
6262,6263,5754,NULL,,,,,"2022-12-02 15:48:52"
6278,6279,5755,NULL,,,,,"2022-12-02 16:14:11"
6298,6299,5756,NULL,,,,,"2022-12-02 16:26:25"
6436,6437,5757,NULL,,,,,"2022-12-02 18:08:49"
6379,6380,5758,NULL,,,,,"2022-12-02 17:58:20"
6494,6496,5759,NULL,,,,,"2022-12-02 19:19:15"
6495,6496,5759,NULL,,,,,"2022-12-02 19:19:15"
6481,6482,5760,NULL,,,,,"2022-12-02 18:55:34"
6479,6480,5761,NULL,,,,,"2022-12-02 18:52:29"
6485,6486,5762,NULL,,,,,"2022-12-02 19:05:38"
6499,6500,5763,NULL,,,,,"2022-12-02 19:21:53"
6490,6491,5764,NULL,,,,,"2022-12-02 19:15:52"
6700,6701,5765,NULL,,,,,"2022-12-03 11:52:57"
6702,6704,5766,NULL,,,,,"2022-12-03 11:58:05"
6703,6704,5766,NULL,,,,,"2022-12-03 11:58:05"
6684,6685,5767,NULL,,,,,"2022-12-03 11:37:10"
6661,6662,5768,NULL,,,,,"2022-12-03 11:10:24"
6862,6863,5769,NULL,,,,,"2022-12-03 14:35:33"
6904,6906,5770,NULL,,,,,"2022-12-03 15:36:15"
6905,6906,5770,NULL,,,,,"2022-12-03 15:36:15"
7202,7203,5771,NULL,,,,,"2022-12-04 11:35:41"
7199,7201,5772,NULL,,,,,"2022-12-04 11:33:50"
7200,7201,5772,NULL,,,,,"2022-12-04 11:33:50"
6300,6301,5773,NULL,,,,,"2022-12-02 16:31:01"
6430,6432,5775,NULL,,,,,"2022-12-02 18:07:57"
6431,6432,5775,NULL,,,,,"2022-12-02 18:07:57"
6373,6375,5776,NULL,,,,,"2022-12-02 17:48:30"
6374,6375,5776,NULL,,,,,"2022-12-02 17:48:30"
6318,6319,5777,NULL,,,,,"2022-12-02 17:08:43"
6433,6435,5778,NULL,,,,,"2022-12-02 18:08:29"
6434,6435,5778,NULL,,,,,"2022-12-02 18:08:29"
6314,6315,5779,NULL,,,,,"2022-12-02 17:03:26"
6580,6582,5781,NULL,,,,,"2022-12-03 09:40:06"
6581,6582,5781,NULL,,,,,"2022-12-03 09:40:06"
6532,6533,5782,NULL,,,,,"2022-12-03 09:00:05"
6578,6579,5783,NULL,,,,,"2022-12-03 09:39:41"
6563,6565,5784,NULL,,,,,"2022-12-03 09:22:42"
6564,6565,5784,NULL,,,,,"2022-12-03 09:22:42"
6566,6567,5785,NULL,,,,,"2022-12-03 09:25:10"
6540,6541,5786,NULL,,,,,"2022-12-03 09:04:16"
6619,6620,5787,NULL,,,,,"2022-12-03 10:21:28"
6634,6635,5788,NULL,,,,,"2022-12-03 10:37:48"
6815,6816,5789,NULL,,,,,"2022-12-03 13:38:55"
6791,6792,5790,NULL,,,,,"2022-12-03 13:26:28"
6749,6750,5791,NULL,,,,,"2022-12-03 12:51:27"
6804,6805,5792,NULL,,,,,"2022-12-03 13:32:36"
6920,6922,5793,NULL,,,,,"2022-12-03 15:44:58"
6921,6922,5793,NULL,,,,,"2022-12-03 15:44:58"
6879,6880,5794,NULL,,,,,"2022-12-03 14:49:30"
6930,6931,5795,NULL,,,,,"2022-12-03 15:51:11"
6949,6950,5796,NULL,,,,,"2022-12-03 16:06:59"
7059,7060,5797,NULL,,,,,"2022-12-04 08:58:39"
7073,7074,5798,NULL,,,,,"2022-12-04 09:15:40"
7216,7217,5799,NULL,,,,,"2022-12-04 11:56:05"
7204,7205,5800,NULL,,,,,"2022-12-04 11:36:54"
7133,7135,5801,NULL,,,,,"2022-12-04 10:11:51"
7134,7135,5801,NULL,,,,,"2022-12-04 10:11:51"
7096,7097,5802,NULL,,,,,"2022-12-04 09:27:22"
7220,7221,5803,NULL,,,,,"2022-12-04 12:00:59"
7256,7258,5804,NULL,,,,,"2022-12-04 13:32:15"
7257,7258,5804,NULL,,,,,"2022-12-04 13:32:15"
7002,7004,5805,NULL,,,,,"2022-12-03 17:04:01"
7003,7004,5805,NULL,,,,,"2022-12-03 17:04:01"
6993,6994,5806,NULL,,,,,"2022-12-03 16:52:11"
7119,7120,5807,NULL,,,,,"2022-12-04 09:53:25"
7069,7070,5808,NULL,,,,,"2022-12-04 09:14:35"
6688,6689,5809,NULL,,,,,"2022-12-03 11:39:03"
6723,6724,5810,NULL,,,,,"2022-12-03 12:19:41"
6789,6790,5811,NULL,,,,,"2022-12-03 13:24:04"
6786,6788,5812,NULL,,,,,"2022-12-03 13:23:52"
6787,6788,5812,NULL,,,,,"2022-12-03 13:23:52"
6838,6840,5813,NULL,,,,,"2022-12-03 14:17:15"
6839,6840,5813,NULL,,,,,"2022-12-03 14:17:15"
7172,7174,5815,NULL,,,,,"2022-12-04 10:57:03"
7173,7174,5815,NULL,,,,,"2022-12-04 10:57:03"
6875,6876,5816,NULL,,,,,"2022-12-03 14:47:25"
6925,6926,5817,NULL,,,,,"2022-12-03 15:46:24"
7131,7132,5818,NULL,,,,,"2022-12-04 10:10:12"
7136,7137,5819,NULL,,,,,"2022-12-04 10:12:36"
7210,7211,5820,NULL,,,,,"2022-12-04 11:46:36"
6673,6674,5822,NULL,,,,,"2022-12-03 11:22:26"
6644,6645,5823,NULL,,,,,"2022-12-03 10:47:39"
6844,6845,5825,NULL,,,,,"2022-12-03 14:23:12"
6985,6986,5827,NULL,,,,,"2022-12-03 16:47:23"
6991,6992,5830,NULL,,,,,"2022-12-03 16:51:44"
6189,6190,5926,NULL,,,,,"2022-12-02 14:40:17"
6167,6168,5927,NULL,,,,,"2022-12-02 14:17:41"
6177,6178,5928,NULL,,,,,"2022-12-02 14:25:16"
6145,6146,5929,NULL,,,,,"2022-12-02 14:05:08"
6165,6166,5930,NULL,,,,,"2022-12-02 14:17:25"
6169,6170,5931,NULL,,,,,"2022-12-02 14:18:07"
6237,6238,5932,NULL,,,,,"2022-12-02 15:29:14"
6235,6236,5933,NULL,,,,,"2022-12-02 15:28:57"
6233,6234,5934,NULL,,,,,"2022-12-02 15:28:40"
6239,6240,5935,NULL,,,,,"2022-12-02 15:32:00"
6223,6224,5936,NULL,,,,,"2022-12-02 15:18:30"
6243,6244,5937,NULL,,,,,"2022-12-02 15:36:24"
6268,6269,5938,NULL,,,,,"2022-12-02 15:55:17"
6306,6307,5939,NULL,,,,,"2022-12-02 16:38:05"
6308,6309,5940,NULL,,,,,"2022-12-02 16:39:49"
6444,6445,5941,NULL,,,,,"2022-12-02 18:18:51"
6456,6457,5942,NULL,,,,,"2022-12-02 18:29:36"
6487,6489,5943,NULL,,,,,"2022-12-02 19:10:38"
6488,6489,5943,NULL,,,,,"2022-12-02 19:10:38"
6365,6366,5944,NULL,,,,,"2022-12-02 17:40:16"
6472,6474,5945,NULL,,,,,"2022-12-02 18:43:21"
6473,6474,5945,NULL,,,,,"2022-12-02 18:43:21"
6442,6443,5946,NULL,,,,,"2022-12-02 18:11:54"
6518,6519,5947,NULL,,,,,"2022-12-02 19:54:05"
6501,6502,5948,NULL,,,,,"2022-12-02 19:25:51"
6671,6672,5949,NULL,,,,,"2022-12-03 11:19:39"
6692,6693,5950,NULL,,,,,"2022-12-03 11:41:36"
6766,6768,5951,NULL,,,,,"2022-12-03 13:03:47"
6767,6768,5951,NULL,,,,,"2022-12-03 13:03:47"
6690,6691,5952,NULL,,,,,"2022-12-03 11:39:13"
6923,6924,5953,NULL,,,,,"2022-12-03 15:45:55"
6959,6960,5954,NULL,,,,,"2022-12-03 16:18:08"
7156,7157,5955,NULL,,,,,"2022-12-04 10:31:44"
7152,7153,5956,NULL,,,,,"2022-12-04 10:27:43"
6331,6332,5958,NULL,,,,,"2022-12-02 17:13:41"
6294,6295,5959,NULL,,,,,"2022-12-02 16:25:46"
6348,6350,5960,NULL,,,,,"2022-12-02 17:35:22"
6349,6350,5960,NULL,,,,,"2022-12-02 17:35:22"
6452,6453,5961,NULL,,,,,"2022-12-02 18:27:26"
6458,6459,5962,NULL,,,,,"2022-12-02 18:35:27"
6454,6455,5963,NULL,,,,,"2022-12-02 18:27:50"
6497,6498,5964,NULL,,,,,"2022-12-02 19:19:40"
6557,6558,5965,NULL,,,,,"2022-12-03 09:19:41"
6570,6571,5966,NULL,,,,,"2022-12-03 09:28:54"
6574,6575,5967,NULL,,,,,"2022-12-03 09:32:20"
6530,6531,5968,NULL,,,,,"2022-12-03 09:00:04"
6568,6569,5969,NULL,,,,,"2022-12-03 09:28:37"
6559,6560,5970,NULL,,,,,"2022-12-03 09:19:57"
6599,6600,5971,NULL,,,,,"2022-12-03 10:03:10"
6625,6627,5972,NULL,,,,,"2022-12-03 10:30:41"
6626,6627,5972,NULL,,,,,"2022-12-03 10:30:41"
6810,6812,5973,NULL,,,,,"2022-12-03 13:36:23"
6811,6812,5973,NULL,,,,,"2022-12-03 13:36:23"
6756,6757,5974,NULL,,,,,"2022-12-03 12:53:48"
6796,6798,5975,NULL,,,,,"2022-12-03 13:29:10"
6797,6798,5975,NULL,,,,,"2022-12-03 13:29:10"
6779,6780,5976,NULL,,,,,"2022-12-03 13:16:57"
6934,6935,5977,NULL,,,,,"2022-12-03 15:54:32"
6980,6982,5978,NULL,,,,,"2022-12-03 16:42:25"
6981,6982,5978,NULL,,,,,"2022-12-03 16:42:25"
6974,6975,5979,NULL,,,,,"2022-12-03 16:37:06"
6987,6988,5980,NULL,,,,,"2022-12-03 16:49:09"
7079,7080,5981,NULL,,,,,"2022-12-04 09:19:39"
7107,7108,5982,NULL,,,,,"2022-12-04 09:38:18"
7186,7187,5983,NULL,,,,,"2022-12-04 11:14:22"
7116,7118,5984,NULL,,,,,"2022-12-04 09:50:47"
7117,7118,5984,NULL,,,,,"2022-12-04 09:50:47"
7077,7078,5985,NULL,,,,,"2022-12-04 09:19:26"
7057,7058,5986,NULL,,,,,"2022-12-04 08:55:14"
7188,7189,5987,NULL,,,,,"2022-12-04 11:16:44"
7208,7209,5988,NULL,,,,,"2022-12-04 11:44:42"
6983,6984,5989,NULL,,,,,"2022-12-03 16:43:02"
6976,6977,5990,NULL,,,,,"2022-12-03 16:38:47"
7109,7110,5991,NULL,,,,,"2022-12-04 09:42:29"
7067,7068,5992,NULL,,,,,"2022-12-04 09:06:47"
6705,6707,5993,NULL,,,,,"2022-12-03 12:01:10"
6706,6707,5993,NULL,,,,,"2022-12-03 12:01:10"
6678,6679,5994,NULL,,,,,"2022-12-03 11:34:20"
6851,6852,5995,NULL,,,,,"2022-12-03 14:28:32"
6799,6801,5996,NULL,,,,,"2022-12-03 13:29:37"
6800,6801,5996,NULL,,,,,"2022-12-03 13:29:37"
6877,6878,5997,NULL,,,,,"2022-12-03 14:49:24"
6941,6942,5998,NULL,,,,,"2022-12-03 16:00:55"
7192,7194,5999,NULL,,,,,"2022-12-04 11:22:47"
7193,7194,5999,NULL,,,,,"2022-12-04 11:22:47"
6967,6968,6000,NULL,,,,,"2022-12-03 16:21:37"
6965,6966,6001,NULL,,,,,"2022-12-03 16:21:24"
7049,7050,6002,NULL,,,,,"2022-12-03 21:19:13"
7154,7155,6003,NULL,,,,,"2022-12-04 10:30:28"
7140,7141,6004,NULL,,,,,"2022-12-04 10:16:25"
6636,6637,6006,NULL,,,,,"2022-12-03 10:38:32"
6611,6612,6007,NULL,,,,,"2022-12-03 10:16:13"
6623,6624,6008,NULL,,,,,"2022-12-03 10:29:57"
6858,6859,6009,NULL,,,,,"2022-12-03 14:30:41"
6854,6855,6010,NULL,,,,,"2022-12-03 14:29:13"
7031,7033,6011,NULL,,,,,"2022-12-03 17:58:37"
7032,7033,6011,NULL,,,,,"2022-12-03 17:58:37"
6856,6857,6013,NULL,,,,,"2022-12-03 14:29:27"
7009,7011,6014,NULL,,,,,"2022-12-03 17:30:27"
7010,7011,6014,NULL,,,,,"2022-12-03 17:30:27"
7034,7036,6015,NULL,,,,,"2022-12-03 17:59:05"
7035,7036,6015,NULL,,,,,"2022-12-03 17:59:05"
6153,6154,6018,NULL,,,,,"2022-12-02 14:14:12"
6157,6158,6019,NULL,,,,,"2022-12-02 14:14:34"
6159,6160,6020,NULL,,,,,"2022-12-02 14:14:59"
6163,6164,6022,NULL,,,,,"2022-12-02 14:16:03"
6134,6135,6023,NULL,,,,,"2022-12-02 13:58:42"
6195,6196,6024,NULL,,,,,"2022-12-02 14:47:57"
6181,6182,6025,NULL,,,,,"2022-12-02 14:32:24"
6215,6216,6026,NULL,,,,,"2022-12-02 15:08:45"
6260,6261,6027,NULL,,,,,"2022-12-02 15:43:40"
6226,6227,6028,NULL,,,,,"2022-12-02 15:24:53"
6228,6229,6029,NULL,,,,,"2022-12-02 15:25:15"
6264,6265,6030,NULL,,,,,"2022-12-02 15:53:21"
6286,6287,6031,NULL,,,,,"2022-12-02 16:20:40"
6282,6283,6032,NULL,,,,,"2022-12-02 16:19:38"
6292,6293,6033,NULL,,,,,"2022-12-02 16:24:04"
6337,6338,6034,NULL,,,,,"2022-12-02 17:19:20"
6312,6313,6035,NULL,,,,,"2022-12-02 16:48:28"
6357,6358,6036,NULL,,,,,"2022-12-02 17:36:53"
6339,6340,6037,NULL,,,,,"2022-12-02 17:27:09"
6359,6360,6038,NULL,,,,,"2022-12-02 17:37:20"
6477,6478,6039,NULL,,,,,"2022-12-02 18:49:58"
6450,6451,6040,NULL,,,,,"2022-12-02 18:23:36"
6646,6647,6041,NULL,,,,,"2022-12-03 10:53:43"
6668,6670,6042,NULL,,,,,"2022-12-03 11:18:19"
6669,6670,6042,NULL,,,,,"2022-12-03 11:18:19"
6654,6656,6043,NULL,,,,,"2022-12-03 11:01:56"
6655,6656,6043,NULL,,,,,"2022-12-03 11:01:56"
6666,6667,6044,NULL,,,,,"2022-12-03 11:17:40"
6762,6763,6045,NULL,,,,,"2022-12-03 12:59:29"
6793,6794,6046,NULL,,,,,"2022-12-03 13:26:35"
7098,7099,6047,NULL,,,,,"2022-12-04 09:28:26"
7138,7139,6048,NULL,,,,,"2022-12-04 10:14:37"
6341,6342,6050,NULL,,,,,"2022-12-02 17:28:22"
6284,6285,6052,NULL,,,,,"2022-12-02 16:20:07"
6440,6441,6053,NULL,,,,,"2022-12-02 18:11:44"
6446,6447,6054,NULL,,,,,"2022-12-02 18:22:56"
6376,6378,6055,NULL,,,,,"2022-12-02 17:51:59"
6377,6378,6055,NULL,,,,,"2022-12-02 17:51:59"
6448,6449,6056,NULL,,,,,"2022-12-02 18:23:18"
6592,6594,6057,NULL,,,,,"2022-12-03 09:58:39"
6593,6594,6057,NULL,,,,,"2022-12-03 09:58:39"
6548,6549,6058,NULL,,,,,"2022-12-03 09:08:14"
6538,6539,6059,NULL,,,,,"2022-12-03 09:04:12"
6536,6537,6060,NULL,,,,,"2022-12-03 09:02:41"
6542,6543,6061,NULL,,,,,"2022-12-03 09:04:38"
6534,6535,6062,NULL,,,,,"2022-12-03 09:01:44"
6603,6604,6063,NULL,,,,,"2022-12-03 10:08:33"
6605,6606,6064,NULL,,,,,"2022-12-03 10:08:57"
6735,6736,6065,NULL,,,,,"2022-12-03 12:23:06"
6731,6734,6066,NULL,,,,,"2022-12-03 12:22:41"
6732,6734,6066,NULL,,,,,"2022-12-03 12:22:41"
6733,6734,6066,NULL,,,,,"2022-12-03 12:22:41"
6698,6699,6067,NULL,,,,,"2022-12-03 11:46:47"
6729,6730,6068,NULL,,,,,"2022-12-03 12:22:09"
6872,6874,6069,NULL,,,,,"2022-12-03 14:47:11"
6873,6874,6069,NULL,,,,,"2022-12-03 14:47:11"
6893,6895,6070,NULL,,,,,"2022-12-03 15:18:02"
6894,6895,6070,NULL,,,,,"2022-12-03 15:18:02"
6881,6882,6071,NULL,,,,,"2022-12-03 14:51:43"
6932,6933,6072,NULL,,,,,"2022-12-03 15:54:28"
7075,7076,6073,NULL,,,,,"2022-12-04 09:17:26"
7065,7066,6074,NULL,,,,,"2022-12-04 09:02:21"
7142,7143,6075,NULL,,,,,"2022-12-04 10:23:00"
7197,7198,6076,NULL,,,,,"2022-12-04 11:30:25"
6995,6997,6077,NULL,,,,,"2022-12-03 16:57:31"
6996,6997,6077,NULL,,,,,"2022-12-03 16:57:31"
7018,7020,6078,NULL,,,,,"2022-12-03 17:43:24"
7019,7020,6078,NULL,,,,,"2022-12-03 17:43:24"
7121,7123,6079,NULL,,,,,"2022-12-04 09:55:39"
7122,7123,6079,NULL,,,,,"2022-12-04 09:55:39"
7128,7130,6080,NULL,,,,,"2022-12-04 10:00:10"
7129,7130,6080,NULL,,,,,"2022-12-04 10:00:10"
6953,6954,6081,NULL,,,,,"2022-12-03 16:10:00"
6943,6944,6082,NULL,,,,,"2022-12-03 16:03:29"
7150,7151,6083,NULL,,,,,"2022-12-04 10:25:43"
6727,6728,6085,NULL,,,,,"2022-12-03 12:21:33"
6648,6649,6086,NULL,,,,,"2022-12-03 10:55:46"
6739,6740,6087,NULL,,,,,"2022-12-03 12:25:07"
6769,6770,6088,NULL,,,,,"2022-12-03 13:08:20"
6831,6832,6089,NULL,,,,,"2022-12-03 14:06:45"
6864,6865,6090,NULL,,,,,"2022-12-03 14:36:44"
7248,7250,6091,NULL,,,,,"2022-12-04 13:07:06"
7249,7250,6091,NULL,,,,,"2022-12-04 13:07:06"
6846,6848,6092,NULL,,,,,"2022-12-03 14:25:45"
6847,6848,6092,NULL,,,,,"2022-12-03 14:25:45"
6885,6886,6093,NULL,,,,,"2022-12-03 14:59:06"
7195,7196,6094,NULL,,,,,"2022-12-04 11:24:16"
7084,7086,6095,NULL,,,,,"2022-12-04 09:21:18"
7085,7086,6095,NULL,,,,,"2022-12-04 09:21:18"
6628,6629,6099,NULL,,,,,"2022-12-03 10:32:51"
6607,6608,6100,NULL,,,,,"2022-12-03 10:09:18"
6771,6772,6101,NULL,,,,,"2022-12-03 13:08:35"
6817,6818,6102,NULL,,,,,"2022-12-03 13:42:47"
6945,6946,6103,NULL,,,,,"2022-12-03 16:03:54"
6777,6778,6105,NULL,,,,,"2022-12-03 13:13:28"
6813,6814,6106,NULL,,,,,"2022-12-03 13:37:55"
6969,6971,6107,NULL,,,,,"2022-12-03 16:25:14"
6970,6971,6107,NULL,,,,,"2022-12-03 16:25:14"
6201,6203,7490,NULL,,,,,"2022-12-02 14:54:27"
6202,6203,7490,NULL,,,,,"2022-12-02 14:54:27"
6128,6129,7491,NULL,,,,,"2022-12-02 13:52:32"
6138,6139,7492,NULL,,,,,"2022-12-02 14:01:43"
6136,6137,7493,NULL,,,,,"2022-12-02 14:01:27"
6173,6174,7494,NULL,,,,,"2022-12-02 14:22:02"
6193,6194,7495,NULL,,,,,"2022-12-02 14:47:06"
6187,6188,7496,NULL,,,,,"2022-12-02 14:35:13"
6204,6205,7497,NULL,,,,,"2022-12-02 14:54:48"
6208,6209,7498,NULL,,,,,"2022-12-02 14:56:52"
6248,6249,7499,NULL,,,,,"2022-12-02 15:39:36"
6254,6255,7500,NULL,,,,,"2022-12-02 15:40:39"
6256,6257,7501,NULL,,,,,"2022-12-02 15:41:19"
6274,6275,7502,NULL,,,,,"2022-12-02 16:13:44"
6296,6297,7503,NULL,,,,,"2022-12-02 16:26:12"
6329,6330,7505,NULL,,,,,"2022-12-02 17:13:14"
6354,6356,7506,NULL,,,,,"2022-12-02 17:36:52"
6355,6356,7506,NULL,,,,,"2022-12-02 17:36:52"
6335,6336,7507,NULL,,,,,"2022-12-02 17:14:33"
6460,6461,7508,NULL,,,,,"2022-12-02 18:37:17"
6464,6465,7509,NULL,,,,,"2022-12-02 18:37:57"
6462,6463,7510,NULL,,,,,"2022-12-02 18:37:38"
6468,6469,7511,NULL,,,,,"2022-12-02 18:38:27"
6470,6471,7512,NULL,,,,,"2022-12-02 18:38:41"
6640,6641,7513,NULL,,,,,"2022-12-03 10:44:02"
6719,6720,7514,NULL,,,,,"2022-12-03 12:13:19"
6682,6683,7515,NULL,,,,,"2022-12-03 11:34:48"
6680,6681,7516,NULL,,,,,"2022-12-03 11:34:29"
6823,6824,7517,NULL,,,,,"2022-12-03 13:54:15"
6896,6897,7518,NULL,,,,,"2022-12-03 15:18:10"
7183,7185,7519,NULL,,,,,"2022-12-04 11:13:39"
7184,7185,7519,NULL,,,,,"2022-12-04 11:13:39"
7167,7168,7520,NULL,,,,,"2022-12-04 10:48:05"
6280,6281,7522,NULL,,,,,"2022-12-02 16:15:50"
6276,6277,7523,NULL,,,,,"2022-12-02 16:14:08"
6304,6305,7524,NULL,,,,,"2022-12-02 16:35:49"
6322,6324,7525,NULL,,,,,"2022-12-02 17:12:15"
6323,6324,7525,NULL,,,,,"2022-12-02 17:12:15"
6351,6353,7526,NULL,,,,,"2022-12-02 17:35:44"
6352,6353,7526,NULL,,,,,"2022-12-02 17:35:44"
6466,6467,7527,NULL,,,,,"2022-12-02 18:38:14"
6555,6556,7529,NULL,,,,,"2022-12-03 09:19:31"
6528,6529,7530,NULL,,,,,"2022-12-03 08:52:27"
6617,6618,7531,NULL,,,,,"2022-12-03 10:20:46"
6576,6577,7532,NULL,,,,,"2022-12-03 09:32:59"
6550,6551,7533,NULL,,,,,"2022-12-03 09:08:15"
6595,6596,7534,NULL,,,,,"2022-12-03 10:00:20"
6632,6633,7535,NULL,,,,,"2022-12-03 10:36:26"
6601,6602,7536,NULL,,,,,"2022-12-03 10:04:34"
6758,6759,7537,NULL,,,,,"2022-12-03 12:57:46"
6773,6774,7538,NULL,,,,,"2022-12-03 13:09:22"
6760,6761,7539,NULL,,,,,"2022-12-03 12:58:01"
6721,6722,7540,NULL,,,,,"2022-12-03 12:13:33"
6869,6871,7541,NULL,,,,,"2022-12-03 14:41:07"
6870,6871,7541,NULL,,,,,"2022-12-03 14:41:07"
6889,6890,7542,NULL,,,,,"2022-12-03 15:16:42"
6860,6861,7543,NULL,,,,,"2022-12-03 14:35:06"
6972,6973,7544,NULL,,,,,"2022-12-03 16:31:06"
7111,7112,7545,NULL,,,,,"2022-12-04 09:44:29"
7071,7072,7546,NULL,,,,,"2022-12-04 09:15:03"
7206,7207,7547,NULL,,,,,"2022-12-04 11:44:16"
7251,7252,7548,NULL,,,,,"2022-12-04 13:27:43"
7105,7106,7549,NULL,,,,,"2022-12-04 09:34:14"
7126,7127,7550,NULL,,,,,"2022-12-04 10:00:05"
7253,7255,7551,NULL,,,,,"2022-12-04 13:28:03"
7254,7255,7551,NULL,,,,,"2022-12-04 13:28:03"
7224,7225,7552,NULL,,,,,"2022-12-04 12:10:59"
6907,6908,7553,NULL,,,,,"2022-12-03 15:36:31"
6947,6948,7554,NULL,,,,,"2022-12-03 16:05:13"
7178,7179,7555,NULL,,,,,"2022-12-04 11:05:08"
7051,7052,7556,NULL,,,,,"2022-12-03 21:36:50"
6663,6665,7557,NULL,,,,,"2022-12-03 11:12:46"
6664,6665,7557,NULL,,,,,"2022-12-03 11:12:46"
6717,6718,7558,NULL,,,,,"2022-12-03 12:12:52"
6807,6809,7559,NULL,,,,,"2022-12-03 13:36:06"
6808,6809,7559,NULL,,,,,"2022-12-03 13:36:06"
6747,6748,7560,NULL,,,,,"2022-12-03 12:46:52"
6821,6822,7561,NULL,,,,,"2022-12-03 13:53:25"
6887,6888,7562,NULL,,,,,"2022-12-03 15:02:10"
7176,7177,7563,NULL,,,,,"2022-12-04 11:04:02"
6825,6826,7564,NULL,,,,,"2022-12-03 13:59:38"
6939,6940,7565,NULL,,,,,"2022-12-03 15:56:46"
7180,7182,7566,NULL,,,,,"2022-12-04 11:06:44"
7181,7182,7566,NULL,,,,,"2022-12-04 11:06:44"
7113,7115,7567,NULL,,,,,"2022-12-04 09:46:59"
7114,7115,7567,NULL,,,,,"2022-12-04 09:46:59"
7093,7095,7568,NULL,,,,,"2022-12-04 09:24:56"
7094,7095,7568,NULL,,,,,"2022-12-04 09:24:56"
6630,6631,7570,NULL,,,,,"2022-12-03 10:35:57"
6597,6598,7571,NULL,,,,,"2022-12-03 10:02:10"
6764,6765,7573,NULL,,,,,"2022-12-03 13:01:44"
6866,6868,7574,NULL,,,,,"2022-12-03 14:40:36"
6867,6868,7574,NULL,,,,,"2022-12-03 14:40:36"
6963,6964,7575,NULL,,,,,"2022-12-03 16:20:54"
6978,6979,7578,NULL,,,,,"2022-12-03 16:39:40"
6961,6962,7579,NULL,,,,,"2022-12-03 16:20:07"
6179,6180,7582,NULL,,,,,"2022-12-02 14:29:02"
6142,6144,7583,NULL,,,,,"2022-12-02 14:05:00"
6143,6144,7583,NULL,,,,,"2022-12-02 14:05:00"
6147,6148,7584,NULL,,,,,"2022-12-02 14:05:19"
6124,6125,7585,NULL,,,,,"2022-12-02 13:50:50"
6155,6156,7586,NULL,,,,,"2022-12-02 14:14:24"
6126,6127,7587,NULL,,,,,"2022-12-02 13:51:27"
6206,6207,7588,NULL,,,,,"2022-12-02 14:55:46"
6210,6211,7589,NULL,,,,,"2022-12-02 15:01:13"
6219,6220,7590,NULL,,,,,"2022-12-02 15:11:16"
6230,6231,7591,NULL,,,,,"2022-12-02 15:26:14"
6217,6218,7592,NULL,,,,,"2022-12-02 15:08:48"
6258,6259,7593,NULL,,,,,"2022-12-02 15:42:43"
6270,6271,7594,NULL,,,,,"2022-12-02 15:55:58"
6288,6289,7595,NULL,,,,,"2022-12-02 16:23:26"
6290,6291,7596,NULL,,,,,"2022-12-02 16:23:58"
6320,6321,7597,NULL,,,,,"2022-12-02 17:09:12"
6367,6368,7598,NULL,,,,,"2022-12-02 17:40:19"
6369,6370,7599,NULL,,,,,"2022-12-02 17:40:46"
6371,6372,7600,NULL,,,,,"2022-12-02 17:41:07"
6310,6311,7614,NULL,,,,,"2022-12-02 16:43:23"
6302,6303,7615,NULL,,,,,"2022-12-02 16:31:07"
6316,6317,7616,NULL,,,,,"2022-12-02 17:08:05"
6363,6364,7617,NULL,,,,,"2022-12-02 17:39:50"
6130,6131,7674,NULL,,,,,"2022-12-02 13:55:31"
6183,6184,7675,NULL,,,,,"2022-12-02 14:32:46"
6140,6141,7676,NULL,,,,,"2022-12-02 14:04:32"
6175,6176,7678,NULL,,,,,"2022-12-02 14:24:33"
6221,6222,7682,NULL,,,,,"2022-12-02 15:13:40"
6212,6213,7683,NULL,,,,,"2022-12-02 15:03:17"
6191,6192,7685,NULL,,,,,"2022-12-02 14:43:28"
6241,6242,7686,NULL,,,,,"2022-12-02 15:34:14"
6272,6273,7687,NULL,,,,,"2022-12-02 16:12:18"
6343,6344,7689,NULL,,,,,"2022-12-02 17:28:46"
6333,6334,7690,NULL,,,,,"2022-12-02 17:13:58"
6361,6362,7691,NULL,,,,,"2022-12-02 17:38:56"
6345,6346,7692,NULL,,,,,"2022-12-02 17:32:48"
6483,6484,7693,NULL,,,,,"2022-12-02 19:02:17"
6475,6476,7694,NULL,,,,,"2022-12-02 18:43:52"
6503,6504,7695,NULL,,,,,"2022-12-02 19:32:39"
6492,6493,7696,NULL,,,,,"2022-12-02 19:18:11"
6715,6716,7697,NULL,,,,,"2022-12-03 12:12:01"
6754,6755,7698,NULL,,,,,"2022-12-03 12:53:28"
6751,6753,7699,NULL,,,,,"2022-12-03 12:52:54"
6752,6753,7699,NULL,,,,,"2022-12-03 12:52:54"
6713,6714,7700,NULL,,,,,"2022-12-03 12:11:45"
6902,6903,7701,NULL,,,,,"2022-12-03 15:24:54"
6909,6910,7702,NULL,,,,,"2022-12-03 15:37:33"
7240,7241,7703,NULL,,,,,"2022-12-04 12:53:54"
7237,7239,7704,NULL,,,,,"2022-12-04 12:53:17"
7238,7239,7704,NULL,,,,,"2022-12-04 12:53:17"
6327,6328,7706,NULL,,,,,"2022-12-02 17:13:05"
6325,6326,7711,NULL,,,,,"2022-12-02 17:12:17"
6552,6553,7713,NULL,,,,,"2022-12-03 09:10:21"
6572,6573,7714,NULL,,,,,"2022-12-03 09:29:17"
6561,6562,7715,NULL,,,,,"2022-12-03 09:20:25"
6650,6651,7717,NULL,,,,,"2022-12-03 10:56:46"
6615,6616,7718,NULL,,,,,"2022-12-03 10:19:35"
6638,6639,7719,NULL,,,,,"2022-12-03 10:38:53"
6675,6677,7720,NULL,,,,,"2022-12-03 11:27:56"
6676,6677,7720,NULL,,,,,"2022-12-03 11:27:56"
6849,6850,7721,NULL,,,,,"2022-12-03 14:27:50"
6833,6834,7722,NULL,,,,,"2022-12-03 14:07:12"
6841,6843,7723,NULL,,,,,"2022-12-03 14:18:50"
6842,6843,7723,NULL,,,,,"2022-12-03 14:18:50"
6819,6820,7724,NULL,,,,,"2022-12-03 13:42:54"
7046,7047,7725,NULL,,,,,"2022-12-03 18:27:34"
7029,7030,7726,NULL,,,,,"2022-12-03 17:57:24"
7041,7042,7727,NULL,,,,,"2022-12-03 18:16:36"
7014,7015,7728,NULL,,,,,"2022-12-03 17:40:59"
7102,7104,7729,NULL,,,,,"2022-12-04 09:32:16"
7103,7104,7729,NULL,,,,,"2022-12-04 09:32:16"
7081,7083,7730,NULL,,,,,"2022-12-04 09:21:10"
7082,7083,7730,NULL,,,,,"2022-12-04 09:21:10"
7214,7215,7731,NULL,,,,,"2022-12-04 11:53:57"
7245,7247,7732,NULL,,,,,"2022-12-04 13:01:21"
7246,7247,7732,NULL,,,,,"2022-12-04 13:01:21"
7147,7149,7733,NULL,,,,,"2022-12-04 10:24:55"
7148,7149,7733,NULL,,,,,"2022-12-04 10:24:55"
7100,7101,7734,NULL,,,,,"2022-12-04 09:31:28"
7228,7229,7735,NULL,,,,,"2022-12-04 12:30:46"
7043,7045,7737,NULL,,,,,"2022-12-03 18:21:20"
7044,7045,7737,NULL,,,,,"2022-12-03 18:21:20"
7037,7038,7738,NULL,,,,,"2022-12-03 17:59:54"
7190,7191,7739,NULL,,,,,"2022-12-04 11:21:30"
7169,7171,7740,NULL,,,,,"2022-12-04 10:56:12"
7170,7171,7740,NULL,,,,,"2022-12-04 10:56:12"
6898,6899,7741,NULL,,,,,"2022-12-03 15:18:15"
6900,6901,7743,NULL,,,,,"2022-12-03 15:18:29"
6891,6892,7744,NULL,,,,,"2022-12-03 15:17:55"
7021,7022,7745,NULL,,,,,"2022-12-03 17:48:21"
7016,7017,7746,NULL,,,,,"2022-12-03 17:43:08"
7165,7166,7747,NULL,,,,,"2022-12-04 10:41:06"
7007,7008,7749,NULL,,,,,"2022-12-03 17:08:35"
7242,7244,7750,NULL,,,,,"2022-12-04 12:54:37"
7243,7244,7750,NULL,,,,,"2022-12-04 12:54:37"
6725,6726,7759,NULL,,,,,"2022-12-03 12:21:06"
6381,6382,7766,NULL,,,,,"2022-12-02 18:02:15"
6383,6385,7767,NULL,,,,,"2022-12-02 18:02:30"
6384,6385,7767,NULL,,,,,"2022-12-02 18:02:30"
6386,6387,7768,NULL,,,,,"2022-12-02 18:02:49"
6388,6389,7769,NULL,,,,,"2022-12-02 18:03:08"
6390,6391,7770,NULL,,,,,"2022-12-02 18:03:19"
6392,6393,7771,NULL,,,,,"2022-12-02 18:03:33"
6394,6395,7772,NULL,,,,,"2022-12-02 18:03:45"
6396,6397,7773,NULL,,,,,"2022-12-02 18:03:53"
6398,6399,7774,NULL,,,,,"2022-12-02 18:04:03"
6400,6401,7775,NULL,,,,,"2022-12-02 18:04:11"
6402,6403,7776,NULL,,,,,"2022-12-02 18:04:23"
6404,6405,7777,NULL,,,,,"2022-12-02 18:04:38"
6408,6409,7778,NULL,,,,,"2022-12-02 18:05:00"
6406,6407,7779,NULL,,,,,"2022-12-02 18:04:49"
6410,6411,7780,NULL,,,,,"2022-12-02 18:05:21"
6412,6413,7781,NULL,,,,,"2022-12-02 18:05:38"
6416,6417,7782,NULL,,,,,"2022-12-02 18:06:08"
6418,6419,7783,NULL,,,,,"2022-12-02 18:06:18"
6522,6523,7784,NULL,,,,,"2022-12-02 21:23:45"
6509,6510,7785,NULL,,,,,"2022-12-02 19:39:21"
6507,6508,7786,NULL,,,,,"2022-12-02 19:39:02"
6525,6527,7787,NULL,,,,,"2022-12-03 08:11:12"
6526,6527,7787,NULL,,,,,"2022-12-03 08:11:12"
6505,6506,7788,NULL,,,,,"2022-12-02 19:38:34"
6657,6658,7789,NULL,,,,,"2022-12-03 11:02:39"
6686,6687,7790,NULL,,,,,"2022-12-03 11:37:12"
6708,6709,7791,NULL,,,,,"2022-12-03 12:02:38"
6659,6660,7792,NULL,,,,,"2022-12-03 11:04:59"
6916,6917,7793,NULL,,,,,"2022-12-03 15:39:26"
6918,6919,7794,NULL,,,,,"2022-12-03 15:39:49"
7233,7234,7795,NULL,,,,,"2022-12-04 12:45:01"
7159,7160,7796,NULL,,,,,"2022-12-04 10:36:00"
6424,6425,7798,NULL,,,,,"2022-12-02 18:07:01"
6426,6427,7799,NULL,,,,,"2022-12-02 18:07:16"
6428,6429,7800,NULL,,,,,"2022-12-02 18:07:32"
6438,6439,7801,NULL,,,,,"2022-12-02 18:09:22"
6513,6515,7802,NULL,,,,,"2022-12-02 19:45:08"
6514,6515,7802,NULL,,,,,"2022-12-02 19:45:08"
6511,6512,7803,NULL,,,,,"2022-12-02 19:42:27"
6516,6517,7804,NULL,,,,,"2022-12-02 19:46:47"
6583,6585,7805,NULL,,,,,"2022-12-03 09:56:20"
6584,6585,7805,NULL,,,,,"2022-12-03 09:56:20"
6544,6545,7806,NULL,,,,,"2022-12-03 09:07:13"
6586,6587,7807,NULL,,,,,"2022-12-03 09:57:30"
6590,6591,7808,NULL,,,,,"2022-12-03 09:58:09"
6546,6547,7809,NULL,,,,,"2022-12-03 09:07:47"
6588,6589,7810,NULL,,,,,"2022-12-03 09:57:48"
6642,6643,7811,NULL,,,,,"2022-12-03 10:45:54"
6621,6622,7812,NULL,,,,,"2022-12-03 10:29:00"
6742,6743,7813,NULL,,,,,"2022-12-03 12:42:07"
6802,6803,7814,NULL,,,,,"2022-12-03 13:29:53"
6744,6746,7815,NULL,,,,,"2022-12-03 12:43:36"
6745,6746,7815,NULL,,,,,"2022-12-03 12:43:36"
6781,6783,7816,NULL,,,,,"2022-12-03 13:18:18"
6782,6783,7816,NULL,,,,,"2022-12-03 13:18:18"
6936,6938,7817,NULL,,,,,"2022-12-03 15:56:11"
6937,6938,7817,NULL,,,,,"2022-12-03 15:56:11"
6955,6956,7818,NULL,,,,,"2022-12-03 16:10:33"
6998,6999,7819,NULL,,,,,"2022-12-03 16:58:07"
6951,6952,7820,NULL,,,,,"2022-12-03 16:08:50"
7063,7064,7821,NULL,,,,,"2022-12-04 09:01:56"
7144,7146,7822,NULL,,,,,"2022-12-04 10:24:19"
7145,7146,7822,NULL,,,,,"2022-12-04 10:24:19"
7230,7232,7823,NULL,,,,,"2022-12-04 12:44:25"
7231,7232,7823,NULL,,,,,"2022-12-04 12:44:25"
7226,7227,7824,NULL,,,,,"2022-12-04 12:24:21"
7091,7092,7825,NULL,,,,,"2022-12-04 09:22:06"
7061,7062,7826,NULL,,,,,"2022-12-04 09:01:31"
7218,7219,7827,NULL,,,,,"2022-12-04 11:58:24"
7212,7213,7828,NULL,,,,,"2022-12-04 11:53:18"
6989,6990,7829,NULL,,,,,"2022-12-03 16:49:14"
7000,7001,7830,NULL,,,,,"2022-12-03 17:03:34"
7089,7090,7831,NULL,,,,,"2022-12-04 09:21:47"
7087,7088,7832,NULL,,,,,"2022-12-04 09:21:32"
6696,6697,7833,NULL,,,,,"2022-12-03 11:46:47"
6711,6712,7834,NULL,,,,,"2022-12-03 12:10:55"
6827,6828,7835,NULL,,,,,"2022-12-03 14:00:26"
6775,6776,7836,NULL,,,,,"2022-12-03 13:13:27"
6911,6912,7837,NULL,,,,,"2022-12-03 15:37:35"
7023,7024,7838,NULL,,,,,"2022-12-03 17:55:03"
7235,7236,7839,NULL,,,,,"2022-12-04 12:45:20"
6927,6929,7840,NULL,,,,,"2022-12-03 15:49:35"
6928,6929,7840,NULL,,,,,"2022-12-03 15:49:35"
7025,7026,7841,NULL,,,,,"2022-12-03 17:55:26"
7222,7223,7842,NULL,,,,,"2022-12-04 12:09:51"
7161,7162,7843,NULL,,,,,"2022-12-04 10:36:23"
7163,7164,7844,NULL,,,,,"2022-12-04 10:36:49"
6613,6614,7846,NULL,,,,,"2022-12-03 10:16:15"
6609,6610,7847,NULL,,,,,"2022-12-03 10:15:57"
6694,6695,7848,NULL,,,,,"2022-12-03 11:45:39"
6835,6837,7849,NULL,,,,,"2022-12-03 14:15:12"
6836,6837,7849,NULL,,,,,"2022-12-03 14:15:12"
6829,6830,7850,NULL,,,,,"2022-12-03 14:00:54"
7005,7006,7851,NULL,,,,,"2022-12-03 17:07:03"
6913,6915,7853,NULL,,,,,"2022-12-03 15:38:33"
6914,6915,7853,NULL,,,,,"2022-12-03 15:38:33"
7039,7040,7854,NULL,,,,,"2022-12-03 18:10:27"
7027,7028,7855,NULL,,,,,"2022-12-03 17:56:18"
2156,2157,22606,NULL,,,,,"2022-10-14 10:58:41"
2205,2206,22607,NULL,,,,,"2022-10-14 11:31:40"
2194,2195,22608,NULL,,,,,"2022-10-14 11:22:54"
2211,2212,22609,NULL,,,,,"2022-10-14 11:36:18"
2277,2278,22610,NULL,,,,,"2022-10-14 12:19:43"
2225,2226,22611,NULL,,,,,"2022-10-14 11:56:28"
2250,2252,22612,NULL,,,,,"2022-10-14 12:13:43"
2251,2252,22612,NULL,,,,,"2022-10-14 12:13:43"
2338,2339,22613,NULL,,,,,"2022-10-14 12:51:14"
2286,2287,22614,NULL,,,,,"2022-10-14 12:29:03"
2279,2280,22615,NULL,,,,,"2022-10-14 12:20:48"
2360,2361,22616,NULL,,,,,"2022-10-14 13:21:42"
2404,2405,22617,NULL,,,,,"2022-10-14 14:12:34"
2362,2364,22618,NULL,,,,,"2022-10-14 13:23:00"
2363,2364,22618,NULL,,,,,"2022-10-14 13:23:00"
2365,2366,22619,NULL,,,,,"2022-10-14 13:23:51"
2396,2397,22620,NULL,,,,,"2022-10-14 14:00:24"
2391,2393,22621,NULL,,,,,"2022-10-14 13:54:46"
2392,2393,22621,NULL,,,,,"2022-10-14 13:54:46"
2398,2399,22622,NULL,,,,,"2022-10-14 14:00:46"
2407,2408,22623,NULL,,,,,"2022-10-14 14:21:25"
2413,2414,22624,NULL,,,,,"2022-10-14 14:38:01"
2481,2482,22625,NULL,,,,,"2022-10-14 15:32:48"
2415,2416,22626,NULL,,,,,"2022-10-14 14:41:21"
2465,2466,22627,NULL,,,,,"2022-10-14 15:06:22"
2483,2484,22628,NULL,,,,,"2022-10-14 15:33:19"
2510,2512,22629,NULL,,,,,"2022-10-14 15:53:18"
2511,2512,22629,NULL,,,,,"2022-10-14 15:53:18"
2148,2149,22678,NULL,,,,,"2022-10-14 10:43:42"
2150,2151,22679,NULL,,,,,"2022-10-14 10:54:22"
2144,2145,22680,NULL,,,,,"2022-10-14 10:35:25"
2152,2153,22681,NULL,,,,,"2022-10-14 10:55:10"
2160,2162,22682,NULL,,,,,"2022-10-14 11:02:10"
2161,2162,22682,NULL,,,,,"2022-10-14 11:02:10"
2171,2172,22683,NULL,,,,,"2022-10-14 11:16:04"
2173,2174,22684,NULL,,,,,"2022-10-14 11:16:23"
2240,2241,22685,NULL,,,,,"2022-10-14 12:11:31"
2209,2210,22686,NULL,,,,,"2022-10-14 11:35:03"
2223,2224,22687,NULL,,,,,"2022-10-14 11:56:09"
2201,2202,22688,NULL,,,,,"2022-10-14 11:24:05"
2242,2244,22689,NULL,,,,,"2022-10-14 12:12:06"
2243,2244,22689,NULL,,,,,"2022-10-14 12:12:06"
2245,2247,22690,NULL,,,,,"2022-10-14 12:12:59"
2246,2247,22690,NULL,,,,,"2022-10-14 12:12:59"
2248,2249,22691,NULL,,,,,"2022-10-14 12:13:14"
2672,2673,22692,NULL,,,,,"2022-10-14 19:49:51"
2340,2342,22693,NULL,,,,,"2022-10-14 12:52:01"
2341,2342,22693,NULL,,,,,"2022-10-14 12:52:01"
2284,2285,22694,NULL,,,,,"2022-10-14 12:23:28"
2674,2675,22695,NULL,,,,,"2022-10-14 19:57:20"
2326,2327,22696,NULL,,,,,"2022-10-14 12:44:14"
2346,2347,22697,NULL,,,,,"2022-10-14 12:57:07"
2384,2386,22698,NULL,,,,,"2022-10-14 13:42:05"
2385,2386,22698,NULL,,,,,"2022-10-14 13:42:05"
2355,2356,22699,NULL,,,,,"2022-10-14 13:19:47"
2353,2354,22700,NULL,,,,,"2022-10-14 13:16:12"
2387,2388,22701,NULL,,,,,"2022-10-14 13:42:21"
2175,2176,22750,NULL,,,,,"2022-10-14 11:18:47"
2207,2208,22751,NULL,,,,,"2022-10-14 11:32:41"
2177,2178,22752,NULL,,,,,"2022-10-14 11:19:16"
2646,2648,22753,NULL,,,,,"2022-10-14 19:18:29"
2647,2648,22753,NULL,,,,,"2022-10-14 19:18:29"
2182,2184,22754,NULL,,,,,"2022-10-14 11:20:29"
2183,2184,22754,NULL,,,,,"2022-10-14 11:20:29"
2232,2233,22755,NULL,,,,,"2022-10-14 12:01:46"
2230,2231,22756,NULL,,,,,"2022-10-14 11:59:36"
2328,2329,22757,NULL,,,,,"2022-10-14 12:44:46"
2330,2331,22758,NULL,,,,,"2022-10-14 12:45:03"
2332,2333,22759,NULL,,,,,"2022-10-14 12:45:17"
2444,2445,22760,NULL,,,,,"2022-10-14 15:03:14"
2446,2447,22761,NULL,,,,,"2022-10-14 15:03:33"
2451,2453,22762,NULL,,,,,"2022-10-14 15:04:21"
2452,2453,22762,NULL,,,,,"2022-10-14 15:04:21"
2454,2456,22763,NULL,,,,,"2022-10-14 15:04:48"
2455,2456,22763,NULL,,,,,"2022-10-14 15:04:48"
2457,2458,22764,NULL,,,,,"2022-10-14 15:05:06"
2459,2460,22765,NULL,,,,,"2022-10-14 15:05:28"
2461,2462,22766,NULL,,,,,"2022-10-14 15:05:44"
2463,2464,22767,NULL,,,,,"2022-10-14 15:06:20"
2467,2468,22768,NULL,,,,,"2022-10-14 15:06:36"
2548,2549,22769,NULL,,,,,"2022-10-14 17:33:28"
2550,2551,22770,NULL,,,,,"2022-10-14 17:34:39"
2552,2553,22771,NULL,,,,,"2022-10-14 17:35:25"
2554,2555,22772,NULL,,,,,"2022-10-14 17:39:07"
2562,2564,22773,NULL,,,,,"2022-10-14 17:43:09"
2563,2564,22773,NULL,,,,,"2022-10-14 17:43:09"
2187,2188,22774,NULL,,,,,"2022-10-14 11:21:44"
2191,2193,22775,NULL,,,,,"2022-10-14 11:22:20"
2192,2193,22775,NULL,,,,,"2022-10-14 11:22:20"
2196,2198,22776,NULL,,,,,"2022-10-14 11:23:07"
2197,2198,22776,NULL,,,,,"2022-10-14 11:23:07"
2199,2200,22777,NULL,,,,,"2022-10-14 11:23:40"
2653,2654,22778,NULL,,,,,"2022-10-14 19:35:22"
2655,2656,22779,NULL,,,,,"2022-10-14 19:35:50"
2324,2325,22780,NULL,,,,,"2022-10-14 12:43:54"
2319,2321,22781,NULL,,,,,"2022-10-14 12:42:39"
2320,2321,22781,NULL,,,,,"2022-10-14 12:42:39"
2322,2323,22782,NULL,,,,,"2022-10-14 12:42:53"
2350,2352,22783,NULL,,,,,"2022-10-14 13:10:25"
2351,2352,22783,NULL,,,,,"2022-10-14 13:10:25"
2418,2420,22784,NULL,,,,,"2022-10-14 14:44:28"
2419,2420,22784,NULL,,,,,"2022-10-14 14:44:28"
2421,2422,22785,NULL,,,,,"2022-10-14 14:44:59"
2424,2428,22786,NULL,,,,,"2022-10-14 14:46:05"
2426,2428,22786,NULL,,,,,"2022-10-14 14:46:05"
2430,2431,22787,NULL,,,,,"2022-10-14 14:47:12"
2432,2433,22788,NULL,,,,,"2022-10-14 14:47:24"
2434,2435,22789,NULL,,,,,"2022-10-14 14:47:38"
2440,2441,22790,NULL,,,,,"2022-10-14 15:02:04"
2442,2443,22791,NULL,,,,,"2022-10-14 15:02:33"
2566,2568,22792,NULL,,,,,"2022-10-14 17:44:25"
2567,2568,22792,NULL,,,,,"2022-10-14 17:44:25"
2597,2598,22793,NULL,,,,,"2022-10-14 17:51:57"
2599,2600,22794,NULL,,,,,"2022-10-14 17:52:10"
2657,2659,22795,NULL,,,,,"2022-10-14 19:38:43"
2658,2659,22795,NULL,,,,,"2022-10-14 19:38:43"
2603,2604,22796,NULL,,,,,"2022-10-14 17:53:09"
2605,2606,22797,NULL,,,,,"2022-10-14 17:53:22"
2253,2254,22822,NULL,,,,,"2022-10-14 12:13:47"
2255,2256,22823,NULL,,,,,"2022-10-14 12:14:10"
2257,2258,22824,NULL,,,,,"2022-10-14 12:14:32"
2259,2261,22825,NULL,,,,,"2022-10-14 12:15:35"
2260,2261,22825,NULL,,,,,"2022-10-14 12:15:35"
2262,2263,22826,NULL,,,,,"2022-10-14 12:15:54"
2264,2265,22827,NULL,,,,,"2022-10-14 12:16:15"
2268,2270,22828,NULL,,,,,"2022-10-14 12:16:41"
2269,2270,22828,NULL,,,,,"2022-10-14 12:16:41"
2271,2272,22829,NULL,,,,,"2022-10-14 12:16:58"
2476,2477,22830,NULL,,,,,"2022-10-14 15:29:29"
2478,2480,22831,NULL,,,,,"2022-10-14 15:29:59"
2479,2480,22831,NULL,,,,,"2022-10-14 15:29:59"
2497,2498,22832,NULL,,,,,"2022-10-14 15:50:30"
2273,2274,22833,NULL,,,,,"2022-10-14 12:17:29"
2499,2500,22834,NULL,,,,,"2022-10-14 15:51:03"
2501,2502,22835,NULL,,,,,"2022-10-14 15:51:22"
2503,2504,22836,NULL,,,,,"2022-10-14 15:51:46"
2505,2507,22837,NULL,,,,,"2022-10-14 15:52:13"
2506,2507,22837,NULL,,,,,"2022-10-14 15:52:13"
2508,2509,22838,NULL,,,,,"2022-10-14 15:53:14"
2513,2514,22839,NULL,,,,,"2022-10-14 15:53:34"
2515,2516,22840,NULL,,,,,"2022-10-14 15:53:49"
2517,2518,22841,NULL,,,,,"2022-10-14 15:54:07"
2524,2525,22842,NULL,,,,,"2022-10-14 16:06:50"
2526,2527,22843,NULL,,,,,"2022-10-14 16:08:29"
2528,2529,22844,NULL,,,,,"2022-10-14 16:08:45"
2530,2531,22845,NULL,,,,,"2022-10-14 16:09:09"
2140,2141,22930,NULL,,,,,"2022-10-14 10:29:18"
2142,2143,22931,NULL,,,,,"2022-10-14 10:31:27"
2154,2155,22932,NULL,,,,,"2022-10-14 10:55:21"
2179,2181,22933,NULL,,,,,"2022-10-14 11:19:16"
2180,2181,22933,NULL,,,,,"2022-10-14 11:19:16"
2165,2166,22934,NULL,,,,,"2022-10-14 11:02:39"
2146,2147,22935,NULL,,,,,"2022-10-14 10:42:52"
2189,2190,22936,NULL,,,,,"2022-10-14 11:22:15"
2185,2186,22937,NULL,,,,,"2022-10-14 11:21:00"
2236,2237,22938,NULL,,,,,"2022-10-14 12:08:20"
2215,2216,22939,NULL,,,,,"2022-10-14 11:50:10"
2305,2306,22940,NULL,,,,,"2022-10-14 12:35:54"
2281,2283,22941,NULL,,,,,"2022-10-14 12:20:51"
2282,2283,22941,NULL,,,,,"2022-10-14 12:20:51"
2234,2235,22942,NULL,,,,,"2022-10-14 12:02:37"
2275,2276,22943,NULL,,,,,"2022-10-14 12:19:03"
2301,2302,22944,NULL,,,,,"2022-10-14 12:34:34"
2238,2239,22945,NULL,,,,,"2022-10-14 12:09:17"
2336,2337,22946,NULL,,,,,"2022-10-14 12:50:13"
2357,2359,22947,NULL,,,,,"2022-10-14 13:20:39"
2358,2359,22947,NULL,,,,,"2022-10-14 13:20:39"
2400,2402,22948,NULL,,,,,"2022-10-14 14:02:18"
2401,2402,22948,NULL,,,,,"2022-10-14 14:02:18"
2372,2373,22949,NULL,,,,,"2022-10-14 13:26:18"
2334,2335,22950,NULL,,,,,"2022-10-14 12:45:23"
2367,2368,22951,NULL,,,,,"2022-10-14 13:24:59"
2380,2381,22952,NULL,,,,,"2022-10-14 13:30:13"
2369,2371,22953,NULL,,,,,"2022-10-14 13:25:40"
2370,2371,22953,NULL,,,,,"2022-10-14 13:25:40"
2158,2159,23002,NULL,,,,,"2022-10-14 11:01:01"
2163,2164,23003,NULL,,,,,"2022-10-14 11:02:12"
2167,2168,23004,NULL,,,,,"2022-10-14 11:09:55"
2169,2170,23005,NULL,,,,,"2022-10-14 11:10:32"
2217,2218,23006,NULL,,,,,"2022-10-14 11:52:12"
2213,2214,23007,NULL,,,,,"2022-10-14 11:38:23"
2219,2220,23008,NULL,,,,,"2022-10-14 11:52:47"
2221,2222,23009,NULL,,,,,"2022-10-14 11:53:20"
2343,2345,23010,NULL,,,,,"2022-10-14 12:52:29"
2344,2345,23010,NULL,,,,,"2022-10-14 12:52:29"
2288,2289,23011,NULL,,,,,"2022-10-14 12:30:41"
2315,2316,23012,NULL,,,,,"2022-10-14 12:39:57"
2348,2349,23013,NULL,,,,,"2022-10-14 12:57:33"
2374,2375,23014,NULL,,,,,"2022-10-14 13:28:15"
2376,2377,23015,NULL,,,,,"2022-10-14 13:28:52"
2378,2379,23016,NULL,,,,,"2022-10-14 13:29:24"
2448,2450,23017,NULL,,,,,"2022-10-14 15:03:59"
2449,2450,23017,NULL,,,,,"2022-10-14 15:03:59"
2394,2395,23018,NULL,,,,,"2022-10-14 13:58:21"
2389,2390,23019,NULL,,,,,"2022-10-14 13:49:54"
2409,2410,23020,NULL,,,,,"2022-10-14 14:23:28"
2489,2491,23021,NULL,,,,,"2022-10-14 15:43:14"
2490,2491,23021,NULL,,,,,"2022-10-14 15:43:14"
2469,2470,23022,NULL,,,,,"2022-10-14 15:07:57"
2492,2493,23023,NULL,,,,,"2022-10-14 15:43:57"
2437,2438,23024,NULL,,,,,"2022-10-14 15:00:41"
2494,2495,23025,NULL,,,,,"2022-10-14 15:44:46"
2692,2693,23026,NULL,,,,,"2022-10-15 08:33:05"
2732,2733,23027,NULL,,,,,"2022-10-15 08:47:54"
2739,2740,23028,NULL,,,,,"2022-10-15 09:03:11"
2741,2742,23029,NULL,,,,,"2022-10-15 09:03:45"
2785,2786,23030,NULL,,,,,"2022-10-15 10:02:51"
2787,2788,23031,NULL,,,,,"2022-10-15 10:03:20"
2789,2790,23032,NULL,,,,,"2022-10-15 10:04:29"
2793,2794,23033,NULL,,,,,"2022-10-15 10:05:20"
2795,2796,23034,NULL,,,,,"2022-10-15 10:06:05"
2840,2841,23035,NULL,,,,,"2022-10-15 10:32:37"
2842,2843,23036,NULL,,,,,"2022-10-15 10:33:19"
2844,2845,23037,NULL,,,,,"2022-10-15 10:33:51"
2890,2891,23038,NULL,,,,,"2022-10-15 10:44:45"
2942,2943,23039,NULL,,,,,"2022-10-15 11:28:42"
2917,2918,23040,NULL,,,,,"2022-10-15 11:07:28"
2944,2946,23041,NULL,,,,,"2022-10-15 11:29:17"
2945,2946,23041,NULL,,,,,"2022-10-15 11:29:17"
2947,2948,23042,NULL,,,,,"2022-10-15 11:29:41"
2953,2954,23043,NULL,,,,,"2022-10-15 11:38:30"
3024,3025,23044,NULL,,,,,"2022-10-15 12:24:27"
3082,3084,23045,NULL,,,,,"2022-10-15 13:00:42"
3083,3084,23045,NULL,,,,,"2022-10-15 13:00:42"
2989,2990,23046,NULL,,,,,"2022-10-15 11:52:32"
3038,3039,23047,NULL,,,,,"2022-10-15 12:38:42"
3076,3077,23048,NULL,,,,,"2022-10-15 12:50:53"
3097,3098,23049,NULL,,,,,"2022-10-15 13:20:38"
2699,2700,23050,NULL,,,,,"2022-10-15 08:34:04"
2703,2704,23051,NULL,,,,,"2022-10-15 08:34:53"
2722,2723,23052,NULL,,,,,"2022-10-15 08:46:12"
2705,2706,23053,NULL,,,,,"2022-10-15 08:35:54"
2806,2807,23054,NULL,,,,,"2022-10-15 10:08:10"
2816,2817,23055,NULL,,,,,"2022-10-15 10:09:33"
2818,2820,23056,NULL,,,,,"2022-10-15 10:10:31"
2819,2820,23056,NULL,,,,,"2022-10-15 10:10:31"
2821,2822,23057,NULL,,,,,"2022-10-15 10:11:02"
2823,2824,23058,NULL,,,,,"2022-10-15 10:11:30"
2825,2826,23059,NULL,,,,,"2022-10-15 10:12:09"
2837,2839,23060,NULL,,,,,"2022-10-15 10:29:43"
2838,2839,23060,NULL,,,,,"2022-10-15 10:29:43"
2892,2893,23061,NULL,,,,,"2022-10-15 10:46:59"
2898,2899,23062,NULL,,,,,"2022-10-15 10:47:33"
2935,2936,23063,NULL,,,,,"2022-10-15 11:25:04"
2939,2941,23064,NULL,,,,,"2022-10-15 11:26:15"
2940,2941,23064,NULL,,,,,"2022-10-15 11:26:15"
2919,2920,23065,NULL,,,,,"2022-10-15 11:08:19"
2991,2993,23066,NULL,,,,,"2022-10-15 11:53:19"
2992,2993,23066,NULL,,,,,"2022-10-15 11:53:19"
2994,2995,23067,NULL,,,,,"2022-10-15 11:53:44"
3012,3013,23068,NULL,,,,,"2022-10-15 12:15:21"
3016,3017,23069,NULL,,,,,"2022-10-15 12:16:37"
3046,3047,23070,NULL,,,,,"2022-10-15 12:44:44"
3042,3043,23071,NULL,,,,,"2022-10-15 12:39:56"
3099,3100,23072,NULL,,,,,"2022-10-15 13:24:51"
3067,3068,23073,NULL,,,,,"2022-10-15 12:48:57"
2290,2291,23098,NULL,,,,,"2022-10-14 12:32:36"
2292,2293,23099,NULL,,,,,"2022-10-14 12:32:58"
2294,2295,23100,NULL,,,,,"2022-10-14 12:33:21"
2296,2298,23101,NULL,,,,,"2022-10-14 12:33:42"
2297,2298,23101,NULL,,,,,"2022-10-14 12:33:42"
2299,2300,23102,NULL,,,,,"2022-10-14 12:34:09"
2303,2304,23103,NULL,,,,,"2022-10-14 12:35:28"
2307,2308,23104,NULL,,,,,"2022-10-14 12:36:28"
2309,2310,23105,NULL,,,,,"2022-10-14 12:36:49"
2311,2312,23106,NULL,,,,,"2022-10-14 12:37:06"
2313,2314,23107,NULL,,,,,"2022-10-14 12:37:22"
2542,2543,23108,NULL,,,,,"2022-10-14 16:32:13"
2545,2546,23109,NULL,,,,,"2022-10-14 16:49:12"
2574,2575,23110,NULL,,,,,"2022-10-14 17:46:33"
2577,2578,23111,NULL,,,,,"2022-10-14 17:46:53"
2580,2582,23112,NULL,,,,,"2022-10-14 17:47:24"
2581,2582,23112,NULL,,,,,"2022-10-14 17:47:24"
3018,3019,23113,NULL,,,,,"2022-10-15 12:18:12"
2584,2585,23114,NULL,,,,,"2022-10-14 17:48:32"
2586,2587,23115,NULL,,,,,"2022-10-14 17:48:49"
2588,2589,23116,NULL,,,,,"2022-10-14 17:49:03"
2590,2591,23117,NULL,,,,,"2022-10-14 17:49:21"
2592,2594,23118,NULL,,,,,"2022-10-14 17:49:42"
2593,2594,23118,NULL,,,,,"2022-10-14 17:49:42"
2595,2596,23119,NULL,,,,,"2022-10-14 17:49:55"
2616,2617,23120,NULL,,,,,"2022-10-14 18:11:40"
2618,2619,23121,NULL,,,,,"2022-10-14 18:11:56"
2736,2738,23158,NULL,,,,,"2022-10-15 08:59:12"
2737,2738,23158,NULL,,,,,"2022-10-15 08:59:12"
2694,2696,23159,NULL,,,,,"2022-10-15 08:33:29"
2695,2696,23159,NULL,,,,,"2022-10-15 08:33:29"
2743,2744,23160,NULL,,,,,"2022-10-15 09:06:28"
2707,2708,23161,NULL,,,,,"2022-10-15 08:36:05"
2764,2766,23162,NULL,,,,,"2022-10-15 09:29:01"
2765,2766,23162,NULL,,,,,"2022-10-15 09:29:01"
2749,2750,23163,NULL,,,,,"2022-10-15 09:17:43"
2771,2772,23164,NULL,,,,,"2022-10-15 09:41:06"
2791,2792,23165,NULL,,,,,"2022-10-15 10:05:17"
2829,2830,23166,NULL,,,,,"2022-10-15 10:21:12"
2783,2784,23167,NULL,,,,,"2022-10-15 10:00:26"
2902,2903,23168,NULL,,,,,"2022-10-15 10:51:37"
2915,2916,23169,NULL,,,,,"2022-10-15 11:01:09"
2896,2897,23170,NULL,,,,,"2022-10-15 10:47:28"
2951,2952,23171,NULL,,,,,"2022-10-15 11:35:35"
3003,3005,23172,NULL,,,,,"2022-10-15 12:05:54"
3004,3005,23172,NULL,,,,,"2022-10-15 12:05:54"
2979,2980,23173,NULL,,,,,"2022-10-15 11:45:20"
3020,3021,23174,NULL,,,,,"2022-10-15 12:19:15"
3032,3033,23175,NULL,,,,,"2022-10-15 12:38:03"
3006,3007,23176,NULL,,,,,"2022-10-15 12:10:30"
2998,2999,23177,NULL,,,,,"2022-10-15 12:02:48"
3022,3023,23178,NULL,,,,,"2022-10-15 12:19:48"
3078,3079,23179,NULL,,,,,"2022-10-15 12:51:23"
3055,3056,23180,NULL,,,,,"2022-10-15 12:47:42"
3085,3086,23181,NULL,,,,,"2022-10-15 13:06:32"
2678,2679,23182,NULL,,,,,"2022-10-15 08:12:49"
2676,2677,23183,NULL,,,,,"2022-10-15 08:07:17"
2690,2691,23184,NULL,,,,,"2022-10-15 08:29:39"
2680,2681,23185,NULL,,,,,"2022-10-15 08:21:10"
2734,2735,23186,NULL,,,,,"2022-10-15 08:52:23"
2730,2731,23187,NULL,,,,,"2022-10-15 08:47:26"
2761,2763,23188,NULL,,,,,"2022-10-15 09:23:05"
2762,2763,23188,NULL,,,,,"2022-10-15 09:23:05"
2769,2770,23189,NULL,,,,,"2022-10-15 09:35:29"
2767,2768,23190,NULL,,,,,"2022-10-15 09:29:21"
2780,2782,23191,NULL,,,,,"2022-10-15 09:54:47"
2781,2782,23191,NULL,,,,,"2022-10-15 09:54:47"
2812,2813,23192,NULL,,,,,"2022-10-15 10:08:38"
2827,2828,23193,NULL,,,,,"2022-10-15 10:18:41"
2925,2926,23194,NULL,,,,,"2022-10-15 11:15:00"
2869,2870,23195,NULL,,,,,"2022-10-15 10:37:40"
2894,2895,23196,NULL,,,,,"2022-10-15 10:47:07"
2882,2883,23197,NULL,,,,,"2022-10-15 10:43:01"
2921,2922,23198,NULL,,,,,"2022-10-15 11:11:57"
2923,2924,23199,NULL,,,,,"2022-10-15 11:12:17"
2949,2950,23200,NULL,,,,,"2022-10-15 11:33:44"
3000,3002,23201,NULL,,,,,"2022-10-15 12:05:37"
3001,3002,23201,NULL,,,,,"2022-10-15 12:05:37"
3010,3011,23202,NULL,,,,,"2022-10-15 12:14:52"
2996,2997,23203,NULL,,,,,"2022-10-15 11:55:00"
3048,3049,23204,NULL,,,,,"2022-10-15 12:45:30"
3044,3045,23205,NULL,,,,,"2022-10-15 12:43:52"
2709,2710,23206,NULL,,,,,"2022-10-15 08:41:03"
2711,2712,23207,NULL,,,,,"2022-10-15 08:41:27"
2713,2714,23208,NULL,,,,,"2022-10-15 08:45:18"
2715,2716,23209,NULL,,,,,"2022-10-15 08:45:30"
2751,2753,23210,NULL,,,,,"2022-10-15 09:20:11"
2752,2753,23210,NULL,,,,,"2022-10-15 09:20:11"
2754,2755,23211,NULL,,,,,"2022-10-15 09:20:26"
2797,2799,23212,NULL,,,,,"2022-10-15 10:06:50"
2798,2799,23212,NULL,,,,,"2022-10-15 10:06:50"
2800,2801,23213,NULL,,,,,"2022-10-15 10:07:10"
2833,2834,23214,NULL,,,,,"2022-10-15 10:24:01"
2802,2803,23215,NULL,,,,,"2022-10-15 10:07:22"
2831,2832,23216,NULL,,,,,"2022-10-15 10:23:41"
2835,2836,23217,NULL,,,,,"2022-10-15 10:27:53"
2846,2847,23218,NULL,,,,,"2022-10-15 10:33:55"
2968,2970,23219,NULL,,,,,"2022-10-15 11:41:42"
2969,2970,23219,NULL,,,,,"2022-10-15 11:41:42"
2933,2934,23220,NULL,,,,,"2022-10-15 11:24:21"
2960,2962,23221,NULL,,,,,"2022-10-15 11:41:14"
2961,2962,23221,NULL,,,,,"2022-10-15 11:41:14"
2931,2932,23222,NULL,,,,,"2022-10-15 11:16:38"
2973,2974,23223,NULL,,,,,"2022-10-15 11:42:00"
3065,3066,23224,NULL,,,,,"2022-10-15 12:48:47"
3069,3070,23225,NULL,,,,,"2022-10-15 12:49:38"
3071,3073,23226,NULL,,,,,"2022-10-15 12:50:09"
3072,3073,23226,NULL,,,,,"2022-10-15 12:50:09"
3102,3104,23227,NULL,,,,,"2022-10-15 13:32:29"
3103,3104,23227,NULL,,,,,"2022-10-15 13:32:29"
3074,3075,23228,NULL,,,,,"2022-10-15 12:50:25"
3105,3107,23229,NULL,,,,,"2022-10-15 13:32:55"
3106,3107,23229,NULL,,,,,"2022-10-15 13:32:55"
2720,2721,23230,NULL,,,,,"2022-10-15 08:45:59"
2726,2727,23231,NULL,,,,,"2022-10-15 08:46:14"
2728,2729,23232,NULL,,,,,"2022-10-15 08:46:27"
2756,2758,23233,NULL,,,,,"2022-10-15 09:20:57"
2757,2758,23233,NULL,,,,,"2022-10-15 09:20:57"
2804,2805,23234,NULL,,,,,"2022-10-15 10:07:47"
2759,2760,23235,NULL,,,,,"2022-10-15 09:21:12"
2808,2809,23236,NULL,,,,,"2022-10-15 10:08:21"
2810,2811,23237,NULL,,,,,"2022-10-15 10:08:31"
2814,2815,23238,NULL,,,,,"2022-10-15 10:09:19"
2886,2887,23239,NULL,,,,,"2022-10-15 10:43:18"
2888,2889,23240,NULL,,,,,"2022-10-15 10:43:49"
2908,2910,23241,NULL,,,,,"2022-10-15 10:59:46"
2909,2910,23241,NULL,,,,,"2022-10-15 10:59:46"
2900,2901,23242,NULL,,,,,"2022-10-15 10:47:45"
2927,2928,23243,NULL,,,,,"2022-10-15 11:15:11"
2929,2930,23244,NULL,,,,,"2022-10-15 11:15:45"
3050,3052,23245,NULL,,,,,"2022-10-15 12:46:53"
3051,3052,23245,NULL,,,,,"2022-10-15 12:46:53"
2937,2938,23246,NULL,,,,,"2022-10-15 11:25:07"
2958,2959,23247,NULL,,,,,"2022-10-15 11:39:50"
3053,3054,23248,NULL,,,,,"2022-10-15 12:47:27"
3057,3058,23249,NULL,,,,,"2022-10-15 12:47:50"
3059,3060,23250,NULL,,,,,"2022-10-15 12:48:04"
3061,3062,23251,NULL,,,,,"2022-10-15 12:48:16"
3175,3176,23252,NULL,,,,,"2022-10-15 14:55:36"
3108,3110,23253,NULL,,,,,"2022-10-15 13:33:36"
3109,3110,23253,NULL,,,,,"2022-10-15 13:33:36"
2682,2683,23302,NULL,,,,,"2022-10-15 08:23:38"
2686,2687,23303,NULL,,,,,"2022-10-15 08:26:20"
2684,2685,23304,NULL,,,,,"2022-10-15 08:23:52"
2745,2746,23305,NULL,,,,,"2022-10-15 09:12:22"
2747,2748,23306,NULL,,,,,"2022-10-15 09:12:36"
2773,2774,23307,NULL,,,,,"2022-10-15 09:47:19"
2777,2779,23308,NULL,,,,,"2022-10-15 09:52:34"
2778,2779,23308,NULL,,,,,"2022-10-15 09:52:34"
2775,2776,23309,NULL,,,,,"2022-10-15 09:47:34"
2867,2868,23310,NULL,,,,,"2022-10-15 10:37:30"
2871,2873,23311,NULL,,,,,"2022-10-15 10:38:17"
2872,2873,23311,NULL,,,,,"2022-10-15 10:38:17"
2874,2875,23312,NULL,,,,,"2022-10-15 10:38:31"
2876,2877,23313,NULL,,,,,"2022-10-15 10:38:44"
2878,2879,23314,NULL,,,,,"2022-10-15 10:38:58"
2963,2965,23315,NULL,,,,,"2022-10-15 11:41:14"
2964,2965,23315,NULL,,,,,"2022-10-15 11:41:14"
2966,2967,23316,NULL,,,,,"2022-10-15 11:41:31"
2971,2972,23317,NULL,,,,,"2022-10-15 11:41:56"
2975,2976,23318,NULL,,,,,"2022-10-15 11:42:12"
3014,3015,23319,NULL,,,,,"2022-10-15 12:15:31"
2977,2978,23320,NULL,,,,,"2022-10-15 11:42:25"
3040,3041,23321,NULL,,,,,"2022-10-15 12:39:18"
2987,2988,23322,NULL,,,,,"2022-10-15 11:52:26"
3091,3092,23323,NULL,,,,,"2022-10-15 13:17:01"
3095,3096,23324,NULL,,,,,"2022-10-15 13:18:33"
3093,3094,23325,NULL,,,,,"2022-10-15 13:17:16"
2688,2689,23326,NULL,,,,,"2022-10-15 08:27:32"
2717,2719,23327,NULL,,,,,"2022-10-15 08:45:40"
2718,2719,23327,NULL,,,,,"2022-10-15 08:45:40"
2697,2698,23328,NULL,,,,,"2022-10-15 08:33:54"
2701,2702,23329,NULL,,,,,"2022-10-15 08:34:09"
2848,2849,23330,NULL,,,,,"2022-10-15 10:34:09"
2850,2852,23331,NULL,,,,,"2022-10-15 10:34:32"
2851,2852,23331,NULL,,,,,"2022-10-15 10:34:32"
2853,2854,23332,NULL,,,,,"2022-10-15 10:34:45"
2855,2856,23333,NULL,,,,,"2022-10-15 10:34:59"
2857,2858,23334,NULL,,,,,"2022-10-15 10:35:16"
2859,2860,23335,NULL,,,,,"2022-10-15 10:36:21"
2861,2862,23336,NULL,,,,,"2022-10-15 10:36:36"
2904,2905,23337,NULL,,,,,"2022-10-15 10:58:51"
2863,2864,23338,NULL,,,,,"2022-10-15 10:36:56"
2911,2912,23339,NULL,,,,,"2022-10-15 11:00:00"
2913,2914,23340,NULL,,,,,"2022-10-15 11:00:19"
2982,2984,23341,NULL,,,,,"2022-10-15 11:48:28"
2983,2984,23341,NULL,,,,,"2022-10-15 11:48:28"
2985,2986,23342,NULL,,,,,"2022-10-15 11:50:23"
3036,3037,23343,NULL,,,,,"2022-10-15 12:38:25"
3008,3009,23344,NULL,,,,,"2022-10-15 12:14:47"
3034,3035,23345,NULL,,,,,"2022-10-15 12:38:04"
3030,3031,23346,NULL,,,,,"2022-10-15 12:37:47"
3028,3029,23347,NULL,,,,,"2022-10-15 12:37:29"
3026,3027,23348,NULL,,,,,"2022-10-15 12:37:06"
3087,3089,23349,NULL,,,,,"2022-10-15 13:15:20"
3088,3089,23349,NULL,,,,,"2022-10-15 13:15:20"
3292,3293,23628,NULL,,,,,"2022-10-28 15:48:05"
4252,4253,23835,NULL,,,,,"2022-11-04 21:04:41"
3512,3513,23836,NULL,,,,,"2022-11-04 14:12:12"
3514,3515,23837,NULL,,,,,"2022-11-04 14:12:56"
3504,3505,23838,NULL,,,,,"2022-11-04 14:10:24"
3931,3932,23839,NULL,,,,,"2022-11-04 17:09:59"
3920,3921,23840,NULL,,,,,"2022-11-04 17:08:25"
3922,3923,23841,NULL,,,,,"2022-11-04 17:08:45"
3941,3942,23842,NULL,,,,,"2022-11-04 17:13:21"
3483,3484,23843,NULL,,,,,"2022-11-04 13:58:56"
3479,3480,23844,NULL,,,,,"2022-11-04 13:58:38"
3619,3620,23845,NULL,,,,,"2022-11-04 14:48:00"
4002,4003,23846,NULL,,,,,"2022-11-04 17:34:02"
4254,4256,23847,NULL,,,,,"2022-11-04 21:05:49"
4255,4256,23847,NULL,,,,,"2022-11-04 21:05:49"
3708,3709,23848,NULL,,,,,"2022-11-04 15:33:40"
3943,3944,23849,NULL,,,,,"2022-11-04 17:14:02"
3945,3946,23850,NULL,,,,,"2022-11-04 17:14:20"
4196,4197,23851,NULL,,,,,"2022-11-04 19:48:13"
3954,3955,23852,NULL,,,,,"2022-11-04 17:15:05"
3662,3663,23853,NULL,,,,,"2022-11-04 15:14:54"
3626,3627,23854,NULL,,,,,"2022-11-04 14:53:23"
3802,3803,23855,NULL,,,,,"2022-11-04 16:08:02"
3804,3805,23856,NULL,,,,,"2022-11-04 16:08:24"
3876,3877,23857,NULL,,,,,"2022-11-04 16:46:08"
3800,3801,23858,NULL,,,,,"2022-11-04 16:07:37"
3956,3957,23859,NULL,,,,,"2022-11-04 17:15:21"
4161,4162,23860,NULL,,,,,"2022-11-04 19:29:19"
4156,4157,23861,NULL,,,,,"2022-11-04 19:26:03"
4158,4159,23862,NULL,,,,,"2022-11-04 19:26:52"
3798,3799,23863,NULL,,,,,"2022-11-04 16:07:23"
3716,3717,23864,NULL,,,,,"2022-11-04 15:37:24"
4269,4271,23865,NULL,,,,,"2022-11-04 21:09:40"
4270,4271,23865,NULL,,,,,"2022-11-04 21:09:40"
4272,4274,23866,NULL,,,,,"2022-11-04 21:10:14"
4273,4274,23866,NULL,,,,,"2022-11-04 21:10:14"
4037,4038,23867,NULL,,,,,"2022-11-04 17:45:25"
4266,4268,23868,NULL,,,,,"2022-11-04 21:09:09"
4267,4268,23868,NULL,,,,,"2022-11-04 21:09:09"
4163,4164,23869,NULL,,,,,"2022-11-04 19:30:13"
4165,4166,23870,NULL,,,,,"2022-11-04 19:30:55"
4171,4172,23871,NULL,,,,,"2022-11-04 19:34:19"
4180,4181,23872,NULL,,,,,"2022-11-04 19:37:33"
3826,3827,23873,NULL,,,,,"2022-11-04 16:17:21"
3789,3790,23874,NULL,,,,,"2022-11-04 16:05:34"
4458,4460,23875,NULL,,,,,"2022-11-05 09:42:45"
4459,4460,23875,NULL,,,,,"2022-11-05 09:42:45"
4461,4462,23876,NULL,,,,,"2022-11-05 09:43:02"
4463,4464,23877,NULL,,,,,"2022-11-05 09:43:22"
4456,4457,23878,NULL,,,,,"2022-11-05 09:42:22"
4422,4423,23879,NULL,,,,,"2022-11-05 09:36:10"
4418,4419,23880,NULL,,,,,"2022-11-05 09:35:43"
4416,4417,23881,NULL,,,,,"2022-11-05 09:35:15"
4441,4442,23882,NULL,,,,,"2022-11-05 09:39:59"
4395,4396,23883,NULL,,,,,"2022-11-05 09:29:08"
4313,4314,23884,NULL,,,,,"2022-11-05 08:37:53"
4480,4481,23885,NULL,,,,,"2022-11-05 09:45:19"
4476,4477,23886,NULL,,,,,"2022-11-05 09:45:03"
4487,4488,23887,NULL,,,,,"2022-11-05 09:45:51"
4485,4486,23888,NULL,,,,,"2022-11-05 09:45:36"
4432,4433,23889,NULL,,,,,"2022-11-05 09:37:39"
4428,4431,23890,NULL,,,,,"2022-11-05 09:37:13"
4429,4431,23890,NULL,,,,,"2022-11-05 09:37:13"
4430,4431,23890,NULL,,,,,"2022-11-05 09:37:13"
4648,4649,23891,NULL,,,,,"2022-11-05 10:36:37"
4646,4647,23892,NULL,,,,,"2022-11-05 10:36:12"
4445,4446,23893,NULL,,,,,"2022-11-05 09:40:56"
6112,6113,23894,NULL,,,,,"2022-11-08 11:57:38"
3461,3462,25395,NULL,,,,,"2022-11-04 13:50:11"
3606,3608,25396,NULL,,,,,"2022-11-04 14:43:13"
3607,3608,25396,NULL,,,,,"2022-11-04 14:43:13"
3518,3520,25397,NULL,,,,,"2022-11-04 14:15:34"
3519,3520,25397,NULL,,,,,"2022-11-04 14:15:34"
3523,3524,25398,NULL,,,,,"2022-11-04 14:19:42"
3455,3456,25399,NULL,,,,,"2022-11-04 13:48:50"
3457,3458,25400,NULL,,,,,"2022-11-04 13:49:44"
3687,3688,25401,NULL,,,,,"2022-11-04 15:29:22"
3861,3863,25402,NULL,,,,,"2022-11-04 16:42:43"
3862,3863,25402,NULL,,,,,"2022-11-04 16:42:43"
3487,3489,25403,NULL,,,,,"2022-11-04 14:03:02"
3488,3489,25403,NULL,,,,,"2022-11-04 14:03:02"
3530,3532,25404,NULL,,,,,"2022-11-04 14:24:46"
3531,3532,25404,NULL,,,,,"2022-11-04 14:24:46"
3597,3598,25405,NULL,,,,,"2022-11-04 14:40:00"
3691,3692,25406,NULL,,,,,"2022-11-04 15:30:17"
3592,3593,25407,NULL,,,,,"2022-11-04 14:39:16"
3693,3694,25408,NULL,,,,,"2022-11-04 15:30:55"
3695,3696,25409,NULL,,,,,"2022-11-04 15:31:47"
3697,3698,25410,NULL,,,,,"2022-11-04 15:32:18"
3714,3715,25411,NULL,,,,,"2022-11-04 15:36:12"
3821,3823,25412,NULL,,,,,"2022-11-04 16:15:52"
3822,3823,25412,NULL,,,,,"2022-11-04 16:15:52"
3547,3548,25413,NULL,,,,,"2022-11-04 14:30:02"
3643,3644,25414,NULL,,,,,"2022-11-04 14:59:41"
3757,3758,25415,NULL,,,,,"2022-11-04 15:47:41"
3952,3953,25417,NULL,,,,,"2022-11-04 17:15:04"
3948,3949,25418,NULL,,,,,"2022-11-04 17:14:33"
3868,3869,25419,NULL,,,,,"2022-11-04 16:43:41"
3872,3873,25420,NULL,,,,,"2022-11-04 16:44:22"
3970,3971,25421,NULL,,,,,"2022-11-04 17:19:06"
4100,4101,25422,NULL,,,,,"2022-11-04 18:25:37"
3712,3713,25423,NULL,,,,,"2022-11-04 15:35:50"
6108,6109,25424,NULL,,,,,"2022-11-08 07:11:14"
4055,4057,25425,NULL,,,,,"2022-11-04 18:00:52"
4056,4057,25425,NULL,,,,,"2022-11-04 18:00:52"
3985,3986,25426,NULL,,,,,"2022-11-04 17:25:41"
4059,4060,25427,NULL,,,,,"2022-11-04 18:01:31"
4028,4029,25428,NULL,,,,,"2022-11-04 17:42:54"
3989,3990,25429,NULL,,,,,"2022-11-04 17:26:40"
4096,4097,25430,NULL,,,,,"2022-11-04 18:24:04"
4215,4216,25431,NULL,,,,,"2022-11-04 20:11:49"
4220,4221,25432,NULL,,,,,"2022-11-04 20:12:18"
3761,3762,25433,NULL,,,,,"2022-11-04 15:49:00"
3828,3829,25434,NULL,,,,,"2022-11-04 16:22:37"
6106,6107,25435,NULL,,,,,"2022-11-08 07:10:33"
5893,5895,25436,NULL,,,,,"2022-11-06 12:17:04"
5894,5895,25436,NULL,,,,,"2022-11-06 12:17:04"
5898,5899,25437,NULL,,,,,"2022-11-06 12:17:27"
4288,4289,25438,NULL,,,,,"2022-11-05 08:16:23"
4292,4293,25439,NULL,,,,,"2022-11-05 08:16:53"
5905,5906,25440,NULL,,,,,"2022-11-06 12:19:36"
5932,5933,25441,NULL,,,,,"2022-11-06 12:34:24"
5928,5929,25442,NULL,,,,,"2022-11-06 12:34:04"
4383,4385,25443,NULL,,,,,"2022-11-05 09:11:13"
4384,4385,25443,NULL,,,,,"2022-11-05 09:11:13"
6110,6111,25444,NULL,,,,,"2022-11-08 07:11:26"
5896,5897,25445,NULL,,,,,"2022-11-06 12:17:26"
5924,5925,25446,NULL,,,,,"2022-11-06 12:33:20"
5900,5901,25447,NULL,,,,,"2022-11-06 12:17:48"
5902,5903,25448,NULL,,,,,"2022-11-06 12:18:41"
5917,5918,25449,NULL,,,,,"2022-11-06 12:31:30"
5919,5920,25450,NULL,,,,,"2022-11-06 12:31:58"
5891,5892,25451,NULL,,,,,"2022-11-06 12:16:41"
5921,5922,25452,NULL,,,,,"2022-11-06 12:32:40"
4371,4372,25453,NULL,,,,,"2022-11-05 09:02:09"
4335,4336,25454,NULL,,,,,"2022-11-05 08:50:45"
3562,3563,25825,NULL,,,,,"2022-11-04 14:33:56"
3506,3507,25826,NULL,,,,,"2022-11-04 14:11:02"
3465,3466,25827,NULL,,,,,"2022-11-04 13:50:53"
3502,3503,25828,NULL,,,,,"2022-11-04 14:09:55"
3929,3930,25829,NULL,,,,,"2022-11-04 17:09:43"
3926,3928,25830,NULL,,,,,"2022-11-04 17:09:26"
3927,3928,25830,NULL,,,,,"2022-11-04 17:09:26"
3933,3934,25831,NULL,,,,,"2022-11-04 17:10:38"
3939,3940,25832,NULL,,,,,"2022-11-04 17:13:05"
3621,3623,25833,NULL,,,,,"2022-11-04 14:52:37"
3622,3623,25833,NULL,,,,,"2022-11-04 14:52:37"
3508,3509,25834,NULL,,,,,"2022-11-04 14:11:25"
3699,3701,25835,NULL,,,,,"2022-11-04 15:32:42"
3700,3701,25835,NULL,,,,,"2022-11-04 15:32:42"
3705,3707,25836,NULL,,,,,"2022-11-04 15:33:17"
3706,3707,25836,NULL,,,,,"2022-11-04 15:33:17"
3710,3711,25837,NULL,,,,,"2022-11-04 15:33:59"
3794,3795,25838,NULL,,,,,"2022-11-04 16:07:09"
3950,3951,25839,NULL,,,,,"2022-11-04 17:14:38"
3935,3936,25840,NULL,,,,,"2022-11-04 17:11:50"
3960,3961,25841,NULL,,,,,"2022-11-04 17:15:53"
3958,3959,25842,NULL,,,,,"2022-11-04 17:15:40"
3624,3625,25843,NULL,,,,,"2022-11-04 14:52:57"
3722,3724,25844,NULL,,,,,"2022-11-04 15:38:21"
3723,3724,25844,NULL,,,,,"2022-11-04 15:38:21"
4260,4262,25845,NULL,,,,,"2022-11-04 21:07:40"
4261,4262,25845,NULL,,,,,"2022-11-04 21:07:40"
4279,4280,25846,NULL,,,,,"2022-11-04 22:08:40"
4257,4259,25847,NULL,,,,,"2022-11-04 21:06:40"
4258,4259,25847,NULL,,,,,"2022-11-04 21:06:40"
3866,3867,25848,NULL,,,,,"2022-11-04 16:43:39"
4198,4199,25849,NULL,,,,,"2022-11-04 19:49:05"
4145,4146,25850,NULL,,,,,"2022-11-04 19:21:46"
4147,4148,25851,NULL,,,,,"2022-11-04 19:23:02"
4154,4155,25852,NULL,,,,,"2022-11-04 19:25:12"
3779,3780,25853,NULL,,,,,"2022-11-04 16:01:38"
3835,3836,25854,NULL,,,,,"2022-11-04 16:30:29"
3880,3881,25855,NULL,,,,,"2022-11-04 16:47:10"
4035,4036,25856,NULL,,,,,"2022-11-04 17:44:56"
4033,4034,25857,NULL,,,,,"2022-11-04 17:44:25"
4263,4265,25858,NULL,,,,,"2022-11-04 21:08:33"
4264,4265,25858,NULL,,,,,"2022-11-04 21:08:33"
4173,4175,25859,NULL,,,,,"2022-11-04 19:35:09"
4174,4175,25859,NULL,,,,,"2022-11-04 19:35:09"
4176,4177,25860,NULL,,,,,"2022-11-04 19:35:46"
4178,4179,25861,NULL,,,,,"2022-11-04 19:36:19"
4182,4184,25862,NULL,,,,,"2022-11-04 19:38:38"
4183,4184,25862,NULL,,,,,"2022-11-04 19:38:38"
4011,4012,25863,NULL,,,,,"2022-11-04 17:40:14"
3884,3885,25864,NULL,,,,,"2022-11-04 16:48:07"
4511,4512,25865,NULL,,,,,"2022-11-05 09:58:40"
4434,4435,25866,NULL,,,,,"2022-11-05 09:38:41"
4438,4440,25867,NULL,,,,,"2022-11-05 09:39:28"
4439,4440,25867,NULL,,,,,"2022-11-05 09:39:28"
5091,5092,25868,NULL,,,,,"2022-11-05 14:18:21"
4409,4410,25869,NULL,,,,,"2022-11-05 09:33:41"
4411,4413,25870,NULL,,,,,"2022-11-05 09:34:15"
4412,4413,25870,NULL,,,,,"2022-11-05 09:34:15"
4414,4415,25871,NULL,,,,,"2022-11-05 09:34:41"
4489,4491,25872,NULL,,,,,"2022-11-05 09:46:20"
4490,4491,25872,NULL,,,,,"2022-11-05 09:46:20"
4403,4404,25873,NULL,,,,,"2022-11-05 09:32:31"
4401,4402,25874,NULL,,,,,"2022-11-05 09:32:08"
4497,4498,25875,NULL,,,,,"2022-11-05 09:47:10"
4559,4561,25876,NULL,,,,,"2022-11-05 10:19:50"
4560,4561,25876,NULL,,,,,"2022-11-05 10:19:50"
4473,4475,25877,NULL,,,,,"2022-11-05 09:44:45"
4474,4475,25877,NULL,,,,,"2022-11-05 09:44:45"
4465,4467,25878,NULL,,,,,"2022-11-05 09:43:50"
4466,4467,25878,NULL,,,,,"2022-11-05 09:43:50"
4443,4444,25879,NULL,,,,,"2022-11-05 09:40:31"
4424,4427,25880,NULL,,,,,"2022-11-05 09:36:43"
4425,4427,25880,NULL,,,,,"2022-11-05 09:36:43"
4426,4427,25880,NULL,,,,,"2022-11-05 09:36:43"
4515,4516,25881,NULL,,,,,"2022-11-05 09:59:02"
4652,4653,25882,NULL,,,,,"2022-11-05 10:39:43"
4405,4406,25883,NULL,,,,,"2022-11-05 09:32:53"
4407,4408,25884,NULL,,,,,"2022-11-05 09:33:13"
4088,4090,25945,NULL,,,,,"2022-11-04 18:16:03"
4089,4090,25945,NULL,,,,,"2022-11-04 18:16:03"
3604,3605,25946,NULL,,,,,"2022-11-04 14:41:49"
3602,3603,25947,NULL,,,,,"2022-11-04 14:41:27"
3525,3526,25948,NULL,,,,,"2022-11-04 14:20:31"
3558,3559,25949,NULL,,,,,"2022-11-04 14:32:30"
3494,3495,25950,NULL,,,,,"2022-11-04 14:04:47"
3490,3491,25951,NULL,,,,,"2022-11-04 14:04:18"
3668,3669,25952,NULL,,,,,"2022-11-04 15:16:57"
3492,3493,25953,NULL,,,,,"2022-11-04 14:04:46"
3541,3542,25954,NULL,,,,,"2022-11-04 14:28:48"
3725,3726,25955,NULL,,,,,"2022-11-04 15:41:04"
3683,3684,25956,NULL,,,,,"2022-11-04 15:27:19"
3649,3650,25957,NULL,,,,,"2022-11-04 15:00:44"
3674,3675,25958,NULL,,,,,"2022-11-04 15:18:59"
3658,3659,25959,NULL,,,,,"2022-11-04 15:08:11"
3637,3638,25960,NULL,,,,,"2022-11-04 14:57:37"
3787,3788,25961,NULL,,,,,"2022-11-04 16:03:44"
3796,3797,25962,NULL,,,,,"2022-11-04 16:07:13"
3612,3614,25963,NULL,,,,,"2022-11-04 14:45:13"
3769,3770,25964,NULL,,,,,"2022-11-04 15:53:38"
3858,3859,25965,NULL,,,,,"2022-11-04 16:35:39"
3898,3899,25966,NULL,,,,,"2022-11-04 17:00:40"
3810,3811,25967,NULL,,,,,"2022-11-04 16:13:58"
3856,3857,25968,NULL,,,,,"2022-11-04 16:35:21"
3878,3879,25969,NULL,,,,,"2022-11-04 16:46:46"
4004,4006,25970,NULL,,,,,"2022-11-04 17:34:23"
4005,4006,25970,NULL,,,,,"2022-11-04 17:34:23"
3924,3925,25971,NULL,,,,,"2022-11-04 17:09:14"
3991,3992,25972,NULL,,,,,"2022-11-04 17:26:47"
3983,3984,25973,NULL,,,,,"2022-11-04 17:22:06"
3916,3917,25974,NULL,,,,,"2022-11-04 17:03:30"
4093,4094,25975,NULL,,,,,"2022-11-04 18:17:17"
4013,4014,25976,NULL,,,,,"2022-11-04 17:41:15"
4039,4040,25977,NULL,,,,,"2022-11-04 17:46:14"
4041,4042,25978,NULL,,,,,"2022-11-04 17:47:11"
4015,4016,25979,NULL,,,,,"2022-11-04 17:41:43"
4024,4025,25980,NULL,,,,,"2022-11-04 17:42:32"
4069,4070,25981,NULL,,,,,"2022-11-04 18:08:02"
4106,4107,25982,NULL,,,,,"2022-11-04 18:29:43"
3765,3766,25983,NULL,,,,,"2022-11-04 15:52:02"
3886,3887,25984,NULL,,,,,"2022-11-04 16:50:55"
4319,4320,25985,NULL,,,,,"2022-11-05 08:44:13"
4323,4324,25986,NULL,,,,,"2022-11-05 08:44:58"
4588,4590,25987,NULL,,,,,"2022-11-05 10:24:45"
4589,4590,25987,NULL,,,,,"2022-11-05 10:24:45"
4317,4318,25988,NULL,,,,,"2022-11-05 08:41:37"
4349,4351,25989,NULL,,,,,"2022-11-05 08:56:39"
4350,4351,25989,NULL,,,,,"2022-11-05 08:56:39"
4321,4322,25990,NULL,,,,,"2022-11-05 08:44:32"
4362,4363,25991,NULL,,,,,"2022-11-05 08:58:27"
4284,4285,25992,NULL,,,,,"2022-11-05 08:08:40"
4347,4348,25993,NULL,,,,,"2022-11-05 08:56:24"
4308,4309,25994,NULL,,,,,"2022-11-05 08:29:57"
4538,4539,25995,NULL,,,,,"2022-11-05 10:07:52"
4584,4585,25996,NULL,,,,,"2022-11-05 10:24:14"
4616,4618,25997,NULL,,,,,"2022-11-05 10:27:18"
4617,4618,25997,NULL,,,,,"2022-11-05 10:27:18"
4569,4570,25998,NULL,,,,,"2022-11-05 10:20:43"
4622,4623,25999,NULL,,,,,"2022-11-05 10:28:51"
4595,4597,26000,NULL,,,,,"2022-11-05 10:25:28"
4596,4597,26000,NULL,,,,,"2022-11-05 10:25:28"
4310,4311,26001,NULL,,,,,"2022-11-05 08:30:07"
4337,4339,26002,NULL,,,,,"2022-11-05 08:51:53"
4338,4339,26002,NULL,,,,,"2022-11-05 08:51:53"
4343,4344,26003,NULL,,,,,"2022-11-05 08:53:36"
4468,4470,26004,NULL,,,,,"2022-11-05 09:44:05"
4469,4470,26004,NULL,,,,,"2022-11-05 09:44:05"
3451,3452,26125,NULL,,,,,"2022-11-04 13:47:58"
3498,3499,26126,NULL,,,,,"2022-11-04 14:08:23"
3477,3478,26127,NULL,,,,,"2022-11-04 13:57:03"
3459,3460,26128,NULL,,,,,"2022-11-04 13:49:45"
3579,3580,26129,NULL,,,,,"2022-11-04 14:36:39"
3453,3454,26130,NULL,,,,,"2022-11-04 13:48:44"
3521,3522,26131,NULL,,,,,"2022-11-04 14:19:02"
3545,3546,26132,NULL,,,,,"2022-11-04 14:29:32"
3485,3486,26133,NULL,,,,,"2022-11-04 14:00:28"
3685,3686,26134,NULL,,,,,"2022-11-04 15:27:35"
3609,3610,26135,NULL,,,,,"2022-11-04 14:43:57"
3586,3587,26136,NULL,,,,,"2022-11-04 14:37:27"
3590,3591,26137,NULL,,,,,"2022-11-04 14:38:11"
3467,3468,26138,NULL,,,,,"2022-11-04 13:53:05"
3651,3652,26139,NULL,,,,,"2022-11-04 15:02:13"
3656,3657,26140,NULL,,,,,"2022-11-04 15:04:43"
3718,3719,26141,NULL,,,,,"2022-11-04 15:37:25"
3720,3721,26142,NULL,,,,,"2022-11-04 15:37:55"
3833,3834,26143,NULL,,,,,"2022-11-04 16:30:18"
3617,3618,26144,NULL,,,,,"2022-11-04 14:47:48"
3791,3793,26145,NULL,,,,,"2022-11-04 16:06:12"
3792,3793,26145,NULL,,,,,"2022-11-04 16:06:12"
3666,3667,26146,NULL,,,,,"2022-11-04 15:16:21"
3759,3760,26147,NULL,,,,,"2022-11-04 15:48:25"
3730,3732,26148,NULL,,,,,"2022-11-04 15:43:07"
3731,3732,26148,NULL,,,,,"2022-11-04 15:43:07"
3767,3768,26149,NULL,,,,,"2022-11-04 15:52:08"
3781,3782,26150,NULL,,,,,"2022-11-04 16:02:04"
3900,3901,26151,NULL,,,,,"2022-11-04 17:00:52"
3902,3903,26152,NULL,,,,,"2022-11-04 17:01:33"
3664,3665,26153,NULL,,,,,"2022-11-04 15:16:12"
3854,3855,26154,NULL,,,,,"2022-11-04 16:35:17"
3906,3907,26155,NULL,,,,,"2022-11-04 17:02:06"
3911,3912,26156,NULL,,,,,"2022-11-04 17:02:36"
3995,3996,26157,NULL,,,,,"2022-11-04 17:27:48"
3997,3998,26158,NULL,,,,,"2022-11-04 17:28:34"
3937,3938,26159,NULL,,,,,"2022-11-04 17:12:53"
3824,3825,26160,NULL,,,,,"2022-11-04 16:16:22"
4007,4008,26161,NULL,,,,,"2022-11-04 17:37:20"
4061,4062,26162,NULL,,,,,"2022-11-04 18:02:07"
4030,4032,26163,NULL,,,,,"2022-11-04 17:43:31"
4031,4032,26163,NULL,,,,,"2022-11-04 17:43:31"
3847,3848,26164,NULL,,,,,"2022-11-04 16:33:47"
4368,4370,26165,NULL,,,,,"2022-11-05 09:01:36"
4369,4370,26165,NULL,,,,,"2022-11-05 09:01:36"
4300,4301,26166,NULL,,,,,"2022-11-05 08:23:24"
4302,4303,26167,NULL,,,,,"2022-11-05 08:24:05"
4304,4305,26168,NULL,,,,,"2022-11-05 08:24:54"
4354,4355,26169,NULL,,,,,"2022-11-05 08:57:07"
4501,4502,26170,NULL,,,,,"2022-11-05 09:56:28"
4358,4359,26171,NULL,,,,,"2022-11-05 08:57:30"
4503,4504,26172,NULL,,,,,"2022-11-05 09:56:55"
4298,4299,26173,NULL,,,,,"2022-11-05 08:20:58"
4296,4297,26174,NULL,,,,,"2022-11-05 08:20:29"
4360,4361,26175,NULL,,,,,"2022-11-05 08:58:09"
4364,4365,26176,NULL,,,,,"2022-11-05 08:58:30"
4505,4506,26177,NULL,,,,,"2022-11-05 09:57:21"
4507,4508,26178,NULL,,,,,"2022-11-05 09:57:49"
4509,4510,26179,NULL,,,,,"2022-11-05 09:58:19"
4593,4594,26180,NULL,,,,,"2022-11-05 10:25:26"
4527,4528,26181,NULL,,,,,"2022-11-05 10:03:34"
4513,4514,26182,NULL,,,,,"2022-11-05 09:58:54"
4366,4367,26183,NULL,,,,,"2022-11-05 08:59:19"
4420,4421,26184,NULL,,,,,"2022-11-05 09:35:44"
4567,4568,26695,NULL,,,,,"2022-11-05 10:20:40"
4686,4687,26696,NULL,,,,,"2022-11-05 10:53:38"
4879,4881,26697,NULL,,,,,"2022-11-05 12:27:53"
4880,4881,26697,NULL,,,,,"2022-11-05 12:27:53"
4499,4500,26698,NULL,,,,,"2022-11-05 09:48:36"
4656,4657,26699,NULL,,,,,"2022-11-05 10:40:42"
4542,4543,26700,NULL,,,,,"2022-11-05 10:08:04"
4801,4802,26701,NULL,,,,,"2022-11-05 11:39:33"
4741,4743,26702,NULL,,,,,"2022-11-05 11:15:37"
4742,4743,26702,NULL,,,,,"2022-11-05 11:15:37"
4540,4541,26703,NULL,,,,,"2022-11-05 10:07:59"
4523,4524,26704,NULL,,,,,"2022-11-05 10:00:54"
4492,4493,26705,NULL,,,,,"2022-11-05 09:46:46"
4919,4920,26706,NULL,,,,,"2022-11-05 12:52:28"
4921,4923,26707,NULL,,,,,"2022-11-05 12:53:09"
4922,4923,26707,NULL,,,,,"2022-11-05 12:53:09"
4571,4572,26708,NULL,,,,,"2022-11-05 10:21:03"
4730,4731,26709,NULL,,,,,"2022-11-05 11:13:16"
4971,4972,26710,NULL,,,,,"2022-11-05 13:24:45"
4984,4985,26711,NULL,,,,,"2022-11-05 13:26:55"
4986,4987,26712,NULL,,,,,"2022-11-05 13:27:33"
4531,4532,26713,NULL,,,,,"2022-11-05 10:04:45"
4757,4759,26714,NULL,,,,,"2022-11-05 11:24:08"
4758,4759,26714,NULL,,,,,"2022-11-05 11:24:08"
4958,4959,26715,NULL,,,,,"2022-11-05 13:08:27"
5033,5034,26716,NULL,,,,,"2022-11-05 13:41:07"
4954,4955,26717,NULL,,,,,"2022-11-05 13:07:00"
5039,5040,26718,NULL,,,,,"2022-11-05 13:44:58"
4990,4991,26719,NULL,,,,,"2022-11-05 13:28:19"
5012,5013,26720,NULL,,,,,"2022-11-05 13:35:08"
5014,5015,26721,NULL,,,,,"2022-11-05 13:35:34"
5016,5017,26722,NULL,,,,,"2022-11-05 13:36:03"
4750,4752,26723,NULL,,,,,"2022-11-05 11:20:55"
4751,4752,26723,NULL,,,,,"2022-11-05 11:20:55"
4849,4850,26724,NULL,,,,,"2022-11-05 12:08:47"
5063,5064,26725,NULL,,,,,"2022-11-05 13:54:36"
5061,5062,26726,NULL,,,,,"2022-11-05 13:52:39"
5050,5051,26727,NULL,,,,,"2022-11-05 13:48:24"
5052,5054,26728,NULL,,,,,"2022-11-05 13:49:05"
5053,5054,26728,NULL,,,,,"2022-11-05 13:49:05"
5136,5137,26729,NULL,,,,,"2022-11-05 14:48:54"
5158,5159,26730,NULL,,,,,"2022-11-05 14:51:28"
5162,5163,26731,NULL,,,,,"2022-11-05 14:52:00"
5388,5389,26732,NULL,,,,,"2022-11-05 15:46:01"
4843,4844,26733,NULL,,,,,"2022-11-05 11:58:43"
6114,6115,26734,NULL,,,,,"2022-11-08 11:59:16"
5067,5069,26735,NULL,,,,,"2022-11-05 13:56:15"
5068,5069,26735,NULL,,,,,"2022-11-05 13:56:15"
5070,5071,26736,NULL,,,,,"2022-11-05 13:56:42"
5455,5457,26737,NULL,,,,,"2022-11-05 16:02:24"
5456,5457,26737,NULL,,,,,"2022-11-05 16:02:24"
5105,5106,26738,NULL,,,,,"2022-11-05 14:27:32"
5386,5387,26739,NULL,,,,,"2022-11-05 15:45:23"
5394,5395,26740,NULL,,,,,"2022-11-05 15:46:58"
5405,5406,26741,NULL,,,,,"2022-11-05 15:48:39"
5516,5517,26742,NULL,,,,,"2022-11-05 16:28:20"
4960,4961,26743,NULL,,,,,"2022-11-05 13:15:27"
4917,4918,26744,NULL,,,,,"2022-11-05 12:50:53"
5080,5081,26745,NULL,,,,,"2022-11-05 14:02:20"
5082,5083,26746,NULL,,,,,"2022-11-05 14:02:50"
5117,5118,26747,NULL,,,,,"2022-11-05 14:33:18"
5301,5303,26748,NULL,,,,,"2022-11-05 15:25:16"
5302,5303,26748,NULL,,,,,"2022-11-05 15:25:16"
5522,5523,26749,NULL,,,,,"2022-11-05 16:29:12"
5603,5604,26750,NULL,,,,,"2022-11-05 17:01:59"
5618,5619,26751,NULL,,,,,"2022-11-05 17:07:25"
5589,5590,26752,NULL,,,,,"2022-11-05 16:53:14"
4913,4914,26753,NULL,,,,,"2022-11-05 12:46:27"
4909,4910,26754,NULL,,,,,"2022-11-05 12:44:51"
4688,4689,26755,NULL,,,,,"2022-11-05 10:54:28"
4684,4685,26756,NULL,,,,,"2022-11-05 10:53:06"
4882,4883,26757,NULL,,,,,"2022-11-05 12:28:24"
4565,4566,26758,NULL,,,,,"2022-11-05 10:20:14"
4650,4651,26759,NULL,,,,,"2022-11-05 10:37:09"
4712,4713,26760,NULL,,,,,"2022-11-05 11:06:06"
4678,4679,26761,NULL,,,,,"2022-11-05 10:47:30"
4796,4798,26762,NULL,,,,,"2022-11-05 11:38:53"
4797,4798,26762,NULL,,,,,"2022-11-05 11:38:53"
4660,4662,26763,NULL,,,,,"2022-11-05 10:41:16"
4661,4662,26763,NULL,,,,,"2022-11-05 10:41:16"
4519,4520,26764,NULL,,,,,"2022-11-05 10:00:31"
4927,4928,26765,NULL,,,,,"2022-11-05 12:54:20"
4604,4605,26766,NULL,,,,,"2022-11-05 10:26:14"
6104,6105,26767,NULL,,,,,"2022-11-07 08:25:52"
4573,4574,26768,NULL,,,,,"2022-11-05 10:21:35"
4973,4974,26769,NULL,,,,,"2022-11-05 13:25:11"
4975,4977,26770,NULL,,,,,"2022-11-05 13:25:58"
4976,4977,26770,NULL,,,,,"2022-11-05 13:25:58"
4980,4981,26771,NULL,,,,,"2022-11-05 13:26:26"
4994,4995,26772,NULL,,,,,"2022-11-05 13:28:49"
4680,4681,26773,NULL,,,,,"2022-11-05 10:48:27"
4525,4526,26774,NULL,,,,,"2022-11-05 10:01:25"
4933,4934,26775,NULL,,,,,"2022-11-05 12:55:52"
4956,4957,26776,NULL,,,,,"2022-11-05 13:07:28"
5035,5036,26777,NULL,,,,,"2022-11-05 13:41:44"
5037,5038,26778,NULL,,,,,"2022-11-05 13:42:12"
4996,4997,26779,NULL,,,,,"2022-11-05 13:29:24"
4998,4999,26780,NULL,,,,,"2022-11-05 13:29:58"
5008,5009,26781,NULL,,,,,"2022-11-05 13:34:08"
5366,5368,26782,NULL,,,,,"2022-11-05 15:43:19"
5367,5368,26782,NULL,,,,,"2022-11-05 15:43:19"
4851,4852,26783,NULL,,,,,"2022-11-05 12:09:07"
4663,4664,26784,NULL,,,,,"2022-11-05 10:42:26"
5055,5056,26785,NULL,,,,,"2022-11-05 13:50:02"
5059,5060,26786,NULL,,,,,"2022-11-05 13:51:17"
5057,5058,26787,NULL,,,,,"2022-11-05 13:50:42"
5041,5042,26788,NULL,,,,,"2022-11-05 13:45:32"
5018,5019,26789,NULL,,,,,"2022-11-05 13:36:34"
5154,5155,26790,NULL,,,,,"2022-11-05 14:51:05"
5146,5147,26791,NULL,,,,,"2022-11-05 14:50:14"
5396,5397,26792,NULL,,,,,"2022-11-05 15:47:32"
4764,4766,26793,NULL,,,,,"2022-11-05 11:29:08"
4765,4766,26793,NULL,,,,,"2022-11-05 11:29:08"
4845,4846,26794,NULL,,,,,"2022-11-05 11:59:26"
5109,5110,26795,NULL,,,,,"2022-11-05 14:28:30"
5111,5112,26796,NULL,,,,,"2022-11-05 14:29:15"
5074,5075,26797,NULL,,,,,"2022-11-05 13:58:31"
5072,5073,26798,NULL,,,,,"2022-11-05 13:57:11"
5140,5141,26799,NULL,,,,,"2022-11-05 14:49:30"
5380,5381,26800,NULL,,,,,"2022-11-05 15:44:50"
5401,5402,26801,NULL,,,,,"2022-11-05 15:48:09"
5407,5408,26802,NULL,,,,,"2022-11-05 15:51:07"
4965,4966,26803,NULL,,,,,"2022-11-05 13:21:16"
4905,4906,26804,NULL,,,,,"2022-11-05 12:44:26"
5076,5077,26805,NULL,,,,,"2022-11-05 13:59:10"
5102,5104,26806,NULL,,,,,"2022-11-05 14:26:53"
5103,5104,26806,NULL,,,,,"2022-11-05 14:26:53"
5084,5085,26807,NULL,,,,,"2022-11-05 14:03:22"
5086,5087,26808,NULL,,,,,"2022-11-05 14:04:12"
5524,5525,26809,NULL,,,,,"2022-11-05 16:29:51"
5528,5529,26810,NULL,,,,,"2022-11-05 16:30:48"
5593,5594,26811,NULL,,,,,"2022-11-05 16:53:46"
5535,5536,26812,NULL,,,,,"2022-11-05 16:31:43"
4962,4964,26813,NULL,,,,,"2022-11-05 13:16:07"
4963,4964,26813,NULL,,,,,"2022-11-05 13:16:07"
5005,5006,26814,NULL,,,,,"2022-11-05 13:32:53"
4682,4683,26935,NULL,,,,,"2022-11-05 10:51:28"
4674,4675,26936,NULL,,,,,"2022-11-05 10:44:44"
4839,4840,26937,NULL,,,,,"2022-11-05 11:53:52"
4746,4747,26938,NULL,,,,,"2022-11-05 11:17:29"
4690,4691,26939,NULL,,,,,"2022-11-05 10:56:31"
5398,5400,26940,NULL,,,,,"2022-11-05 15:47:40"
5399,5400,26940,NULL,,,,,"2022-11-05 15:47:40"
4521,4522,26941,NULL,,,,,"2022-11-05 10:00:46"
4389,4390,26942,NULL,,,,,"2022-11-05 09:22:43"
4557,4558,26943,NULL,,,,,"2022-11-05 10:18:59"
4482,4484,26944,NULL,,,,,"2022-11-05 09:45:24"
4483,4484,26944,NULL,,,,,"2022-11-05 09:45:24"
4668,4669,26945,NULL,,,,,"2022-11-05 10:43:05"
4703,4704,26946,NULL,,,,,"2022-11-05 11:02:38"
4670,4671,26947,NULL,,,,,"2022-11-05 10:43:32"
4847,4848,26948,NULL,,,,,"2022-11-05 12:01:01"
4639,4640,26949,NULL,,,,,"2022-11-05 10:33:22"
4755,4756,26950,NULL,,,,,"2022-11-05 11:23:10"
4644,4645,26951,NULL,,,,,"2022-11-05 10:34:40"
5290,5291,26952,NULL,,,,,"2022-11-05 15:19:19"
4696,4697,26953,NULL,,,,,"2022-11-05 11:02:10"
4562,4564,26954,NULL,,,,,"2022-11-05 10:20:06"
4563,4564,26954,NULL,,,,,"2022-11-05 10:20:06"
4853,4854,26955,NULL,,,,,"2022-11-05 12:12:22"
4950,4951,26956,NULL,,,,,"2022-11-05 13:03:03"
5286,5287,26957,NULL,,,,,"2022-11-05 15:18:11"
4931,4932,26959,NULL,,,,,"2022-11-05 12:55:36"
5546,5548,26960,NULL,,,,,"2022-11-05 16:39:54"
5547,5548,26960,NULL,,,,,"2022-11-05 16:39:54"
5542,5545,26961,NULL,,,,,"2022-11-05 16:35:13"
5543,5545,26961,NULL,,,,,"2022-11-05 16:35:13"
5544,5545,26961,NULL,,,,,"2022-11-05 16:35:13"
4935,4937,26962,NULL,,,,,"2022-11-05 12:56:25"
4936,4937,26962,NULL,,,,,"2022-11-05 12:56:25"
4943,4945,26963,NULL,,,,,"2022-11-05 12:58:22"
4944,4945,26963,NULL,,,,,"2022-11-05 12:58:22"
4940,4942,26964,NULL,,,,,"2022-11-05 12:57:27"
4941,4942,26964,NULL,,,,,"2022-11-05 12:57:27"
4907,4908,26965,NULL,,,,,"2022-11-05 12:44:41"
5010,5011,26966,NULL,,,,,"2022-11-05 13:34:21"
5284,5285,26967,NULL,,,,,"2022-11-05 15:17:24"
5065,5066,26968,NULL,,,,,"2022-11-05 13:54:36"
5565,5566,26969,NULL,,,,,"2022-11-05 16:45:55"
5554,5556,26970,NULL,,,,,"2022-11-05 16:42:55"
5555,5556,26970,NULL,,,,,"2022-11-05 16:42:55"
5549,5551,26971,NULL,,,,,"2022-11-05 16:41:25"
5550,5551,26971,NULL,,,,,"2022-11-05 16:41:25"
5572,5573,26972,NULL,,,,,"2022-11-05 16:48:33"
5570,5571,26973,NULL,,,,,"2022-11-05 16:47:48"
5567,5569,26974,NULL,,,,,"2022-11-05 16:47:17"
5568,5569,26974,NULL,,,,,"2022-11-05 16:47:17"
5119,5120,26975,NULL,,,,,"2022-11-05 14:38:30"
5121,5122,26976,NULL,,,,,"2022-11-05 14:38:52"
5224,5225,26977,NULL,,,,,"2022-11-05 15:02:32"
5125,5126,26978,NULL,,,,,"2022-11-05 14:41:46"
5580,5581,26979,NULL,,,,,"2022-11-05 16:50:40"
5582,5583,26980,NULL,,,,,"2022-11-05 16:51:30"
5584,5585,26981,NULL,,,,,"2022-11-05 16:51:57"
5605,5606,26982,NULL,,,,,"2022-11-05 17:02:05"
5611,5612,26983,NULL,,,,,"2022-11-05 17:03:37"
5607,5608,26984,NULL,,,,,"2022-11-05 17:02:35"
5328,5329,26985,NULL,,,,,"2022-11-05 15:36:57"
5507,5509,26986,NULL,,,,,"2022-11-05 16:22:47"
5508,5509,26986,NULL,,,,,"2022-11-05 16:22:47"
5537,5539,26988,NULL,,,,,"2022-11-05 16:32:08"
5538,5539,26988,NULL,,,,,"2022-11-05 16:32:08"
5627,5629,26989,NULL,,,,,"2022-11-05 17:22:56"
5628,5629,26989,NULL,,,,,"2022-11-05 17:22:56"
5640,5641,26990,NULL,,,,,"2022-11-05 18:00:00"
5677,5679,26991,NULL,,,,,"2022-11-05 18:15:26"
5678,5679,26991,NULL,,,,,"2022-11-05 18:15:26"
5669,5671,26992,NULL,,,,,"2022-11-05 18:13:18"
5670,5671,26992,NULL,,,,,"2022-11-05 18:13:18"
6041,6043,26993,NULL,,,,,"2022-11-06 13:44:15"
6042,6043,26993,NULL,,,,,"2022-11-06 13:44:15"
5638,5639,26994,NULL,,,,,"2022-11-05 17:59:05"
4748,4749,26995,NULL,,,,,"2022-11-05 11:18:22"
4714,4716,26996,NULL,,,,,"2022-11-05 11:07:29"
4715,4716,26996,NULL,,,,,"2022-11-05 11:07:29"
4724,4725,26997,NULL,,,,,"2022-11-05 11:12:31"
4835,4836,26998,NULL,,,,,"2022-11-05 11:52:33"
4710,4711,26999,NULL,,,,,"2022-11-05 11:04:58"
4698,4700,27000,NULL,,,,,"2022-11-05 11:02:15"
4699,4700,27000,NULL,,,,,"2022-11-05 11:02:15"
4637,4638,27001,NULL,,,,,"2022-11-05 10:33:01"
4391,4392,27002,NULL,,,,,"2022-11-05 09:24:51"
4692,4693,27003,NULL,,,,,"2022-11-05 11:01:11"
4544,4546,27004,NULL,,,,,"2022-11-05 10:08:23"
4545,4546,27004,NULL,,,,,"2022-11-05 10:08:23"
4705,4707,27005,NULL,,,,,"2022-11-05 11:03:11"
4706,4707,27005,NULL,,,,,"2022-11-05 11:03:11"
4871,4872,27006,NULL,,,,,"2022-11-05 12:23:53"
4837,4838,27007,NULL,,,,,"2022-11-05 11:53:10"
4762,4763,27008,NULL,,,,,"2022-11-05 11:29:02"
4767,4768,27009,NULL,,,,,"2022-11-05 11:30:44"
4641,4643,27010,NULL,,,,,"2022-11-05 10:34:10"
4642,4643,27010,NULL,,,,,"2022-11-05 10:34:10"
4517,4518,27011,NULL,,,,,"2022-11-05 10:00:04"
4494,4496,27012,NULL,,,,,"2022-11-05 09:47:00"
4495,4496,27012,NULL,,,,,"2022-11-05 09:47:00"
4694,4695,27013,NULL,,,,,"2022-11-05 11:01:37"
4701,4702,27014,NULL,,,,,"2022-11-05 11:02:33"
4901,4902,27015,NULL,,,,,"2022-11-05 12:44:05"
5288,5289,27016,NULL,,,,,"2022-11-05 15:18:44"
5000,5002,27017,NULL,,,,,"2022-11-05 13:30:49"
5001,5002,27017,NULL,,,,,"2022-11-05 13:30:49"
5043,5045,27018,NULL,,,,,"2022-11-05 13:45:43"
5044,5045,27018,NULL,,,,,"2022-11-05 13:45:43"
5530,5532,27019,NULL,,,,,"2022-11-05 16:30:49"
5531,5532,27019,NULL,,,,,"2022-11-05 16:30:49"
4924,4926,27020,NULL,,,,,"2022-11-05 12:53:36"
4925,4926,27020,NULL,,,,,"2022-11-05 12:53:36"
4929,4930,27021,NULL,,,,,"2022-11-05 12:54:28"
4946,4947,27022,NULL,,,,,"2022-11-05 12:59:02"
4948,4949,27023,NULL,,,,,"2022-11-05 12:59:35"
4938,4939,27024,NULL,,,,,"2022-11-05 12:56:46"
4969,4970,27025,NULL,,,,,"2022-11-05 13:24:44"
5048,5049,27026,NULL,,,,,"2022-11-05 13:48:20"
5123,5124,27027,NULL,,,,,"2022-11-05 14:39:19"
5078,5079,27028,NULL,,,,,"2022-11-05 14:00:12"
5552,5553,27029,NULL,,,,,"2022-11-05 16:42:18"
5557,5559,27030,NULL,,,,,"2022-11-05 16:44:22"
5558,5559,27030,NULL,,,,,"2022-11-05 16:44:22"
5562,5564,27031,NULL,,,,,"2022-11-05 16:45:07"
5563,5564,27031,NULL,,,,,"2022-11-05 16:45:07"
5574,5575,27032,NULL,,,,,"2022-11-05 16:49:05"
5576,5577,27033,NULL,,,,,"2022-11-05 16:49:33"
5578,5579,27034,NULL,,,,,"2022-11-05 16:50:01"
5098,5099,27035,NULL,,,,,"2022-11-05 14:20:58"
5127,5128,27036,NULL,,,,,"2022-11-05 14:43:37"
5304,5305,27037,NULL,,,,,"2022-11-05 15:25:49"
5280,5281,27038,NULL,,,,,"2022-11-05 15:16:46"
5599,5600,27039,NULL,,,,,"2022-11-05 17:00:37"
5586,5588,27040,NULL,,,,,"2022-11-05 16:52:48"
5587,5588,27040,NULL,,,,,"2022-11-05 16:52:48"
5591,5592,27041,NULL,,,,,"2022-11-05 16:53:20"
5601,5602,27042,NULL,,,,,"2022-11-05 17:01:41"
5613,5615,27043,NULL,,,,,"2022-11-05 17:04:18"
5614,5615,27043,NULL,,,,,"2022-11-05 17:04:18"
5609,5610,27044,NULL,,,,,"2022-11-05 17:03:07"
5467,5468,27045,NULL,,,,,"2022-11-05 16:04:16"
5462,5464,27046,NULL,,,,,"2022-11-05 16:03:00"
5463,5464,27046,NULL,,,,,"2022-11-05 16:03:00"
5306,5307,27047,NULL,,,,,"2022-11-05 15:28:30"
5483,5484,27048,NULL,,,,,"2022-11-05 16:15:08"
5616,5617,27049,NULL,,,,,"2022-11-05 17:05:21"
5630,5631,27050,NULL,,,,,"2022-11-05 17:23:45"
5632,5633,27051,NULL,,,,,"2022-11-05 17:26:26"
5636,5637,27052,NULL,,,,,"2022-11-05 17:58:24"
6008,6009,27053,NULL,,,,,"2022-11-06 13:31:16"
5691,5692,27054,NULL,,,,,"2022-11-05 18:27:41"
3751,3752,27055,NULL,,,,,"2022-11-04 15:46:49"
3581,3583,27056,NULL,,,,,"2022-11-04 14:36:46"
3582,3583,27056,NULL,,,,,"2022-11-04 14:36:46"
3594,3596,27057,NULL,,,,,"2022-11-04 14:39:24"
3595,3596,27057,NULL,,,,,"2022-11-04 14:39:24"
3527,3529,27058,NULL,,,,,"2022-11-04 14:23:35"
3528,3529,27058,NULL,,,,,"2022-11-04 14:23:35"
3516,3517,27059,NULL,,,,,"2022-11-04 14:13:07"
3533,3535,27060,NULL,,,,,"2022-11-04 14:26:01"
3534,3535,27060,NULL,,,,,"2022-11-04 14:26:01"
3536,3538,27061,NULL,,,,,"2022-11-04 14:27:01"
3537,3538,27061,NULL,,,,,"2022-11-04 14:27:01"
3680,3682,27062,NULL,,,,,"2022-11-04 15:20:46"
3681,3682,27062,NULL,,,,,"2022-11-04 15:20:46"
3471,3472,27063,NULL,,,,,"2022-11-04 13:54:26"
3475,3476,27064,NULL,,,,,"2022-11-04 13:56:53"
3775,3776,27065,NULL,,,,,"2022-11-04 15:57:27"
3999,4001,27066,NULL,,,,,"2022-11-04 17:33:43"
4000,4001,27066,NULL,,,,,"2022-11-04 17:33:43"
3670,3671,27067,NULL,,,,,"2022-11-04 15:17:09"
3727,3729,27068,NULL,,,,,"2022-11-04 15:42:58"
3728,3729,27068,NULL,,,,,"2022-11-04 15:42:58"
3672,3673,27069,NULL,,,,,"2022-11-04 15:17:31"
3653,3655,27070,NULL,,,,,"2022-11-04 15:03:45"
3654,3655,27070,NULL,,,,,"2022-11-04 15:03:45"
3763,3764,27071,NULL,,,,,"2022-11-04 15:49:56"
3777,3778,27072,NULL,,,,,"2022-11-04 15:59:46"
3584,3585,27073,NULL,,,,,"2022-11-04 14:37:08"
3628,3629,27074,NULL,,,,,"2022-11-04 14:54:17"
3904,3905,27075,NULL,,,,,"2022-11-04 17:02:02"
3908,3910,27076,NULL,,,,,"2022-11-04 17:02:30"
3909,3910,27076,NULL,,,,,"2022-11-04 17:02:30"
3888,3889,27077,NULL,,,,,"2022-11-04 16:51:47"
3913,3915,27078,NULL,,,,,"2022-11-04 17:03:07"
3914,3915,27078,NULL,,,,,"2022-11-04 17:03:07"
3806,3807,27079,NULL,,,,,"2022-11-04 16:12:29"
3882,3883,27080,NULL,,,,,"2022-11-04 16:47:45"
3895,3897,27081,NULL,,,,,"2022-11-04 16:59:10"
3896,3897,27081,NULL,,,,,"2022-11-04 16:59:10"
3890,3891,27082,NULL,,,,,"2022-11-04 16:52:21"
3783,3784,27083,NULL,,,,,"2022-11-04 16:02:34"
3773,3774,27084,NULL,,,,,"2022-11-04 15:57:18"
3918,3919,27085,NULL,,,,,"2022-11-04 17:03:31"
4019,4020,27086,NULL,,,,,"2022-11-04 17:42:12"
4021,4023,27087,NULL,,,,,"2022-11-04 17:42:30"
4022,4023,27087,NULL,,,,,"2022-11-04 17:42:30"
4026,4027,27088,NULL,,,,,"2022-11-04 17:42:46"
4017,4018,27089,NULL,,,,,"2022-11-04 17:42:11"
4102,4103,27090,NULL,,,,,"2022-11-04 18:28:17"
4063,4064,27091,NULL,,,,,"2022-11-04 18:02:21"
4104,4105,27092,NULL,,,,,"2022-11-04 18:29:06"
3892,3894,27093,NULL,,,,,"2022-11-04 16:58:19"
3893,3894,27093,NULL,,,,,"2022-11-04 16:58:19"
3962,3963,27094,NULL,,,,,"2022-11-04 17:16:44"
4331,4332,27095,NULL,,,,,"2022-11-05 08:47:29"
4333,4334,27096,NULL,,,,,"2022-11-05 08:47:46"
4327,4328,27097,NULL,,,,,"2022-11-05 08:46:16"
4325,4326,27098,NULL,,,,,"2022-11-05 08:45:43"
4393,4394,27099,NULL,,,,,"2022-11-05 09:26:18"
4329,4330,27100,NULL,,,,,"2022-11-05 08:47:04"
4315,4316,27101,NULL,,,,,"2022-11-05 08:39:49"
4286,4287,27102,NULL,,,,,"2022-11-05 08:13:15"
4386,4388,27103,NULL,,,,,"2022-11-05 09:22:20"
4387,4388,27103,NULL,,,,,"2022-11-05 09:22:20"
4290,4291,27104,NULL,,,,,"2022-11-05 08:16:47"
4535,4537,27105,NULL,,,,,"2022-11-05 10:06:27"
4536,4537,27105,NULL,,,,,"2022-11-05 10:06:27"
4447,4449,27106,NULL,,,,,"2022-11-05 09:41:28"
4448,4449,27106,NULL,,,,,"2022-11-05 09:41:28"
4533,4534,27107,NULL,,,,,"2022-11-05 10:05:47"
4630,4632,27108,NULL,,,,,"2022-11-05 10:30:25"
4631,4632,27108,NULL,,,,,"2022-11-05 10:30:25"
4450,4451,27109,NULL,,,,,"2022-11-05 09:41:53"
4633,4634,27110,NULL,,,,,"2022-11-05 10:30:41"
4306,4307,27111,NULL,,,,,"2022-11-05 08:29:38"
5295,5297,27112,NULL,,,,,"2022-11-05 15:21:53"
5296,5297,27112,NULL,,,,,"2022-11-05 15:21:53"
4340,4342,27113,NULL,,,,,"2022-11-05 08:52:46"
4341,4342,27113,NULL,,,,,"2022-11-05 08:52:46"
4471,4472,27114,NULL,,,,,"2022-11-05 09:44:41"
3560,3561,27115,NULL,,,,,"2022-11-04 14:33:52"
3566,3568,27116,NULL,,,,,"2022-11-04 14:34:45"
3567,3568,27116,NULL,,,,,"2022-11-04 14:34:45"
3569,3570,27117,NULL,,,,,"2022-11-04 14:35:18"
3564,3565,27118,NULL,,,,,"2022-11-04 14:34:11"
3737,3738,27119,NULL,,,,,"2022-11-04 15:45:09"
3573,3574,27120,NULL,,,,,"2022-11-04 14:35:54"
3588,3589,27121,NULL,,,,,"2022-11-04 14:38:00"
3473,3474,27122,NULL,,,,,"2022-11-04 13:55:27"
3500,3501,27123,NULL,,,,,"2022-11-04 14:09:24"
3553,3555,27124,NULL,,,,,"2022-11-04 14:31:20"
3554,3555,27124,NULL,,,,,"2022-11-04 14:31:20"
3741,3742,27125,NULL,,,,,"2022-11-04 15:45:32"
3571,3572,27126,NULL,,,,,"2022-11-04 14:35:37"
3753,3754,27127,NULL,,,,,"2022-11-04 15:46:53"
3747,3748,27128,NULL,,,,,"2022-11-04 15:46:21"
3749,3750,27129,NULL,,,,,"2022-11-04 15:46:36"
3743,3744,27130,NULL,,,,,"2022-11-04 15:45:50"
3733,3734,27131,NULL,,,,,"2022-11-04 15:44:01"
3735,3736,27132,NULL,,,,,"2022-11-04 15:44:43"
3739,3740,27133,NULL,,,,,"2022-11-04 15:45:22"
3745,3746,27134,NULL,,,,,"2022-11-04 15:46:07"
3808,3809,27135,NULL,,,,,"2022-11-04 16:13:55"
3812,3813,27136,NULL,,,,,"2022-11-04 16:14:11"
3864,3865,27137,NULL,,,,,"2022-11-04 16:43:12"
3987,3988,27138,NULL,,,,,"2022-11-04 17:26:40"
4118,4119,27139,NULL,,,,,"2022-11-04 18:34:24"
3870,3871,27140,NULL,,,,,"2022-11-04 16:43:47"
4071,4072,27141,NULL,,,,,"2022-11-04 18:09:54"
3755,3756,27142,NULL,,,,,"2022-11-04 15:47:02"
4073,4074,27143,NULL,,,,,"2022-11-04 18:10:28"
4076,4077,27144,NULL,,,,,"2022-11-04 18:11:04"
3819,3820,27145,NULL,,,,,"2022-11-04 16:14:48"
3817,3818,27146,NULL,,,,,"2022-11-04 16:14:31"
3993,3994,27147,NULL,,,,,"2022-11-04 17:27:06"
4109,4111,27148,NULL,,,,,"2022-11-04 18:32:47"
4110,4111,27148,NULL,,,,,"2022-11-04 18:32:47"
4114,4115,27149,NULL,,,,,"2022-11-04 18:33:50"
4120,4122,27150,NULL,,,,,"2022-11-04 18:35:25"
4121,4122,27150,NULL,,,,,"2022-11-04 18:35:25"
4079,4080,27151,NULL,,,,,"2022-11-04 18:12:12"
4082,4083,27152,NULL,,,,,"2022-11-04 18:13:11"
4085,4087,27153,NULL,,,,,"2022-11-04 18:14:24"
4086,4087,27153,NULL,,,,,"2022-11-04 18:14:24"
4091,4092,27154,NULL,,,,,"2022-11-04 18:16:35"
4139,4140,27155,NULL,,,,,"2022-11-04 18:59:15"
4356,4357,27156,NULL,,,,,"2022-11-05 08:57:27"
4352,4353,27157,NULL,,,,,"2022-11-05 08:56:44"
4345,4346,27158,NULL,,,,,"2022-11-05 08:55:41"
4377,4378,27159,NULL,,,,,"2022-11-05 09:06:12"
4547,4548,27160,NULL,,,,,"2022-11-05 10:12:45"
4775,4776,27161,NULL,,,,,"2022-11-05 11:35:53"
4779,4780,27162,NULL,,,,,"2022-11-05 11:36:15"
4789,4790,27163,NULL,,,,,"2022-11-05 11:37:29"
4783,4784,27164,NULL,,,,,"2022-11-05 11:36:58"
4375,4376,27165,NULL,,,,,"2022-11-05 09:05:52"
4373,4374,27166,NULL,,,,,"2022-11-05 09:05:04"
4549,4550,27167,NULL,,,,,"2022-11-05 10:13:59"
4708,4709,27168,NULL,,,,,"2022-11-05 11:04:25"
4551,4552,27169,NULL,,,,,"2022-11-05 10:14:32"
4665,4667,27170,NULL,,,,,"2022-11-05 10:42:57"
4666,4667,27170,NULL,,,,,"2022-11-05 10:42:57"
4793,4795,27171,NULL,,,,,"2022-11-05 11:38:25"
4794,4795,27171,NULL,,,,,"2022-11-05 11:38:25"
4807,4808,27172,NULL,,,,,"2022-11-05 11:41:02"
4809,4810,27173,NULL,,,,,"2022-11-05 11:41:34"
4813,4814,27174,NULL,,,,,"2022-11-05 11:41:57"
3539,3540,27175,NULL,,,,,"2022-11-04 14:28:32"
3543,3544,27176,NULL,,,,,"2022-11-04 14:29:16"
3549,3550,27177,NULL,,,,,"2022-11-04 14:30:18"
3556,3557,27178,NULL,,,,,"2022-11-04 14:31:38"
3551,3552,27179,NULL,,,,,"2022-11-04 14:30:57"
3678,3679,27180,NULL,,,,,"2022-11-04 15:19:42"
3632,3634,27181,NULL,,,,,"2022-11-04 14:56:26"
3633,3634,27181,NULL,,,,,"2022-11-04 14:56:26"
3635,3636,27182,NULL,,,,,"2022-11-04 14:57:26"
3676,3677,27183,NULL,,,,,"2022-11-04 15:19:04"
3641,3642,27184,NULL,,,,,"2022-11-04 14:58:26"
3814,3816,27185,NULL,,,,,"2022-11-04 16:14:24"
3815,3816,27185,NULL,,,,,"2022-11-04 16:14:24"
3647,3648,27186,NULL,,,,,"2022-11-04 15:00:26"
3830,3832,27187,NULL,,,,,"2022-11-04 16:29:44"
3831,3832,27187,NULL,,,,,"2022-11-04 16:29:44"
3837,3838,27188,NULL,,,,,"2022-11-04 16:31:08"
3839,3840,27189,NULL,,,,,"2022-11-04 16:31:41"
3841,3842,27190,NULL,,,,,"2022-11-04 16:32:23"
3843,3844,27191,NULL,,,,,"2022-11-04 16:32:55"
3845,3846,27192,NULL,,,,,"2022-11-04 16:33:28"
3849,3850,27193,NULL,,,,,"2022-11-04 16:33:58"
3851,3853,27194,NULL,,,,,"2022-11-04 16:34:27"
3852,3853,27194,NULL,,,,,"2022-11-04 16:34:27"
3964,3966,27195,NULL,,,,,"2022-11-04 17:18:30"
4051,4052,27196,NULL,,,,,"2022-11-04 17:55:21"
3972,3973,27197,NULL,,,,,"2022-11-04 17:19:21"
3965,3967,27198,NULL,,,,,"2022-11-04 17:18:30"
3974,3975,27199,NULL,,,,,"2022-11-04 17:20:13"
4217,4219,27200,NULL,,,,,"2022-11-04 20:12:03"
4218,4219,27200,NULL,,,,,"2022-11-04 20:12:03"
3979,3980,27201,NULL,,,,,"2022-11-04 17:21:35"
4200,4201,27202,NULL,,,,,"2022-11-04 20:04:07"
3981,3982,27203,NULL,,,,,"2022-11-04 17:22:05"
4202,4204,27204,NULL,,,,,"2022-11-04 20:05:08"
4203,4204,27204,NULL,,,,,"2022-11-04 20:05:08"
4205,4206,27205,NULL,,,,,"2022-11-04 20:06:06"
4213,4214,27206,NULL,,,,,"2022-11-04 20:10:00"
4209,4210,27207,NULL,,,,,"2022-11-04 20:08:09"
4211,4212,27208,NULL,,,,,"2022-11-04 20:09:09"
4222,4223,27209,NULL,,,,,"2022-11-04 20:17:30"
4226,4227,27210,NULL,,,,,"2022-11-04 20:19:33"
4224,4225,27211,NULL,,,,,"2022-11-04 20:18:23"
4229,4230,27212,NULL,,,,,"2022-11-04 20:20:53"
4232,4233,27213,NULL,,,,,"2022-11-04 20:21:33"
4236,4237,27214,NULL,,,,,"2022-11-04 20:23:14"
4575,4577,27215,NULL,,,,,"2022-11-05 10:22:53"
4576,4577,27215,NULL,,,,,"2022-11-05 10:22:53"
4578,4579,27216,NULL,,,,,"2022-11-05 10:23:15"
4580,4581,27217,NULL,,,,,"2022-11-05 10:23:36"
4582,4583,27218,NULL,,,,,"2022-11-05 10:23:59"
4586,4587,27219,NULL,,,,,"2022-11-05 10:24:31"
4591,4592,27220,NULL,,,,,"2022-11-05 10:25:05"
4598,4599,27221,NULL,,,,,"2022-11-05 10:25:28"
4600,4601,27222,NULL,,,,,"2022-11-05 10:25:56"
4606,4608,27223,NULL,,,,,"2022-11-05 10:26:34"
4607,4608,27223,NULL,,,,,"2022-11-05 10:26:34"
5700,5702,27224,NULL,,,,,"2022-11-06 08:04:49"
5701,5702,27224,NULL,,,,,"2022-11-06 08:04:49"
4613,4615,27225,NULL,,,,,"2022-11-05 10:27:08"
4614,4615,27225,NULL,,,,,"2022-11-05 10:27:08"
4619,4621,27226,NULL,,,,,"2022-11-05 10:27:50"
4620,4621,27226,NULL,,,,,"2022-11-05 10:27:50"
4624,4625,27227,NULL,,,,,"2022-11-05 10:28:58"
4626,4627,27228,NULL,,,,,"2022-11-05 10:29:39"
4628,4629,27229,NULL,,,,,"2022-11-05 10:30:06"
4717,4718,27230,NULL,,,,,"2022-11-05 11:10:30"
4719,4720,27231,NULL,,,,,"2022-11-05 11:11:29"
4721,4723,27232,NULL,,,,,"2022-11-05 11:12:07"
4722,4723,27232,NULL,,,,,"2022-11-05 11:12:07"
4726,4727,27233,NULL,,,,,"2022-11-05 11:12:39"
4728,4729,27234,NULL,,,,,"2022-11-05 11:13:12"
5755,5756,27331,NULL,,,,,"2022-11-06 10:28:37"
4735,4736,27475,NULL,,,,,"2022-11-05 11:14:08"
4737,4738,27476,NULL,,,,,"2022-11-05 11:14:39"
4739,4740,27477,NULL,,,,,"2022-11-05 11:15:20"
5196,5197,27478,NULL,,,,,"2022-11-05 14:57:47"
5202,5203,27479,NULL,,,,,"2022-11-05 14:58:59"
5206,5208,27480,NULL,,,,,"2022-11-05 14:59:36"
5207,5208,27480,NULL,,,,,"2022-11-05 14:59:36"
5211,5212,27481,NULL,,,,,"2022-11-05 15:00:03"
5213,5215,27482,NULL,,,,,"2022-11-05 15:00:36"
5214,5215,27482,NULL,,,,,"2022-11-05 15:00:36"
5220,5221,27483,NULL,,,,,"2022-11-05 15:01:30"
5216,5217,27484,NULL,,,,,"2022-11-05 15:01:02"
5229,5230,27485,NULL,,,,,"2022-11-05 15:02:44"
5233,5234,27486,NULL,,,,,"2022-11-05 15:03:34"
5452,5454,27487,NULL,,,,,"2022-11-05 16:02:21"
5453,5454,27487,NULL,,,,,"2022-11-05 16:02:21"
5460,5461,27488,NULL,,,,,"2022-11-05 16:02:46"
4744,4745,27489,NULL,,,,,"2022-11-05 11:16:04"
5239,5240,27490,NULL,,,,,"2022-11-05 15:04:13"
5241,5242,27491,NULL,,,,,"2022-11-05 15:04:42"
5247,5248,27492,NULL,,,,,"2022-11-05 15:05:39"
5251,5252,27493,NULL,,,,,"2022-11-05 15:06:25"
5255,5256,27494,NULL,,,,,"2022-11-05 15:06:50"
5263,5264,27495,NULL,,,,,"2022-11-05 15:08:49"
5308,5309,27496,NULL,,,,,"2022-11-05 15:32:05"
5310,5311,27497,NULL,,,,,"2022-11-05 15:32:44"
5313,5314,27498,NULL,,,,,"2022-11-05 15:34:00"
5315,5317,27499,NULL,,,,,"2022-11-05 15:34:48"
5316,5317,27499,NULL,,,,,"2022-11-05 15:34:48"
5318,5319,27500,NULL,,,,,"2022-11-05 15:35:14"
5320,5321,27501,NULL,,,,,"2022-11-05 15:35:40"
5322,5323,27502,NULL,,,,,"2022-11-05 15:36:02"
5324,5326,27503,NULL,,,,,"2022-11-05 15:36:44"
5325,5326,27503,NULL,,,,,"2022-11-05 15:36:44"
5330,5331,27504,NULL,,,,,"2022-11-05 15:37:21"
5332,5333,27505,NULL,,,,,"2022-11-05 15:38:42"
5340,5341,27506,NULL,,,,,"2022-11-05 15:41:07"
5338,5339,27507,NULL,,,,,"2022-11-05 15:40:34"
5336,5337,27508,NULL,,,,,"2022-11-05 15:39:58"
5346,5347,27509,NULL,,,,,"2022-11-05 15:41:48"
5350,5351,27510,NULL,,,,,"2022-11-05 15:42:12"
5362,5363,27511,NULL,,,,,"2022-11-05 15:43:00"
5370,5371,27512,NULL,,,,,"2022-11-05 15:43:36"
5374,5375,27513,NULL,,,,,"2022-11-05 15:44:01"
5376,5377,27514,NULL,,,,,"2022-11-05 15:44:20"
5473,5474,27515,NULL,,,,,"2022-11-05 16:06:19"
5469,5470,27516,NULL,,,,,"2022-11-05 16:04:37"
5465,5466,27517,NULL,,,,,"2022-11-05 16:04:12"
6116,6117,27518,NULL,,,,,"2022-11-09 11:59:49"
5382,5383,27519,NULL,,,,,"2022-11-05 15:45:20"
5533,5534,27520,NULL,,,,,"2022-11-05 16:31:22"
5673,5674,27521,NULL,,,,,"2022-11-05 18:13:50"
5675,5676,27522,NULL,,,,,"2022-11-05 18:14:19"
5540,5541,27523,NULL,,,,,"2022-11-05 16:32:16"
5476,5477,27524,NULL,,,,,"2022-11-05 16:06:59"
5526,5527,27525,NULL,,,,,"2022-11-05 16:29:57"
5514,5515,27526,NULL,,,,,"2022-11-05 16:27:44"
5649,5650,27527,NULL,,,,,"2022-11-05 18:09:16"
5651,5653,27528,NULL,,,,,"2022-11-05 18:09:53"
5652,5653,27528,NULL,,,,,"2022-11-05 18:09:53"
5654,5655,27529,NULL,,,,,"2022-11-05 18:10:25"
5656,5658,27530,NULL,,,,,"2022-11-05 18:10:59"
5657,5658,27530,NULL,,,,,"2022-11-05 18:10:59"
5659,5661,27531,NULL,,,,,"2022-11-05 18:11:30"
5660,5661,27531,NULL,,,,,"2022-11-05 18:11:30"
5662,5663,27532,NULL,,,,,"2022-11-05 18:12:07"
5664,5665,27533,NULL,,,,,"2022-11-05 18:12:36"
5666,5668,27534,NULL,,,,,"2022-11-05 18:13:14"
5667,5668,27534,NULL,,,,,"2022-11-05 18:13:14"
4654,4655,27535,NULL,,,,,"2022-11-05 10:40:36"
4658,4659,27536,NULL,,,,,"2022-11-05 10:41:07"
4553,4554,27537,NULL,,,,,"2022-11-05 10:15:38"
4672,4673,27538,NULL,,,,,"2022-11-05 10:43:50"
4855,4856,27539,NULL,,,,,"2022-11-05 12:13:15"
4857,4858,27540,NULL,,,,,"2022-11-05 12:13:36"
4815,4816,27541,NULL,,,,,"2022-11-05 11:43:50"
4817,4818,27542,NULL,,,,,"2022-11-05 11:44:54"
4819,4820,27543,NULL,,,,,"2022-11-05 11:45:27"
4823,4824,27544,NULL,,,,,"2022-11-05 11:46:04"
4869,4870,27545,NULL,,,,,"2022-11-05 12:21:16"
4861,4862,27546,NULL,,,,,"2022-11-05 12:14:14"
4379,4380,27547,NULL,,,,,"2022-11-05 09:06:59"
4863,4864,27548,NULL,,,,,"2022-11-05 12:14:33"
4381,4382,27549,NULL,,,,,"2022-11-05 09:10:02"
4865,4866,27550,NULL,,,,,"2022-11-05 12:14:50"
4825,4826,27551,NULL,,,,,"2022-11-05 11:46:44"
4827,4828,27552,NULL,,,,,"2022-11-05 11:47:04"
4829,4830,27553,NULL,,,,,"2022-11-05 11:47:40"
4831,4832,27554,NULL,,,,,"2022-11-05 11:48:03"
4867,4868,27555,NULL,,,,,"2022-11-05 12:15:07"
4891,4892,27556,NULL,,,,,"2022-11-05 12:36:13"
4875,4876,27557,NULL,,,,,"2022-11-05 12:25:51"
4952,4953,27558,NULL,,,,,"2022-11-05 13:03:21"
5020,5021,27559,NULL,,,,,"2022-11-05 13:36:51"
5024,5026,27560,NULL,,,,,"2022-11-05 13:37:17"
5025,5026,27560,NULL,,,,,"2022-11-05 13:37:17"
4833,4834,27561,NULL,,,,,"2022-11-05 11:51:40"
5342,5343,27562,NULL,,,,,"2022-11-05 15:41:24"
4841,4842,27563,NULL,,,,,"2022-11-05 11:54:48"
5348,5349,27564,NULL,,,,,"2022-11-05 15:41:54"
5030,5032,27565,NULL,,,,,"2022-11-05 13:38:42"
5031,5032,27565,NULL,,,,,"2022-11-05 13:38:42"
5046,5047,27566,NULL,,,,,"2022-11-05 13:47:58"
5093,5094,27567,NULL,,,,,"2022-11-05 14:19:30"
5095,5096,27568,NULL,,,,,"2022-11-05 14:19:47"
5100,5101,27569,NULL,,,,,"2022-11-05 14:20:58"
5178,5180,27570,NULL,,,,,"2022-11-05 14:54:12"
5179,5180,27570,NULL,,,,,"2022-11-05 14:54:12"
5354,5355,27571,NULL,,,,,"2022-11-05 15:42:16"
5358,5359,27572,NULL,,,,,"2022-11-05 15:42:40"
5360,5361,27573,NULL,,,,,"2022-11-05 15:42:58"
5867,5868,27574,NULL,,,,,"2022-11-06 11:58:08"
5183,5184,27575,NULL,,,,,"2022-11-05 14:54:55"
5276,5277,27576,NULL,,,,,"2022-11-05 15:16:25"
5278,5279,27577,NULL,,,,,"2022-11-05 15:16:45"
5282,5283,27578,NULL,,,,,"2022-11-05 15:17:04"
5493,5494,27579,NULL,,,,,"2022-11-05 16:19:35"
5495,5496,27580,NULL,,,,,"2022-11-05 16:19:58"
5409,5410,27581,NULL,,,,,"2022-11-05 15:52:33"
5411,5412,27582,NULL,,,,,"2022-11-05 15:52:55"
5413,5415,27583,NULL,,,,,"2022-11-05 15:53:45"
5414,5415,27583,NULL,,,,,"2022-11-05 15:53:45"
5872,5873,27584,NULL,,,,,"2022-11-06 11:59:37"
5497,5498,27585,NULL,,,,,"2022-11-05 16:20:21"
5499,5500,27586,NULL,,,,,"2022-11-05 16:20:43"
5620,5621,27587,NULL,,,,,"2022-11-05 17:11:04"
5503,5504,27588,NULL,,,,,"2022-11-05 16:21:39"
5501,5502,27589,NULL,,,,,"2022-11-05 16:21:16"
5624,5625,27590,NULL,,,,,"2022-11-05 17:12:15"
5424,5425,27591,NULL,,,,,"2022-11-05 15:57:25"
5448,5449,27592,NULL,,,,,"2022-11-05 16:01:43"
5450,5451,27593,NULL,,,,,"2022-11-05 16:02:11"
5458,5459,27594,NULL,,,,,"2022-11-05 16:02:35"
4769,4770,27655,NULL,,,,,"2022-11-05 11:34:45"
4602,4603,27656,NULL,,,,,"2022-11-05 10:26:11"
4609,4610,27657,NULL,,,,,"2022-11-05 10:26:47"
4611,4612,27658,NULL,,,,,"2022-11-05 10:27:06"
4811,4812,27659,NULL,,,,,"2022-11-05 11:41:38"
4771,4772,27660,NULL,,,,,"2022-11-05 11:35:14"
4773,4774,27661,NULL,,,,,"2022-11-05 11:35:43"
4777,4778,27662,NULL,,,,,"2022-11-05 11:36:12"
4676,4677,27663,NULL,,,,,"2022-11-05 10:46:45"
4478,4479,27664,NULL,,,,,"2022-11-05 09:45:06"
4781,4782,27665,NULL,,,,,"2022-11-05 11:36:38"
4785,4786,27666,NULL,,,,,"2022-11-05 11:37:05"
4787,4788,27667,NULL,,,,,"2022-11-05 11:37:27"
4791,4792,27668,NULL,,,,,"2022-11-05 11:37:48"
4893,4894,27669,NULL,,,,,"2022-11-05 12:41:59"
4821,4822,27670,NULL,,,,,"2022-11-05 11:45:47"
4895,4896,27671,NULL,,,,,"2022-11-05 12:42:19"
4897,4898,27672,NULL,,,,,"2022-11-05 12:42:40"
4732,4734,27673,NULL,,,,,"2022-11-05 11:13:45"
4733,4734,27673,NULL,,,,,"2022-11-05 11:13:45"
4555,4556,27674,NULL,,,,,"2022-11-05 10:16:54"
4799,4800,27675,NULL,,,,,"2022-11-05 11:38:56"
4915,4916,27676,NULL,,,,,"2022-11-05 12:46:56"
4899,4900,27677,NULL,,,,,"2022-11-05 12:43:15"
5132,5133,27678,NULL,,,,,"2022-11-05 14:46:46"
5134,5135,27679,NULL,,,,,"2022-11-05 14:47:28"
5138,5139,27680,NULL,,,,,"2022-11-05 14:49:07"
5142,5143,27681,NULL,,,,,"2022-11-05 14:49:40"
5144,5145,27682,NULL,,,,,"2022-11-05 14:50:11"
4889,4890,27683,NULL,,,,,"2022-11-05 12:31:40"
4760,4761,27684,NULL,,,,,"2022-11-05 11:26:36"
5148,5149,27685,NULL,,,,,"2022-11-05 14:50:37"
5150,5151,27686,NULL,,,,,"2022-11-05 14:50:56"
5156,5157,27687,NULL,,,,,"2022-11-05 14:51:19"
5166,5167,27688,NULL,,,,,"2022-11-05 14:52:28"
5170,5171,27689,NULL,,,,,"2022-11-05 14:53:12"
5174,5175,27690,NULL,,,,,"2022-11-05 14:53:44"
5418,5419,27691,NULL,,,,,"2022-11-05 15:55:45"
5420,5421,27692,NULL,,,,,"2022-11-05 15:56:25"
4803,4804,27693,NULL,,,,,"2022-11-05 11:40:59"
4978,4979,27694,NULL,,,,,"2022-11-05 13:26:00"
5422,5423,27695,NULL,,,,,"2022-11-05 15:57:10"
5426,5427,27696,NULL,,,,,"2022-11-05 15:57:59"
5430,5431,27697,NULL,,,,,"2022-11-05 15:58:28"
5432,5433,27698,NULL,,,,,"2022-11-05 15:58:52"
5434,5435,27699,NULL,,,,,"2022-11-05 15:59:18"
5436,5437,27700,NULL,,,,,"2022-11-05 15:59:47"
5518,5519,27701,NULL,,,,,"2022-11-05 16:28:31"
5438,5439,27702,NULL,,,,,"2022-11-05 16:00:19"
5022,5023,27703,NULL,,,,,"2022-11-05 13:36:52"
5959,5960,27704,NULL,,,,,"2022-11-06 12:56:13"
5440,5441,27705,NULL,,,,,"2022-11-05 16:00:41"
5442,5443,27706,NULL,,,,,"2022-11-05 16:00:55"
5444,5445,27707,NULL,,,,,"2022-11-05 16:01:24"
5446,5447,27708,NULL,,,,,"2022-11-05 16:01:39"
5485,5486,27709,NULL,,,,,"2022-11-05 16:15:25"
5520,5521,27710,NULL,,,,,"2022-11-05 16:28:59"
5596,5598,27711,NULL,,,,,"2022-11-05 16:57:35"
5597,5598,27711,NULL,,,,,"2022-11-05 16:57:35"
5560,5561,27712,NULL,,,,,"2022-11-05 16:44:54"
5129,5131,27713,NULL,,,,,"2022-11-05 14:46:14"
5130,5131,27713,NULL,,,,,"2022-11-05 14:46:14"
4992,4993,27714,NULL,,,,,"2022-11-05 13:28:33"
5113,5114,27715,NULL,,,,,"2022-11-05 14:32:26"
5115,5116,27716,NULL,,,,,"2022-11-05 14:33:16"
5164,5165,27717,NULL,,,,,"2022-11-05 14:52:13"
5168,5169,27718,NULL,,,,,"2022-11-05 14:52:46"
5172,5173,27719,NULL,,,,,"2022-11-05 14:53:27"
5176,5177,27720,NULL,,,,,"2022-11-05 14:53:57"
5181,5182,27721,NULL,,,,,"2022-11-05 14:54:45"
5185,5186,27722,NULL,,,,,"2022-11-05 14:55:18"
4635,4636,27723,NULL,,,,,"2022-11-05 10:31:52"
4529,4530,27724,NULL,,,,,"2022-11-05 10:03:44"
5187,5188,27725,NULL,,,,,"2022-11-05 14:55:51"
5189,5190,27726,NULL,,,,,"2022-11-05 14:56:23"
5191,5192,27727,NULL,,,,,"2022-11-05 14:57:02"
5194,5195,27728,NULL,,,,,"2022-11-05 14:57:29"
5200,5201,27729,NULL,,,,,"2022-11-05 14:58:35"
5204,5205,27730,NULL,,,,,"2022-11-05 14:59:08"
5209,5210,27731,NULL,,,,,"2022-11-05 14:59:55"
5218,5219,27732,NULL,,,,,"2022-11-05 15:01:16"
4877,4878,27733,NULL,,,,,"2022-11-05 12:26:52"
4886,4888,27734,NULL,,,,,"2022-11-05 12:29:49"
4887,4888,27734,NULL,,,,,"2022-11-05 12:29:49"
5222,5223,27735,NULL,,,,,"2022-11-05 15:01:44"
5226,5228,27736,NULL,,,,,"2022-11-05 15:02:36"
5227,5228,27736,NULL,,,,,"2022-11-05 15:02:36"
5231,5232,27737,NULL,,,,,"2022-11-05 15:03:12"
5235,5236,27738,NULL,,,,,"2022-11-05 15:03:45"
5237,5238,27739,NULL,,,,,"2022-11-05 15:04:12"
5243,5244,27740,NULL,,,,,"2022-11-05 15:04:45"
5245,5246,27741,NULL,,,,,"2022-11-05 15:05:11"
5249,5250,27742,NULL,,,,,"2022-11-05 15:05:40"
4873,4874,27743,NULL,,,,,"2022-11-05 12:25:41"
4982,4983,27744,NULL,,,,,"2022-11-05 13:26:46"
5253,5254,27745,NULL,,,,,"2022-11-05 15:06:29"
5257,5258,27746,NULL,,,,,"2022-11-05 15:06:55"
5259,5260,27747,NULL,,,,,"2022-11-05 15:07:59"
5261,5262,27748,NULL,,,,,"2022-11-05 15:08:30"
5265,5266,27749,NULL,,,,,"2022-11-05 15:09:01"
5267,5268,27750,NULL,,,,,"2022-11-05 15:09:33"
5269,5270,27751,NULL,,,,,"2022-11-05 15:10:13"
5403,5404,27752,NULL,,,,,"2022-11-05 15:48:26"
4967,4968,27753,NULL,,,,,"2022-11-05 13:24:03"
4903,4904,27754,NULL,,,,,"2022-11-05 12:44:24"
5488,5489,27755,NULL,,,,,"2022-11-05 16:16:17"
5344,5345,27756,NULL,,,,,"2022-11-05 15:41:33"
5352,5353,27757,NULL,,,,,"2022-11-05 15:42:12"
5356,5357,27758,NULL,,,,,"2022-11-05 15:42:39"
5364,5365,27759,NULL,,,,,"2022-11-05 15:43:18"
5372,5373,27760,NULL,,,,,"2022-11-05 15:43:47"
5416,5417,27761,NULL,,,,,"2022-11-05 15:54:38"
5510,5511,27762,NULL,,,,,"2022-11-05 16:22:58"
5003,5004,27763,NULL,,,,,"2022-11-05 13:31:25"
4988,4989,27764,NULL,,,,,"2022-11-05 13:27:55"
5378,5379,27765,NULL,,,,,"2022-11-05 15:44:31"
5428,5429,27766,NULL,,,,,"2022-11-05 15:58:07"
5698,5699,27767,NULL,,,,,"2022-11-05 20:56:42"
5384,5385,27768,NULL,,,,,"2022-11-05 15:45:22"
5390,5391,27769,NULL,,,,,"2022-11-05 15:46:02"
5392,5393,27770,NULL,,,,,"2022-11-05 15:46:25"
5512,5513,27771,NULL,,,,,"2022-11-05 16:25:17"
5505,5506,27772,NULL,,,,,"2022-11-05 16:22:06"
5107,5108,27773,NULL,,,,,"2022-11-05 14:27:53"
5089,5090,27774,NULL,,,,,"2022-11-05 14:17:36"
6072,6073,27935,NULL,,,,,"2022-11-06 14:07:55"
6075,6076,27937,NULL,,,,,"2022-11-06 14:09:04"
5976,5977,28004,NULL,,,,,"2022-11-06 13:17:43"
