id,category_event_id,registration_id,user_id,status,payment_status_id,created_at
23,1,1,,active,,
24,1,2,,active,,
25,1,3,,active,,
26,1,4,,active,,
27,1,5,,active,,
28,1,6,,active,,
29,1,7,,active,,
30,1,8,,active,,
31,2,9,,active,,
32,2,10,,active,,
33,2,11,,active,,
34,2,12,,active,,
35,2,13,,active,,
36,2,14,,active,,
37,2,15,,active,,
38,2,16,,active,,
39,2,17,,active,,
40,2,18,,active,,
41,3,19,,active,,
42,3,20,,active,,
43,3,21,,active,,
44,3,22,,active,,
45,3,23,,active,,
46,3,24,,active,,
47,3,25,,active,,
48,3,26,,active,,
49,3,27,,active,,
50,3,28,,active,,
51,3,29,,active,,
52,3,30,,active,,
53,5,31,,active,,
54,4,32,,active,,
55,4,33,,active,,
56,4,34,,active,,
57,4,35,,active,,
58,5,36,,active,,
59,5,37,,active,,
60,5,38,,active,,
61,5,39,,active,,
62,5,40,,active,,
63,5,41,,active,,
64,5,42,,active,,
65,5,43,,active,,
66,5,44,,active,,
67,5,45,,active,,
68,5,46,,active,,
69,5,47,,active,,
70,5,48,,active,,
71,6,49,,active,,
72,6,50,,active,,
73,6,51,,active,,
74,6,52,,active,,
75,6,53,,active,,
76,5,54,,active,,
77,6,55,,active,,
78,5,56,,active,,
79,7,57,,active,,
80,7,58,,active,,
81,7,59,,active,,
82,7,60,,active,,
83,7,61,,active,,
84,7,62,,active,,
85,7,63,,active,,
86,8,64,,active,,
87,8,65,,active,,
88,9,66,,active,,
89,13,67,,active,,
90,13,68,,active,,
91,13,69,,active,,
92,13,70,,active,,
93,13,71,,active,,
94,13,72,,active,,
95,13,73,,active,,
96,13,74,,active,,
97,13,75,,active,,
98,13,76,,active,,
99,14,77,,active,,
100,14,78,,active,,
101,14,79,,active,,
102,14,80,,active,,
103,14,81,,active,,
104,14,82,,active,,
105,14,83,,active,,
106,14,84,,active,,
107,14,85,,active,,
108,14,86,,active,,
109,14,87,,active,,
110,14,88,,active,,
111,14,89,,active,,
112,14,90,,active,,
113,14,91,,active,,
114,14,92,,active,,
115,14,93,,active,,
116,14,94,,active,,
117,14,95,,active,,
118,14,96,,active,,
119,14,97,,active,,
120,15,98,,active,,
121,15,99,,active,,
122,15,100,,active,,
123,15,101,,active,,
124,15,102,,active,,
125,15,103,,active,,
126,15,104,,active,,
127,15,105,,active,,
128,15,106,,active,,
129,15,107,,active,,
130,15,108,,active,,
131,16,109,,active,,
132,16,110,,active,,
133,17,111,,active,,
134,17,112,,active,,
135,17,113,,active,,
136,17,114,,active,,
137,17,115,,active,,
138,17,116,,active,,
140,17,118,,active,,
141,17,119,,active,,
142,17,120,,active,,
143,17,121,,active,,
144,17,122,,active,,
145,17,123,,active,,
146,17,124,,active,,
147,17,125,,active,,
148,17,126,,active,,
149,17,127,,active,,
150,17,128,,active,,
151,17,129,,active,,
152,17,130,,active,,
153,17,131,,active,,
154,18,132,,active,,
155,18,133,,active,,
156,18,134,,active,,
157,18,135,,active,,
158,18,136,,active,,
159,18,137,,active,,
160,18,138,,active,,
161,18,139,,active,,
162,19,140,,active,,
163,19,141,,active,,
164,19,142,,active,,
165,19,143,,active,,
166,19,144,,active,,
167,19,145,,active,,
168,19,146,,active,,
169,19,147,,active,,
170,19,148,,active,,
171,19,149,,active,,
172,19,150,,active,,
173,19,151,,active,,
174,19,152,,active,,
175,20,153,,active,,
176,20,154,,active,,
177,20,155,,active,,
178,20,156,,active,,
179,20,157,,active,,
180,21,158,,active,,
181,21,159,,active,,
182,21,160,,active,,
183,23,161,,active,,
184,23,162,,active,,
185,24,163,,active,,
186,24,164,,active,,
187,13,165,,active,,
188,13,166,,active,,
190,1,168,,active,,
208,26,196,,active,,
209,29,197,,active,,
210,31,198,,active,,
211,30,199,,active,,
212,37,200,,active,,
213,44,201,,active,,
214,47,202,,active,,
216,29,204,,active,,
217,28,205,,active,,
219,42,207,,active,,
220,25,208,,active,,
222,28,210,,active,,
223,28,211,,active,,
224,38,212,,active,,
225,40,213,,active,,
226,27,214,,active,,
227,31,215,,active,,
228,27,216,,active,,
229,28,217,,active,,
230,38,218,,active,,
231,37,219,,active,,
232,38,220,,active,,
233,38,221,,active,,
234,41,222,,active,,
235,41,223,,active,,
236,27,224,,active,,
237,31,225,,active,,
238,38,226,,active,,
239,38,227,,active,,
241,37,229,,active,,
242,45,230,,active,,
244,37,232,,active,,
246,39,234,,active,,
247,31,235,,active,,
248,27,236,,active,,
249,30,237,,active,,
250,38,238,,active,,
251,27,239,,active,,
252,26,240,,active,,
253,41,241,,active,,
254,42,242,,active,,
255,27,243,,active,,
256,43,244,,active,,
257,37,245,,active,,
258,29,246,,active,,
259,43,247,,active,,
260,40,248,,active,,
261,29,249,,active,,
262,38,250,,active,,
263,28,251,,active,,
264,25,252,,active,,
265,37,253,,active,,
266,41,254,,active,,
267,30,255,,active,,
268,43,256,,active,,
269,29,257,,active,,
270,31,258,,active,,
271,38,259,,active,,
272,31,260,,active,,
273,43,261,,active,,
274,41,262,,active,,
275,43,263,,active,,
276,25,264,,active,,
277,31,265,,active,,
280,38,268,,active,,
281,43,269,,active,,
282,41,270,,active,,
283,44,271,,active,,
284,38,272,,active,,
285,38,273,,active,,
286,43,274,,active,,
287,44,275,,active,,
288,40,276,,active,,
289,29,277,,active,,
290,67,278,,active,,
292,38,280,,active,,
293,43,281,,active,,
294,41,282,,active,,
295,37,283,,active,,
296,43,284,,active,,
297,38,285,,active,,
298,42,286,,active,,
299,38,287,,active,,
300,29,288,,active,,
301,26,289,,active,,
303,28,291,,active,,
304,38,292,,active,,
305,42,293,,active,,
307,39,295,,active,,
308,38,296,,active,,
309,39,297,,active,,
310,39,298,,active,,
311,37,299,,active,,
312,43,300,,active,,
313,38,301,,active,,
314,41,302,,active,,
315,50,303,,active,,
316,41,304,,active,,
317,37,305,,active,,
318,50,306,,active,,
319,25,307,,active,,
320,29,308,,active,,
321,28,309,,active,,
322,29,310,,active,,
323,39,311,,active,,
324,37,312,,active,,
325,38,313,,active,,
326,29,314,,active,,
327,42,315,,active,,
328,43,316,,active,,
330,39,318,,active,,
331,26,319,,active,,
332,32,320,,active,,
333,27,321,,active,,
335,26,323,,active,,
336,44,324,,active,,
337,26,325,,active,,
338,47,326,,active,,
339,37,327,,active,,
340,43,328,,active,,
341,27,329,,active,,
342,39,330,,active,,
343,31,331,,active,,
344,29,332,,active,,
345,38,333,,active,,
346,31,334,,active,,
347,41,335,,active,,
348,41,336,,active,,
349,27,337,,active,,
350,42,338,,active,,
351,30,339,,active,,
353,38,341,,active,,
354,33,342,,active,,
355,41,343,,active,,
356,31,344,,active,,
357,27,345,,active,,
358,44,346,,active,,
359,39,347,,active,,
360,38,348,,active,,
361,42,349,,active,,
362,25,350,,active,,
363,38,351,,active,,
365,37,353,,active,,
366,29,354,,active,,
367,43,355,,active,,
368,26,356,,active,,
369,29,357,,active,,
370,39,358,,active,,
372,55,360,,active,,
373,55,361,,active,,
374,42,362,,active,,
375,43,363,,active,,
376,29,364,,active,,
377,37,365,,active,,
378,25,366,,active,,
380,41,368,,active,,
381,29,369,,active,,
382,26,370,,active,,
383,40,371,,active,,
384,39,372,,active,,
385,27,373,,active,,
386,29,374,,active,,
387,37,375,,active,,
388,63,376,,active,,
389,68,377,,active,,
390,50,379,,active,,
391,28,378,,active,,
392,42,380,,active,,
393,31,381,,active,,
394,25,382,,active,,
395,26,383,,active,,
396,66,384,,active,,
397,56,385,,active,,
398,70,386,,active,,
399,28,387,,active,,
400,42,388,,active,,
401,30,389,,active,,
402,47,390,,active,,
403,47,391,,active,,
404,39,392,,active,,
405,52,393,,active,,
406,28,394,,active,,
407,26,395,,active,,
408,26,396,,active,,
409,37,397,,active,,
410,41,398,,active,,
411,38,399,,active,,
412,41,400,,active,,
413,42,401,,active,,
414,42,402,,active,,
415,29,403,,active,,
416,69,406,,active,,
417,64,407,,active,,
419,38,409,,active,,
420,70,410,,active,,
421,30,412,,active,,
422,74,413,,active,,
425,66,415,,active,,
426,26,416,,active,,
427,41,417,,active,,
428,49,418,,active,,
429,29,419,,active,,
430,42,420,,active,,
431,41,424,,active,,
433,43,426,,active,,
434,43,428,,active,,
438,25,434,,active,,
439,33,435,,active,,
440,30,436,,active,,
441,27,437,,active,,
442,45,438,,active,,
443,40,439,,active,,
444,37,440,,active,,
445,30,441,,active,,
446,29,442,,active,,
447,41,443,,active,,
448,44,444,,active,,
449,37,445,,active,,
450,26,446,,active,,
451,31,447,,active,,
452,28,448,,active,,
453,42,449,,active,,
454,30,450,,active,,
455,55,451,,active,,
456,26,452,,active,,
457,39,453,,active,,
458,30,454,,active,,
459,41,455,,active,,
460,68,456,,active,,
461,26,457,,active,,
462,27,458,,active,,
463,69,459,,active,,
464,43,460,,active,,
465,50,461,,active,,
466,67,462,,active,,
467,26,463,,active,,
468,50,464,,active,,
469,27,465,,active,,
470,37,466,,active,,
471,38,467,,active,,
472,30,468,,active,,
474,38,470,,active,,
475,39,471,,active,,
476,31,472,,active,,
477,37,473,,active,,
479,38,475,,active,,
480,70,476,,active,,
481,66,477,,active,,
482,55,478,,active,,
483,48,479,,active,,
484,48,480,,active,,
485,53,481,,active,,
486,55,482,,active,,
487,28,483,,active,,
488,44,484,,active,,
489,56,485,,active,,
491,27,487,,active,,
492,31,488,,active,,
493,27,489,,active,,
494,105,490,,active,,
495,49,491,,active,,
496,28,492,,active,,
497,44,493,,active,,
498,45,494,,active,,
499,38,495,,active,,
500,47,496,,active,,
501,55,497,,active,,
502,30,498,,active,,
503,56,499,,active,,
504,43,500,,active,,
505,41,501,,active,,
506,41,502,,active,,
507,37,503,,active,,
508,39,504,,active,,
509,37,505,,active,,
510,31,506,,active,,
511,43,507,,active,,
512,56,508,,active,,
513,37,509,,active,,
514,41,510,,active,,
515,39,511,,active,,
516,41,512,,active,,
517,42,513,,active,,
518,66,514,,active,,
520,37,516,,active,,
521,31,517,,active,,
522,30,518,,active,,
523,31,519,,active,,
524,44,520,,active,,
525,26,521,,active,,
526,26,522,,active,,
527,56,523,,active,,
528,41,524,,active,,
529,29,525,,active,,
530,50,526,,active,,
531,25,527,,active,,
532,55,528,,active,,
533,46,529,,active,,
535,50,531,,active,,
536,26,532,,active,,
537,55,533,,active,,
538,63,534,,active,,
539,68,535,,active,,
540,49,536,,active,,
541,69,537,,active,,
542,52,538,,active,,
543,55,539,,active,,
544,65,540,,active,,
545,70,541,,active,,
546,50,542,,active,,
547,55,543,,active,,
548,67,544,,active,,
549,68,545,,active,,
550,70,546,,active,,
551,72,547,,active,,
552,64,548,,active,,
553,68,549,,active,,
554,50,550,,active,,
555,55,551,,active,,
556,50,552,,active,,
557,55,553,,active,,
558,112,554,,active,,
559,108,555,,active,,
560,109,556,,active,,
562,65,558,,active,,
563,69,559,,active,,
564,56,560,,active,,
565,107,561,,active,,
566,107,562,,active,,
567,49,563,,active,,
568,111,564,,active,,
569,110,565,,active,,
570,55,566,,active,,
571,65,567,,active,,
572,71,568,,active,,
573,74,569,,active,,
574,106,570,,active,,
575,106,571,,active,,
576,58,572,,active,,
577,57,573,,active,,
578,55,574,,active,,
579,49,575,,active,,
580,58,576,,active,,
582,55,578,,active,,
583,108,579,,active,,
584,55,580,,active,,
585,71,581,,active,,
586,55,582,,active,,
587,55,583,,active,,
588,56,584,,active,,
589,57,585,,active,,
590,108,586,,active,,
591,112,587,,active,,
592,55,588,,active,,
593,52,589,,active,,
594,52,590,,active,,
595,71,591,,active,,
596,55,592,,active,,
597,37,206,,active,,
598,56,593,,active,,
599,27,228,,active,,
600,41,367,,active,,
601,29,322,,active,,
602,47,594,,active,,
603,47,595,,active,,
604,109,596,,active,,
605,106,597,,active,,
606,27,486,,active,,
607,41,340,,active,,
608,37,294,,active,,
609,55,598,,active,,
610,50,599,,active,,
611,55,600,,active,,
612,55,601,,active,,
614,55,603,,active,,
615,55,604,,active,,
616,49,605,,active,,
617,50,606,,active,,
619,49,608,,active,,
620,57,609,,active,,
621,105,610,,active,,
622,111,611,,active,,
623,107,612,,active,,
624,105,613,,active,,
625,51,614,,active,,
626,52,615,,active,,
627,50,616,,active,,
628,55,617,,active,,
629,56,618,,active,,
630,67,619,,active,,
631,106,620,,active,,
632,45,621,,active,,
635,45,624,,active,,
636,45,625,,active,,
637,31,626,,active,,
638,68,627,,active,,
639,64,628,,active,,
640,69,629,,active,,
641,68,630,,active,,
642,112,631,,active,,
643,110,632,,active,,
644,106,633,,active,,
646,37,635,,active,,
647,56,636,,active,,
648,71,637,,active,,
649,69,638,,active,,
650,72,639,,active,,
651,53,640,,active,,
652,52,641,,active,,
653,50,642,,active,,
654,59,643,,active,,
655,109,644,,active,,
656,107,645,,active,,
657,111,646,,active,,
658,69,647,,active,,
659,108,648,,active,,
660,105,649,,active,,
661,72,650,,active,,
662,72,651,,active,,
663,29,652,,active,,
664,26,653,,active,,
665,28,654,,active,,
666,26,655,,active,,
667,40,656,,active,,
668,49,657,,active,,
669,52,658,,active,,
670,53,659,,active,,
671,29,660,,active,,
672,65,661,,active,,
673,45,662,,active,,
674,29,663,,active,,
675,29,664,,active,,
676,29,665,,active,,
677,37,209,,active,,
678,108,666,,active,,
679,52,602,,active,,
680,68,667,,active,,
682,37,669,,active,,
684,44,671,,active,,
686,39,673,,active,,
687,49,674,,active,,
688,69,675,,active,,
689,28,676,,active,,
690,26,677,,active,,
691,108,678,,active,,
692,111,679,,active,,
693,111,680,,active,,
694,72,681,,active,,
695,68,682,,active,,
696,63,683,,active,,
697,111,684,,active,,
698,104,685,,active,,
699,69,686,,active,,
700,68,687,,active,,
701,67,688,,active,,
703,66,690,,active,,
704,65,691,,active,,
705,71,692,,active,,
706,105,693,,active,,
707,107,694,,active,,
708,111,695,,active,,
709,63,696,,active,,
710,63,697,,active,,
711,120,698,,active,,
712,115,699,,active,,
713,71,700,,active,,
714,119,701,,active,,
715,117,702,,active,,
716,116,703,,active,,
718,119,705,,active,,
719,67,706,,active,,
720,116,707,,active,,
721,115,708,,active,,
722,109,709,,active,,
723,119,710,,active,,
724,67,711,,active,,
725,118,712,,active,,
726,113,713,,active,,
727,113,714,,active,,
728,111,715,,active,,
729,113,716,,active,,
730,105,717,,active,,
731,70,718,,active,,
732,64,719,,active,,
733,63,720,,active,,
734,110,721,,active,,
735,104,722,,active,,
736,63,723,,active,,
737,69,724,,active,,
738,120,725,,active,,
739,109,726,,active,,
740,111,727,,active,,
741,121,728,,active,,
742,63,729,,active,,
743,117,730,,active,,
744,107,731,,active,,
745,127,732,,active,,
746,117,733,,active,,
747,123,734,,active,,
748,139,735,,active,,
749,134,736,,active,,
750,119,737,,active,,
751,117,738,,active,,
752,113,739,,active,,
753,139,740,,active,,
754,105,741,,active,,
755,63,742,,active,,
756,123,743,,active,,
757,113,744,,active,,
759,118,746,,active,,
760,108,747,,active,,
761,120,748,,active,,
762,115,749,,active,,
763,110,750,,active,,
764,114,751,,active,,
765,107,752,,active,,
766,68,753,,active,,
767,108,754,,active,,
768,134,755,,active,,
769,66,756,,active,,
770,69,757,,active,,
771,110,758,,active,,
773,66,760,,active,,
774,64,761,,active,,
775,74,762,,active,,
777,71,764,,active,,
778,65,765,,active,,
779,110,766,,active,,
780,64,767,,active,,
781,145,768,,active,,
782,69,769,,active,,
783,64,770,,active,,
784,65,771,,active,,
786,69,773,,active,,
787,63,774,,active,,
788,69,775,,active,,
789,71,776,,active,,
792,118,779,,active,,
793,118,780,,active,,
794,113,781,,active,,
795,107,782,,active,,
796,108,783,,active,,
797,116,784,,active,,
798,125,785,,active,,
799,133,786,,active,,
800,117,787,,active,,
801,121,788,,active,,
802,107,789,,active,,
803,117,790,,active,,
804,67,791,,active,,
805,69,792,,active,,
806,74,793,,active,,
807,63,794,,active,,
808,107,795,,active,,
811,134,798,,active,,
812,118,799,,active,,
813,126,800,,active,,
814,110,801,,active,,
815,127,802,,active,,
816,113,803,,active,,
817,69,804,,active,,
819,147,806,,active,,
820,119,807,,active,,
821,139,808,,active,,
823,110,810,,active,,
824,68,811,,active,,
825,118,812,,active,,
826,114,813,,active,,
827,111,814,,active,,
828,113,815,,active,,
829,149,816,,active,,
830,113,817,,active,,
831,105,818,,active,,
832,71,819,,active,,
833,69,820,,active,,
834,145,821,,active,,
835,68,822,,active,,
836,108,823,,active,,
837,73,824,,active,,
838,133,825,,active,,
839,108,826,,active,,
840,112,827,,active,,
841,69,828,,active,,
842,149,829,,active,,
843,109,830,,active,,
844,109,831,,active,,
845,115,832,,active,,
846,112,833,,active,,
847,127,834,,active,,
848,123,835,,active,,
849,122,836,,active,,
850,72,837,,active,,
852,107,839,,active,,
854,69,841,,active,,
855,120,842,,active,,
856,69,843,,active,,
857,69,844,,active,,
858,73,845,,active,,
859,72,846,,active,,
860,73,847,,active,,
861,70,848,,active,,
862,66,849,,active,,
863,63,850,,active,,
864,65,778,,active,,
865,112,851,,active,,
866,66,852,,active,,
867,111,853,,active,,
868,105,854,,active,,
869,120,855,,active,,
870,66,856,,active,,
871,64,857,,active,,
872,63,858,,active,,
873,147,859,,active,,
874,64,860,,active,,
875,69,861,,active,,
876,69,862,,active,,
877,72,863,,active,,
878,147,864,,active,,
879,67,865,,active,,
880,73,866,,active,,
881,74,867,,active,,
882,148,868,,active,,
884,70,870,,active,,
885,63,871,,active,,
886,68,872,,active,,
887,112,873,,active,,
888,68,874,,active,,
889,112,875,,active,,
890,147,876,,active,,
891,145,877,,active,,
892,64,878,,active,,
894,65,879,,active,,
895,145,880,,active,,
896,134,881,,active,,
897,137,882,,active,,
898,114,883,,active,,
899,119,884,,active,,
900,103,885,,active,,
901,117,886,,active,,
902,138,887,,active,,
903,121,888,,active,,
904,125,889,,active,,
905,117,890,,active,,
907,137,892,,active,,
908,135,893,,active,,
909,71,894,,active,,
910,73,895,,active,,
911,123,896,,active,,
912,113,897,,active,,
913,114,898,,active,,
914,134,899,,active,,
915,109,900,,active,,
916,112,901,,active,,
918,134,903,,active,,
919,117,904,,active,,
920,138,905,,active,,
923,116,908,,active,,
924,150,909,,active,,
926,119,911,,active,,
927,63,745,,active,,
929,63,777,,active,,
931,152,912,,active,,
932,115,913,,active,,
933,103,914,,active,,
934,138,915,,active,,
935,126,916,,active,,
936,103,917,,active,,
937,103,918,,active,,
939,125,920,,active,,
940,63,805,,active,,
941,75,921,,active,,
942,151,922,,active,,
943,150,923,,active,,
944,144,924,,active,,
945,147,925,,active,,
946,145,926,,active,,
947,148,927,,active,,
948,103,928,,active,,
950,104,930,,active,,
951,107,931,,active,,
953,152,933,,active,,
954,149,919,,active,,
955,148,934,,active,,
956,64,763,,active,,
957,113,935,,active,,
958,134,936,,active,,
959,145,937,,active,,
960,152,938,,active,,
961,103,939,,active,,
962,103,940,,active,,
963,105,941,,active,,
964,147,942,,active,,
968,150,946,,active,,
969,149,947,,active,,
970,148,932,,active,,
971,119,948,,active,,
972,115,949,,active,,
973,138,950,,active,,
975,151,952,,active,,
976,135,953,,active,,
977,116,954,,active,,
978,135,955,,active,,
979,151,951,,active,,
980,118,956,,active,,
981,120,957,,active,,
982,125,958,,active,,
984,150,960,,active,,
985,119,961,,active,,
986,148,962,,active,,
987,149,963,,active,,
988,118,964,,active,,
989,134,965,,active,,
990,125,966,,active,,
991,138,967,,active,,
992,150,968,,active,,
993,118,969,,active,,
994,119,970,,active,,
995,116,971,,active,,
996,113,972,,active,,
997,117,973,,active,,
998,113,974,,active,,
1002,135,978,,active,,
1003,134,979,,active,,
1004,117,980,,active,,
1005,125,981,,active,,
1006,114,982,,active,,
1007,118,983,,active,,
1008,114,984,,active,,
1009,116,985,,active,,
1010,119,986,,active,,
1011,115,987,,active,,
1012,118,988,,active,,
1013,114,989,,active,,
1014,140,990,,active,,
1015,119,991,,active,,
1016,137,992,,active,,
1017,133,993,,active,,
1018,118,994,,active,,
1019,153,995,,active,,
1020,151,975,,active,,
1021,118,996,,active,,
1022,120,997,,active,,
1023,150,977,,active,,
1025,153,999,,active,,
1026,152,1000,,active,,
1027,123,1001,,active,,
1028,135,1002,,active,,
1029,115,1003,,active,,
1030,117,1004,,active,,
1031,139,1005,,active,,
1032,117,1006,,active,,
1033,127,1007,,active,,
1034,125,1008,,active,,
1035,165,1009,,active,,
1037,104,1011,,active,,
1038,103,1012,,active,,
1039,117,1013,,active,,
1040,113,1014,,active,,
1041,133,1015,,active,,
1042,118,1016,,active,,
1043,138,1017,,active,,
1044,117,1018,,active,,
1045,148,1019,,active,,
1046,149,1020,,active,,
1047,115,1021,,active,,
1048,104,1022,,active,,
1050,113,1024,,active,,
1052,148,1026,,active,,
1053,115,1027,,active,,
1054,114,1028,,active,,
1055,116,1029,,active,,
1056,147,1030,,active,,
1057,137,1031,,active,,
1058,133,1032,,active,,
1060,114,1034,,active,,
1062,121,1036,,active,,
1063,152,1037,,active,,
1064,143,1038,,active,,
1065,137,1039,,active,,
1066,120,1040,,active,,
1067,117,1041,,active,,
1068,119,1042,,active,,
1069,119,1043,,active,,
1070,120,1044,,active,,
1071,117,1045,,active,,
1072,137,1046,,active,,
1073,119,1047,,active,,
1074,118,1048,,active,,
1075,81,1049,,active,,
1076,117,1050,,active,,
1077,117,1051,,active,,
1080,133,1054,,active,,
1081,124,1055,,active,,
1082,153,1056,,active,,
1084,125,1058,,active,,
1085,152,1059,,active,,
1086,162,1060,,active,,
1087,166,1061,,active,,
1088,162,1062,,active,,
1089,167,1063,,active,,
1090,163,1064,,active,,
1091,162,1065,,active,,
1092,133,1066,,active,,
1093,160,1067,,active,,
1094,133,1068,,active,,
1095,84,1069,,active,,
1096,125,1070,,active,,
1097,122,1071,,active,,
1098,123,1072,,active,,
1099,127,1073,,active,,
1100,122,1074,,active,,
1101,134,1075,,active,,
1102,123,1076,,active,,
1103,135,1077,,active,,
1104,166,1078,,active,,
1105,134,1079,,active,,
1107,139,1081,,active,,
1108,121,1082,,active,,
1109,121,1083,,active,,
1110,125,1084,,active,,
1111,125,1085,,active,,
1112,137,1086,,active,,
1113,137,1087,,active,,
1114,133,1088,,active,,
1116,123,1080,,active,,
1117,127,959,,active,,
1118,139,1025,,active,,
1119,139,1090,,active,,
1121,137,1092,,active,,
1122,158,1093,,active,,
1123,122,1094,,active,,
1124,135,1095,,active,,
1125,137,1096,,active,,
1126,134,1097,,active,,
1127,137,1098,,active,,
1128,139,1099,,active,,
1129,135,1100,,active,,
1130,143,1101,,active,,
1131,123,1102,,active,,
1132,126,1103,,active,,
1133,125,1104,,active,,
1134,123,1105,,active,,
1135,139,1106,,active,,
1136,134,1107,,active,,
1137,122,1108,,active,,
1138,138,1109,,active,,
1139,137,1110,,active,,
1140,133,1111,,active,,
1141,137,1112,,active,,
1142,139,1113,,active,,
1143,139,1114,,active,,
1144,124,1115,,active,,
1145,133,1116,,active,,
1146,133,1117,,active,,
1147,134,1118,,active,,
1148,172,1119,,active,,
1150,170,1121,,active,,
1151,135,1122,,active,,
1152,143,1123,,active,,
1153,134,1124,,active,,
1154,168,1125,,active,,
1155,134,1126,,active,,
1156,134,1127,,active,,
1157,137,1128,,active,,
1158,169,1129,,active,,
1160,126,1131,,active,,
1161,134,1132,,active,,
1162,134,1133,,active,,
1164,126,1135,,active,,
1165,168,1136,,active,,
1166,140,1137,,active,,
1167,124,1138,,active,,
1168,168,1139,,active,,
1169,170,1140,,active,,
1170,169,1141,,active,,
1171,169,1142,,active,,
1172,168,1143,,active,,
1173,139,1144,,active,,
1174,127,1145,,active,,
1175,133,1146,,active,,
1176,122,1147,,active,,
1177,169,1148,,active,,
1178,134,1149,,active,,
1179,133,1150,,active,,
1180,135,1151,,active,,
1181,127,1152,,active,,
1182,122,1153,,active,,
1183,169,1154,,active,,
1184,137,1155,,active,,
1185,133,1156,,active,,
1186,133,1157,,active,,
1188,134,1159,,active,,
1190,134,1161,,active,,
1191,139,1162,,active,,
1192,126,1163,,active,,
1193,124,1164,,active,,
1195,169,1166,,active,,
1196,137,1167,,active,,
1197,135,1168,,active,,
1199,127,1170,,active,,
1200,142,1171,,active,,
1201,138,1172,,active,,
1202,124,1173,,active,,
1203,138,1174,,active,,
1205,138,1176,,active,,
1206,138,1177,,active,,
1208,169,1179,,active,,
1210,123,1181,,active,,
1211,134,1182,,active,,
1212,168,1169,,active,,
1213,134,1183,,active,,
1214,135,1158,,active,,
1215,127,1175,,active,,
1216,127,1178,,active,,
1217,127,1130,,active,,
1218,168,1184,,active,,
1219,169,1185,,active,,
1220,125,1186,,active,,
1222,134,1160,,active,,
1223,134,1188,,active,,
1224,171,1189,,active,,
1225,82,1190,,active,,
1228,77,1193,,active,,
1229,172,1194,,active,,
1230,170,1195,,active,,
1231,141,1196,,active,,
1232,137,1197,,active,,
1233,139,1198,,active,,
1234,133,1187,,active,,
1235,139,1180,,active,,
1236,122,1199,,active,,
1237,134,1200,,active,,
1238,141,1201,,active,,
1239,134,1202,,active,,
1240,125,1203,,active,,
1241,170,1204,,active,,
1243,139,976,,active,,
1244,171,1206,,active,,
1245,164,1207,,active,,
1246,172,1208,,active,,
1248,172,1210,,active,,
1249,171,1211,,active,,
1250,171,1212,,active,,
1251,170,1213,,active,,
1252,170,1214,,active,,
1253,171,1215,,active,,
1254,79,1216,,active,,
1255,84,1217,,active,,
1256,172,1218,,active,,
1257,181,1219,,active,,
1258,172,1220,,active,,
1259,170,1221,,active,,
1260,158,1222,,active,,
1261,202,1223,,active,,
1262,188,1224,,active,,
1263,164,1225,,active,,
1264,172,1226,,active,,
1265,79,1227,,active,,
1266,171,1228,,active,,
1267,171,1229,,active,,
1268,180,1230,,active,,
1270,176,1232,,active,,
1271,172,1233,,active,,
1273,170,1235,,active,,
1275,181,1237,,active,,
1277,172,1239,,active,,
1279,170,1241,,active,,
1280,170,1242,,active,,
1284,171,1246,,active,,
1285,170,1247,,active,,
1287,170,1249,,active,,
1288,170,1250,,active,,
1289,171,1251,,active,,
1290,170,1252,,active,,
1291,172,1253,,active,,
1294,170,1256,,active,,
1295,171,1257,,active,,
1296,199,1258,,active,,
1297,170,1259,,active,,
1299,172,1260,,active,,
1300,84,1261,,active,,
1301,171,1262,,active,,
1302,162,1263,,active,,
1303,160,1264,,active,,
1304,200,1265,,active,,
1305,171,1209,,active,,
1306,172,1245,,active,,
1307,171,1255,,active,,
1308,171,1244,,active,,
1309,171,1254,,active,,
1310,187,1266,,active,,
1311,113,1267,,active,,
1312,116,1035,,active,,
1313,199,1268,,active,,
1314,200,1269,,active,,
1315,206,1270,,active,,
1316,204,1271,,active,,
1317,204,1272,,active,,
1318,203,1273,,active,,
1319,199,1274,,active,,
1320,199,1275,,active,,
1322,180,1277,,active,,
1323,203,1278,,active,,
1325,199,1280,,active,,
1326,163,1281,,active,,
1329,176,1284,,active,,
1330,201,1285,,active,,
1331,205,1286,,active,,
1332,193,1287,,active,,
1333,201,1288,,active,,
1334,206,1289,,active,,
1335,205,1290,,active,,
1336,201,1291,,active,,
1338,83,1293,,active,,
1339,203,1294,,active,,
1341,205,1296,,active,,
1342,201,1297,,active,,
1343,202,1298,,active,,
1344,203,1299,,active,,
1345,164,1300,,active,,
1346,201,1301,,active,,
1347,201,1302,,active,,
1348,175,1303,,active,,
1349,84,1304,,active,,
1353,200,1308,,active,,
1355,163,1310,,active,,
1356,205,1311,,active,,
1357,199,1312,,active,,
1358,188,1313,,active,,
1360,205,1315,,active,,
1361,205,1316,,active,,
1362,202,1317,,active,,
1364,202,1319,,active,,
1365,163,1320,,active,,
1367,202,1322,,active,,
1371,205,1326,,active,,
1372,203,1327,,active,,
1373,161,1328,,active,,
1374,203,1329,,active,,
1375,161,1330,,active,,
1376,199,1331,,active,,
1377,205,1332,,active,,
1378,199,1333,,active,,
1379,187,1334,,active,,
1380,221,1335,,active,,
1381,201,1336,,active,,
1382,221,1337,,active,,
1383,221,1338,,active,,
1384,220,1339,,active,,
1385,84,1340,,active,,
1386,82,1341,,active,,
1387,187,1342,,active,,
1388,220,1343,,active,,
1389,175,1344,,active,,
1390,205,1345,,active,,
1391,221,1346,,active,,
1393,221,1348,,active,,
1394,220,1349,,active,,
1395,158,1350,,active,,
1396,204,1351,,active,,
1397,200,1352,,active,,
1398,201,1353,,active,,
1399,221,1354,,active,,
1402,220,1357,,active,,
1403,203,1358,,active,,
1404,165,1359,,active,,
1405,205,1360,,active,,
1406,201,1361,,active,,
1407,220,1362,,active,,
1408,221,1363,,active,,
1409,205,1364,,active,,
1410,79,1365,,active,,
1411,81,1366,,active,,
1413,221,1368,,active,,
1414,220,1369,,active,,
1416,220,1371,,active,,
1417,201,1372,,active,,
1418,221,1347,,active,,
1419,220,1373,,active,,
1420,205,1374,,active,,
1421,221,1375,,active,,
1422,203,1376,,active,,
1423,204,1377,,active,,
1424,206,1378,,active,,
1425,81,1379,,active,,
1427,206,1381,,active,,
1428,221,1382,,active,,
1429,197,1383,,active,,
1430,199,1384,,active,,
1431,203,1385,,active,,
1432,192,1386,,active,,
1433,221,1387,,active,,
1436,220,1390,,active,,
1437,221,1391,,active,,
1438,202,1392,,active,,
1439,162,1393,,active,,
1440,160,1394,,active,,
1442,202,1396,,active,,
1443,200,1397,,active,,
1444,189,1398,,active,,
1446,77,1400,,active,,
1447,200,1401,,active,,
1448,220,1402,,active,,
1449,220,1403,,active,,
1450,221,1404,,active,,
1451,203,1405,,active,,
1452,203,1406,,active,,
1455,204,1409,,active,,
1457,221,1395,,active,,
1458,203,1411,,active,,
1459,199,1412,,active,,
1460,206,1413,,active,,
1461,204,1414,,active,,
1462,199,1415,,active,,
1463,77,1416,,active,,
1464,202,1417,,active,,
1465,203,1418,,active,,
1466,200,1419,,active,,
1467,199,1420,,active,,
1468,203,1421,,active,,
1469,206,1422,,active,,
1470,189,1423,,active,,
1471,205,1424,,active,,
1472,203,1425,,active,,
1473,160,1426,,active,,
1474,166,1427,,active,,
1479,199,1432,,active,,
1480,204,1433,,active,,
1481,205,1434,,active,,
1482,204,1435,,active,,
1483,204,1436,,active,,
1484,204,1437,,active,,
1485,200,1438,,active,,
1486,206,1439,,active,,
1490,203,1443,,active,,
1491,199,1444,,active,,
1492,201,1445,,active,,
1493,176,1446,,active,,
1494,176,1447,,active,,
1495,205,1448,,active,,
1496,203,1449,,active,,
1497,199,1450,,active,,
1498,200,1451,,active,,
1499,203,1452,,active,,
1501,179,1454,,active,,
1502,175,1455,,active,,
1504,181,1457,,active,,
1511,75,1464,,active,,
1512,177,1465,,active,,
1513,165,1466,,active,,
1514,88,1467,,active,,
1515,160,1468,,active,,
1516,177,1469,,active,,
1517,188,1470,,active,,
1519,176,1472,,active,,
1520,188,1473,,active,,
1522,181,1475,,active,,
1523,179,1476,,active,,
1525,181,1478,,active,,
1527,193,1480,,active,,
1528,177,1481,,active,,
1529,188,1482,,active,,
1530,191,1483,,active,,
1531,81,1484,,active,,
1534,191,1487,,active,,
1535,187,1488,,active,,
1536,159,1489,,active,,
1537,191,1490,,active,,
1541,224,1494,,active,,
1542,175,1495,,active,,
1543,181,1496,,active,,
1545,181,1498,,active,,
1546,224,1499,,active,,
1547,228,1500,,active,,
1548,228,1501,,active,,
1549,191,1502,,active,,
1550,189,1503,,active,,
1551,228,1504,,active,,
1552,228,1505,,active,,
1554,222,1507,,active,,
1555,224,1508,,active,,
1556,224,1509,,active,,
1558,188,1511,,active,,
1559,222,1512,,active,,
1560,228,1513,,active,,
1561,227,1514,,active,,
1562,224,1515,,active,,
1563,228,1516,,active,,
1564,79,1517,,active,,
1565,85,1518,,active,,
1566,88,1519,,active,,
1567,189,1520,,active,,
1568,177,1521,,active,,
1569,197,1522,,active,,
1571,227,1524,,active,,
1572,166,1525,,active,,
1573,176,1526,,active,,
1575,177,1528,,active,,
1578,166,1531,,active,,
1579,224,1532,,active,,
1580,165,1533,,active,,
1581,163,1534,,active,,
1582,163,1535,,active,,
1583,227,1536,,active,,
1584,222,1537,,active,,
1585,165,1538,,active,,
1586,188,1539,,active,,
1587,224,1540,,active,,
1588,189,1541,,active,,
1589,191,1542,,active,,
1590,179,1543,,active,,
1591,175,1544,,active,,
1592,177,1545,,active,,
1595,193,1548,,active,,
1596,163,1549,,active,,
1597,167,1550,,active,,
1598,227,1551,,active,,
1599,228,1552,,active,,
1600,227,1553,,active,,
1602,224,1555,,active,,
1603,224,1556,,active,,
1604,222,1557,,active,,
1605,179,1558,,active,,
1606,187,1559,,active,,
1607,193,1560,,active,,
1611,80,1564,,active,,
1612,228,1565,,active,,
1613,193,1566,,active,,
1614,188,1567,,active,,
1616,191,1569,,active,,
1617,177,1570,,active,,
1618,181,1571,,active,,
1619,177,1572,,active,,
1620,179,1573,,active,,
1622,228,1575,,active,,
1623,228,1576,,active,,
1624,177,1577,,active,,
1625,187,1578,,active,,
1626,187,1579,,active,,
1627,80,1580,,active,,
1628,224,1581,,active,,
1629,191,1582,,active,,
1633,179,1586,,active,,
1634,165,1587,,active,,
1636,193,1589,,active,,
1637,187,1590,,active,,
1639,176,1592,,active,,
1640,177,1593,,active,,
1643,179,1596,,active,,
1644,179,1597,,active,,
1645,187,1598,,active,,
1646,179,1599,,active,,
1647,177,1600,,active,,
1648,179,1601,,active,,
1649,179,1602,,active,,
1650,181,1603,,active,,
1651,187,1604,,active,,
1653,188,1606,,active,,
1654,187,1607,,active,,
1655,176,1608,,active,,
1656,192,1609,,active,,
1657,197,1610,,active,,
1658,192,1611,,active,,
1663,178,1616,,active,,
1664,192,1617,,active,,
1665,192,1618,,active,,
1666,178,1619,,active,,
1667,192,1620,,active,,
1668,192,1621,,active,,
1669,197,1622,,active,,
1670,180,1623,,active,,
1672,189,1625,,active,,
1673,187,1626,,active,,
1675,175,1628,,active,,
1676,230,1629,,active,,
1677,187,1630,,active,,
1678,180,1631,,active,,
1680,229,1633,,active,,
1683,193,1636,,active,,
1684,191,1637,,active,,
1686,175,1639,,active,,
1687,187,1640,,active,,
1688,192,1641,,active,,
1690,192,1643,,active,,
1694,227,1647,,active,,
1695,230,1648,,active,,
1696,224,1649,,active,,
1697,188,1650,,active,,
1698,179,1585,,active,,
1700,197,1523,,active,,
1702,193,1627,,active,,
1703,193,1632,,active,,
1704,193,1612,,active,,
1705,193,1613,,active,,
1706,193,1471,,active,,
1708,181,1614,,active,,
1709,181,1615,,active,,
1710,181,1282,,active,,
1713,229,1652,,active,,
1714,229,1653,,active,,
1715,81,1654,,active,,
1717,229,1655,,active,,
1718,84,1656,,active,,
1719,80,1657,,active,,
1720,224,1658,,active,,
1721,88,1659,,active,,
1722,85,1660,,active,,
1723,224,1661,,active,,
1724,224,1662,,active,,
1725,224,1663,,active,,
1726,229,1664,,active,,
1727,78,1665,,active,,
1728,82,1666,,active,,
1729,86,1667,,active,,
1730,81,1668,,active,,
1731,78,1669,,active,,
1732,187,1670,,active,,
1733,80,1671,,active,,
1734,79,1672,,active,,
1736,83,1674,,active,,
1737,77,1675,,active,,
1738,83,1676,,active,,
1739,80,1677,,active,,
1740,82,1678,,active,,
1741,79,1679,,active,,
1742,83,1680,,active,,
1743,82,1681,,active,,
1744,77,1682,,active,,
1745,83,1683,,active,,
1746,78,1684,,active,,
1747,80,1685,,active,,
1748,191,1686,,active,,
1749,85,1687,,active,,
1750,85,1688,,active,,
1751,82,1689,,active,,
1752,83,1690,,active,,
1754,78,1692,,active,,
1755,80,1693,,active,,
1756,81,1694,,active,,
1757,84,1695,,active,,
1758,79,1696,,active,,
1759,82,1697,,active,,
1760,77,1698,,active,,
1761,75,1699,,active,,
1762,82,1700,,active,,
1764,84,1702,,active,,
1765,78,1703,,active,,
1766,77,1704,,active,,
1767,193,1705,,active,,
1768,187,1706,,active,,
1769,81,1707,,active,,
1770,77,1708,,active,,
1771,80,1709,,active,,
1772,84,1710,,active,,
1773,86,1711,,active,,
1774,86,1712,,active,,
1775,83,1713,,active,,
1776,86,1714,,active,,
1777,160,1715,,active,,
1778,167,1716,,active,,
1779,81,1717,,active,,
1781,79,1719,,active,,
1782,79,1720,,active,,
1783,82,1721,,active,,
1784,80,1722,,active,,
1785,83,1723,,active,,
1786,167,1724,,active,,
1787,82,1725,,active,,
1788,85,1726,,active,,
1789,83,1727,,active,,
1790,78,1728,,active,,
1791,83,1729,,active,,
1792,85,1730,,active,,
1793,82,1731,,active,,
1794,80,1732,,active,,
1797,82,1735,,active,,
1798,164,1736,,active,,
1799,78,1737,,active,,
1800,83,1738,,active,,
1801,82,1739,,active,,
1803,85,1741,,active,,
1805,83,1743,,active,,
1806,78,1744,,active,,
1807,83,1745,,active,,
1808,81,1746,,active,,
1809,77,1747,,active,,
1810,77,1748,,active,,
1811,77,1749,,active,,
1812,82,1750,,active,,
1813,83,1751,,active,,
1814,77,1752,,active,,
1815,75,1753,,active,,
1816,82,1754,,active,,
1817,77,1755,,active,,
1818,167,1756,,active,,
1819,83,1757,,active,,
1820,86,1758,,active,,
1821,83,1759,,active,,
1822,78,1760,,active,,
1823,77,1761,,active,,
1824,75,1762,,active,,
1826,82,1764,,active,,
1827,86,1765,,active,,
1828,85,1766,,active,,
1829,166,1767,,active,,
1830,78,1742,,active,,
1831,77,1768,,active,,
1832,78,1769,,active,,
1834,159,1771,,active,,
1835,175,1772,,active,,
1836,85,1773,,active,,
1837,159,1774,,active,,
1838,83,1775,,active,,
1839,167,1776,,active,,
1841,165,1778,,active,,
1842,163,1779,,active,,
1843,193,1780,,active,,
1844,180,1781,,active,,
1845,176,1782,,active,,
1848,161,1474,,active,,
1849,158,1785,,active,,
1850,158,1786,,active,,
1851,179,1787,,active,,
1852,179,1788,,active,,
1853,77,1205,,active,,
1855,158,1790,,active,,
1857,78,1792,,active,,
1858,165,1793,,active,,
1859,188,1794,,active,,
1860,178,1795,,active,,
1861,189,1796,,active,,
1862,191,1797,,active,,
1864,192,1799,,active,,
1865,176,1800,,active,,
1867,188,1802,,active,,
1868,83,1803,,active,,
1869,197,1804,,active,,
1870,197,1805,,active,,
1871,189,1806,,active,,
1872,188,1807,,active,,
1873,193,1808,,active,,
1874,175,1809,,active,,
1875,193,1810,,active,,
1876,189,1811,,active,,
1878,188,1813,,active,,
1879,197,1814,,active,,
1880,189,1812,,active,,
1881,197,1798,,active,,
1882,189,1815,,active,,
1883,193,1816,,active,,
1884,180,1817,,active,,
1885,187,1818,,active,,
1886,177,1819,,active,,
1888,197,1821,,active,,
1889,191,1822,,active,,
1890,193,1823,,active,,
1891,160,1824,,active,,
1892,192,1825,,active,,
1893,188,1826,,active,,
1894,192,1827,,active,,
1895,75,1777,,active,,
1898,158,1830,,active,,
1899,165,1831,,active,,
1900,201,1321,,active,,
1901,201,1832,,active,,
1902,201,1833,,active,,
1903,97,1834,,active,,
1904,92,1835,,active,,
1905,91,1836,,active,,
1906,192,1837,,active,,
1907,191,1838,,active,,
1908,187,1839,,active,,
1910,243,1841,,active,,
1911,94,1842,,active,,
1912,243,1843,,active,,
1913,89,1844,,active,,
1914,93,1845,,active,,
1915,97,1846,,active,,
1916,98,1847,,active,,
1917,96,1848,,active,,
1918,199,1849,,active,,
1919,199,1850,,active,,
1920,89,1851,,active,,
1921,95,1852,,active,,
1925,200,1856,,active,,
1926,94,1857,,active,,
1927,98,1858,,active,,
1928,94,1859,,active,,
1929,247,1860,,active,,
1930,241,1861,,active,,
1931,250,1862,,active,,
1932,254,1863,,active,,
1933,254,1864,,active,,
1934,250,1865,,active,,
1936,249,1867,,active,,
1937,249,1868,,active,,
1938,95,1869,,active,,
1939,249,1870,,active,,
1940,253,1871,,active,,
1941,256,1872,,active,,
1942,256,1873,,active,,
1943,252,1874,,active,,
1944,253,1875,,active,,
1945,252,1876,,active,,
1946,253,1877,,active,,
1947,237,1878,,active,,
1948,249,1879,,active,,
1949,255,1880,,active,,
1950,252,1881,,active,,
1951,95,1882,,active,,
1952,206,1883,,active,,
1953,203,1884,,active,,
1954,204,1885,,active,,
1955,248,1886,,active,,
1956,244,1887,,active,,
1958,252,1889,,active,,
1959,249,1890,,active,,
1960,251,1891,,active,,
1961,256,1892,,active,,
1962,254,1893,,active,,
1963,253,1894,,active,,
1964,256,1895,,active,,
1965,249,1896,,active,,
1966,250,1897,,active,,
1967,251,1898,,active,,
1968,255,1899,,active,,
1969,251,1900,,active,,
1970,250,1901,,active,,
1971,249,1902,,active,,
1972,251,1903,,active,,
1973,93,1904,,active,,
1974,249,1905,,active,,
1975,251,1906,,active,,
1976,254,1907,,active,,
1977,243,1908,,active,,
1978,252,1909,,active,,
1979,242,1910,,active,,
1980,248,1911,,active,,
1981,248,1912,,active,,
1982,256,1913,,active,,
1983,255,1914,,active,,
1984,251,1915,,active,,
1985,92,1916,,active,,
1986,244,1917,,active,,
1987,254,1918,,active,,
1988,96,1919,,active,,
1989,253,1920,,active,,
1990,251,1921,,active,,
1991,251,1922,,active,,
1992,252,1923,,active,,
1993,244,1924,,active,,
1994,233,1925,,active,,
1995,253,1926,,active,,
1996,253,1927,,active,,
1997,249,1928,,active,,
1998,255,1929,,active,,
1999,243,1930,,active,,
2000,247,1931,,active,,
2001,251,1932,,active,,
2002,249,1933,,active,,
2003,251,1888,,active,,
2004,249,1866,,active,,
2005,252,1934,,active,,
2006,255,1935,,active,,
2007,256,1936,,active,,
2008,247,1937,,active,,
2009,251,1938,,active,,
2010,253,1939,,active,,
2011,256,1940,,active,,
2012,252,1941,,active,,
2013,252,1942,,active,,
2014,249,1943,,active,,
2015,250,1944,,active,,
2016,251,1945,,active,,
2017,252,1946,,active,,
2018,89,1947,,active,,
2019,254,1948,,active,,
2020,251,1949,,active,,
2021,241,1950,,active,,
2022,253,1951,,active,,
2023,255,1952,,active,,
2024,251,1953,,active,,
2025,247,1954,,active,,
2026,253,1955,,active,,
2027,93,1956,,active,,
2028,249,1957,,active,,
2029,250,1958,,active,,
2030,98,1959,,active,,
2031,255,1960,,active,,
2032,251,1961,,active,,
2033,252,1962,,active,,
2034,255,1963,,active,,
2035,249,1964,,active,,
2036,250,1965,,active,,
2037,253,1966,,active,,
2038,252,1967,,active,,
2039,254,1968,,active,,
2040,243,1969,,active,,
2041,254,1970,,active,,
2042,249,1971,,active,,
2043,254,1972,,active,,
2044,246,1973,,active,,
2045,241,1974,,active,,
2046,247,1975,,active,,
2047,254,1976,,active,,
2048,246,1977,,active,,
2049,255,1978,,active,,
2050,255,1979,,active,,
2051,251,1980,,active,,
2052,255,1981,,active,,
2053,254,1982,,active,,
2054,250,1983,,active,,
2055,255,1984,,active,,
2056,251,1985,,active,,
2057,243,1986,,active,,
2058,256,1987,,active,,
2059,98,1988,,active,,
2060,254,1989,,active,,
2061,253,1990,,active,,
2062,249,1991,,active,,
2063,252,1992,,active,,
2064,249,1993,,active,,
2065,249,1994,,active,,
2066,92,1995,,active,,
2067,94,1996,,active,,
2068,251,1997,,active,,
2069,96,1998,,active,,
2070,249,1999,,active,,
2071,253,2000,,active,,
2072,254,2001,,active,,
2073,253,2002,,active,,
2075,249,2004,,active,,
2076,252,2005,,active,,
2077,252,2006,,active,,
2078,249,2007,,active,,
2079,249,2008,,active,,
2080,250,2009,,active,,
2081,254,2010,,active,,
2082,250,2011,,active,,
2083,244,2012,,active,,
2084,241,2013,,active,,
2085,255,2014,,active,,
2086,254,2003,,active,,
2087,256,2015,,active,,
2089,241,2017,,active,,
2090,254,2018,,active,,
2091,249,2019,,active,,
2092,249,2020,,active,,
2093,245,2021,,active,,
2094,97,2022,,active,,
2095,256,2023,,active,,
2096,250,2024,,active,,
2097,241,2025,,active,,
2098,243,2026,,active,,
2099,247,2027,,active,,
2100,92,2028,,active,,
2101,93,2029,,active,,
2102,96,2030,,active,,
2103,93,2031,,active,,
2104,96,2032,,active,,
2105,241,2033,,active,,
2106,245,2034,,active,,
2107,250,2035,,active,,
2108,250,2036,,active,,
2109,96,2037,,active,,
2110,251,2038,,active,,
2111,97,2039,,active,,
2112,94,2040,,active,,
2113,93,2041,,active,,
2114,245,2042,,active,,
2116,96,2044,,active,,
2117,248,2045,,active,,
2118,246,2046,,active,,
2120,251,2047,,active,,
2121,247,2048,,active,,
2122,244,2049,,active,,
2123,97,2050,,active,,
2124,97,2051,,active,,
2125,91,2052,,active,,
2126,91,2053,,active,,
2127,248,2054,,active,,
2128,245,2055,,active,,
2129,241,2056,,active,,
2130,95,2057,,active,,
2131,242,2058,,active,,
2132,102,2059,,active,,
2134,95,2061,,active,,
2135,94,2062,,active,,
2136,91,2063,,active,,
2137,97,2064,,active,,
2139,234,2066,,active,,
2140,98,2067,,active,,
2141,248,2068,,active,,
2142,246,2069,,active,,
2143,242,2070,,active,,
2144,247,2071,,active,,
2145,243,2072,,active,,
2146,95,2073,,active,,
2147,96,2074,,active,,
2148,100,2075,,active,,
2149,247,2076,,active,,
2150,246,2077,,active,,
2151,95,2078,,active,,
2152,242,2079,,active,,
2153,94,2080,,active,,
2154,92,2081,,active,,
2155,92,2082,,active,,
2157,100,2084,,active,,
2158,93,2085,,active,,
2159,99,2086,,active,,
2160,102,2087,,active,,
2161,92,2088,,active,,
2162,91,2089,,active,,
2163,96,2090,,active,,
2164,89,2091,,active,,
2165,247,2092,,active,,
2166,246,2093,,active,,
2167,91,2094,,active,,
2168,243,2095,,active,,
2169,98,2096,,active,,
2170,244,2097,,active,,
2171,247,2098,,active,,
2172,96,2099,,active,,
2173,91,2100,,active,,
2174,95,2101,,active,,
2175,95,2102,,active,,
2176,99,2103,,active,,
2178,94,2105,,active,,"2021-08-28 07:46:59"
2179,98,2106,,active,,"2021-08-28 07:47:20"
2180,245,2107,,active,,"2021-08-28 07:49:34"
2184,241,2111,,active,,
2186,100,2113,,active,,
2189,99,2116,,active,,
2190,119,2117,,active,,"2021-08-28 10:33:45"
2191,205,2118,,active,,"2021-08-28 10:36:06"
2192,89,2119,,active,,
2193,95,2120,,active,,
2194,244,2121,,active,,
2195,245,2122,,active,,
2196,241,2123,,active,,
2197,247,2124,,active,,
2198,243,2125,,active,,
2199,94,2126,,active,,
2202,95,2129,,active,,
2203,98,2130,,active,,
2204,242,2131,,active,,
2205,96,2132,,active,,
2206,242,2133,,active,,
2207,245,2134,,active,,
2208,247,2135,,active,,
2209,95,2136,,active,,
2210,89,2137,,active,,
2211,97,2138,,active,,
2212,97,2139,,active,,
2213,92,2140,,active,,
2214,97,2141,,active,,
2215,97,2142,,active,,
2216,91,2143,,active,,
2217,99,2144,,active,,
2218,247,2145,,active,,
2219,246,2146,,active,,
2220,241,2147,,active,,
2221,97,2148,,active,,
2223,92,2150,,active,,
2224,243,2151,,active,,
2225,247,2152,,active,,
2226,247,2153,,active,,
2227,91,2154,,active,,"2021-08-29 17:05:29"
2228,92,2155,,active,,"2021-08-29 17:05:59"
2229,99,2156,,active,,
2230,101,2157,,active,,
2232,91,2159,,active,,
2233,100,2160,,active,,
2234,97,2161,,active,,
2235,96,2162,,active,,
2236,96,2163,,active,,
2237,91,2164,,active,,
2238,92,2165,,active,,
2240,93,2167,,active,,
2241,100,2168,,active,,
2242,97,2169,,active,,
2243,91,2170,,active,,
2244,93,2171,,active,,
2245,241,2172,,active,,
2246,241,2173,,active,,
2247,239,2174,,active,,
2248,248,2175,,active,,
2249,248,2176,,active,,
2250,246,2177,,active,,
2251,245,2178,,active,,
2252,241,2179,,active,,
2253,245,2180,,active,,
2254,237,2181,,active,,
2255,234,2182,,active,,
2256,245,2183,,active,,
2257,248,2184,,active,,
2258,241,2185,,active,,
2259,91,2186,,active,,
2260,242,2187,,active,,
2261,89,2188,,active,,
2262,245,2189,,active,,
2263,246,2190,,active,,
2264,246,2191,,active,,
2265,246,2192,,active,,
2266,242,2193,,active,,
2267,242,2194,,active,,
2268,237,2195,,active,,
2269,248,2196,,active,,
2270,91,2197,,active,,
2271,243,2198,,active,,
2272,242,2199,,active,,
2273,245,2200,,active,,
2274,235,2201,,active,,
2275,240,2202,,active,,
2276,233,2203,,active,,
2277,236,2204,,active,,
2278,97,2205,,active,,
2279,237,2206,,active,,
2280,101,2207,,active,,
2281,51,2208,,active,,
2282,51,2209,,active,,
2283,235,2210,,active,,
2295,247,2222,,active,,"2021-09-01 07:21:11"
2296,235,2223,,active,,
2297,239,2224,,active,,
2298,233,2225,,active,,
2305,233,2233,,active,,
2307,235,2235,,active,,
2308,235,2236,,active,,
2309,233,2237,,active,,
2310,93,2238,,active,,
2311,232,2239,,active,,
2313,92,2241,,active,,"2021-09-02 10:29:25"
2314,238,2242,,active,,"2021-09-02 13:28:55"
2316,238,2244,,active,,
2317,236,2245,,active,,
2318,235,2246,,active,,
2320,234,2248,,active,,
2321,233,2254,,active,,
2322,238,2255,,active,,
2324,234,2257,,active,,
2325,257,2258,,active,,
2326,258,2259,,active,,
2328,258,2261,,active,,
2329,240,2262,,active,,
2330,233,2263,,active,,
2331,239,2264,,active,,
2332,257,2265,,active,,
2333,258,2266,,active,,
2334,257,2267,,active,,
2335,257,2268,,active,,
2336,236,2269,,active,,
2337,236,2270,,active,,
2338,239,2271,,active,,
2339,258,2272,,active,,
2340,257,2273,,active,,
2341,246,2274,,active,,"2021-09-09 22:31:53"
2342,258,2275,,active,,
2343,258,2276,,active,,
2344,238,2277,,active,,
2345,240,2278,,active,,
2346,100,2279,,active,,"2021-09-12 11:04:29"
2347,257,2280,,active,,
2348,258,2281,,active,,
2349,236,2282,,active,,
2350,232,2283,,active,,
2351,236,2284,,active,,
2352,233,2285,,active,,
2353,236,2286,,active,,
2354,236,2287,,active,,
2356,239,2289,,active,,
2357,233,2290,,active,,"2021-09-13 09:14:11"
2358,237,2291,,active,,
2359,233,2292,,active,,"2021-09-13 09:21:33"
2360,233,2293,,active,,
2361,238,2294,,active,,
2362,232,2295,,active,,
2363,238,2296,,active,,
2364,235,2297,,active,,
2365,232,2298,,active,,
2366,235,2299,,active,,
2367,235,2300,,active,,
2368,232,2301,,active,,
2369,257,2302,,active,,
2370,257,2303,,active,,
2371,258,2304,,active,,
2372,240,2305,,active,,
2373,239,2306,,active,,"2021-09-13 20:35:25"
2375,257,2308,,active,,
2376,238,2309,,active,,
2377,231,2310,,active,,"2021-09-14 19:28:21"
2378,257,2311,,active,,
2381,257,2314,,active,,
2382,258,2315,,active,,
2383,239,2316,,active,,"2021-09-15 08:48:18"
2384,257,2317,,active,,
2385,231,2318,,active,,"2021-09-15 09:27:10"
2387,257,2320,,active,,
2388,258,2321,,active,,
2389,262,2322,,active,,
2390,266,2323,,active,,
2391,263,2324,,active,,
2393,266,2326,,active,,
2394,264,2327,,active,,
2395,259,2328,,active,,
2396,259,2329,,active,,
2397,263,2330,,active,,
2399,266,2332,,active,,
2400,263,2333,,active,,
2401,259,2334,,active,,
2402,263,2335,,active,,
2403,262,2336,,active,,
2404,263,2337,,active,,
2405,231,2338,,active,,"2021-09-16 13:31:33"
2406,232,2339,,active,,"2021-09-16 13:32:47"
2407,231,2340,,active,,"2021-09-16 13:43:35"
2408,231,2341,,active,,"2021-09-16 13:47:08"
2409,260,2342,,active,,
2410,260,2343,,active,,
2411,263,2344,,active,,
2412,259,2345,,active,,
2413,260,2346,,active,,
2414,233,2347,,active,,"2021-09-16 18:56:02"
2415,233,2348,,active,,"2021-09-16 18:56:51"
2416,234,2349,,active,,"2021-09-16 18:57:26"
2417,264,2350,,active,,
2418,264,2351,,active,,
2419,231,2352,,active,,"2021-09-16 19:42:03"
2420,259,2353,,active,,
2421,260,2354,,active,,
2422,257,2355,,active,,
2423,260,2356,,active,,
2424,260,2357,,active,,
2425,263,2358,,active,,
2426,261,2359,,active,,
2427,259,2360,,active,,
2428,265,2361,,active,,
2429,266,2362,,active,,
2430,265,2363,,active,,
2431,265,2364,,active,,
2432,262,2365,,active,,
2435,260,2368,,active,,
2436,264,2369,,active,,
2437,260,2370,,active,,
2438,264,2371,,active,,
2439,259,2372,,active,,
2440,265,2373,,active,,
2441,261,2374,,active,,
2442,261,2375,,active,,
2443,261,2376,,active,,
2444,265,2377,,active,,
2446,259,2379,,active,,
2447,263,2380,,active,,
2449,263,2382,,active,,
2450,263,2383,,active,,
2452,263,2385,,active,,
2453,262,2386,,active,,
2454,259,2387,,active,,
2455,261,2388,,active,,
2456,264,2389,,active,,
2458,261,2391,,active,,
2459,261,2392,,active,,
2460,263,2393,,active,,
2461,266,2394,,active,,
2462,266,2395,,active,,
2463,259,2396,,active,,
2464,259,2397,,active,,
2465,260,2398,,active,,
2466,260,2399,,active,,
2467,260,2400,,active,,
2468,262,2401,,active,,
2469,265,2402,,active,,
2470,263,2403,,active,,
2471,264,2404,,active,,
2472,260,2405,,active,,
2473,265,2406,,active,,
2474,263,2407,,active,,
2475,259,2408,,active,,
2477,263,2410,,active,,
2478,262,2411,,active,,
2479,260,2412,,active,,
2480,264,2413,,active,,
2481,260,2414,,active,,
2482,261,2415,,active,,
2483,259,2416,,active,,
2484,264,2417,,active,,
2485,261,2418,,active,,
2486,263,2419,,active,,
2487,263,2420,,active,,
2488,266,2421,,active,,
2489,260,2422,,active,,
2490,262,2423,,active,,
2491,259,2424,,active,,
2492,260,2425,,active,,
2493,265,2426,,active,,
2494,264,2427,,active,,
2495,260,2428,,active,,
2496,266,2429,,active,,
2497,265,2430,,active,,
2498,265,2431,,active,,
2499,265,2432,,active,,
2500,263,2433,,active,,
2501,266,2434,,active,,
2502,263,2435,,active,,
2503,265,2436,,active,,
2504,263,2437,,active,,
2505,262,2438,,active,,
2506,264,2439,,active,,
2507,266,2440,,active,,
2508,266,2441,,active,,
2509,264,2442,,active,,
2510,259,2443,,active,,
2511,262,2444,,active,,
2512,264,2445,,active,,
2513,260,2446,,active,,
2514,262,2447,,active,,
2515,266,2448,,active,,
2516,262,2449,,active,,
2517,266,2450,,active,,
2518,259,2451,,active,,
2519,260,2452,,active,,
2520,266,2453,,active,,
2521,259,2454,,active,,
2522,262,2455,,active,,
2523,262,2456,,active,,
2524,266,2457,,active,,
2525,266,2458,,active,,
2526,266,2459,,active,,
2527,261,2460,,active,,
2528,262,2461,,active,,
2529,265,2462,,active,,
2530,259,2463,,active,,
2531,264,2464,,active,,
2532,263,2465,,active,,
2533,263,2466,,active,,
2534,260,2467,,active,,
2535,259,2468,,active,,
2536,263,2469,,active,,"2021-10-13 09:29:46"
2537,265,2470,,active,,"2021-10-13 09:32:36"
2538,265,2471,,active,,"2021-10-13 11:22:25"
2539,264,2472,,active,,"2021-10-13 11:23:24"
2540,261,2473,,active,,"2021-10-13 14:03:42"
2541,265,2474,,active,,"2021-10-14 08:08:26"
2542,259,2475,,active,,"2021-10-14 08:08:49"
2543,262,2476,,active,,"2021-10-14 09:16:41"
2544,259,2477,,active,,"2021-10-14 10:18:47"
2545,266,2478,,active,,"2021-10-14 11:19:00"
2546,262,2479,,active,,"2021-10-14 12:06:24"
2547,267,2480,,active,,
2548,270,2481,,active,,
2549,272,2482,,active,,
2551,267,2484,,active,,
2552,269,2485,,active,,
2553,269,2486,,active,,"2021-10-18 10:09:04"
2554,269,2487,,active,,
2555,269,2488,,active,,
2557,268,2490,,active,,
2558,267,2491,,active,,
2559,270,2492,,active,,
2560,271,2493,,active,,
2561,268,2494,,active,,
2562,269,2495,,active,,
2564,270,2497,,active,,
2565,269,2498,,active,,
2566,269,2499,,active,,
2567,267,2500,,active,,
2570,289,2503,,active,,
2571,284,2504,,active,,
2572,291,2505,,active,,
2574,281,2507,,active,,
2576,290,2509,,active,,
2577,269,2510,,active,,
2578,278,2511,,active,,
2579,290,2512,,active,,
2580,293,2513,,active,,
2581,286,2514,,active,,
2582,269,2515,,active,,
2583,282,2516,,active,,
2585,271,2518,,active,,
2586,271,2519,,active,,
2587,278,2520,,active,,
2588,282,2521,,active,,
2589,277,2522,,active,,
2590,281,2523,,active,,
2591,282,2524,,active,,
2592,280,2525,,active,,
2593,286,2526,,active,,
2594,270,2527,,active,,
2595,290,2528,,active,,
2596,281,2529,,active,,
2597,270,2530,,active,,
2598,281,2531,,active,,
2599,281,2532,,active,,
2600,267,2533,,active,,
2601,287,2534,,active,,
2602,288,2535,,active,,
2603,267,2536,,active,,
2604,282,2537,,active,,
2605,277,2538,,active,,
2606,271,2539,,active,,
2607,283,2540,,active,,
2608,289,2541,,active,,
2609,294,2542,,active,,
2610,286,2543,,active,,
2611,269,2544,,active,,
2612,288,2545,,active,,
2613,284,2546,,active,,
2614,292,2547,,active,,
2615,267,2548,,active,,
2616,292,2549,,active,,
2618,288,2551,,active,,
2619,281,2552,,active,,
2620,277,2553,,active,,
2621,281,2554,,active,,
2622,269,2555,,active,,
2623,285,2556,,active,,
2624,286,2557,,active,,
2625,277,2558,,active,,
2626,281,2559,,active,,
2627,277,2560,,active,,
2628,286,2561,,active,,
2629,278,2562,,active,,
2630,285,2563,,active,,
2631,281,2564,,active,,
2632,284,2565,,active,,
2633,278,2566,,active,,
2634,280,2567,,active,,
2635,292,2568,,active,,
2636,290,2569,,active,,
2637,284,2570,,active,,
2638,284,2571,,active,,
2639,284,2572,,active,,
2640,292,2573,,active,,
2641,281,2574,,active,,
2642,284,2575,,active,,
2643,290,2576,,active,,
2644,291,2577,,active,,
2645,279,2578,,active,,
2646,289,2579,,active,,
2647,279,2580,,active,,
2648,281,2581,,active,,
2649,281,2582,,active,,
2650,277,2583,,active,,
2651,277,2584,,active,,
2652,286,2585,,active,,
2653,278,2586,,active,,
2654,281,2587,,active,,
2655,289,2588,,active,,
2656,280,2589,,active,,
2657,285,2590,,active,,
2658,282,2591,,active,,
2659,282,2592,,active,,
2660,292,2593,,active,,
2661,278,2594,,active,,
2662,290,2595,,active,,
2663,280,2596,,active,,
2665,291,2598,,active,,
2666,281,2599,,active,,
2668,292,2601,,active,,
2669,281,2602,,active,,
2670,283,2603,,active,,
2671,267,2604,,active,,
2672,282,2605,,active,,
2673,277,2606,,active,,
2674,284,2607,,active,,
2676,289,2609,,active,,
2677,280,2610,,active,,
2678,282,2611,,active,,
2679,277,2612,,active,,
2680,291,2613,,active,,
2681,282,2614,,active,,
2682,279,2615,,active,,
2683,281,2616,,active,,
2684,277,2617,,active,,
2685,277,2618,,active,,
2686,280,2619,,active,,
2687,291,2620,,active,,
2688,282,2621,,active,,
2689,278,2622,,active,,
2690,284,2623,,active,,
2691,271,2624,,active,,
2692,268,2625,,active,,
2693,271,2626,,active,,
2694,271,2627,,active,,
2695,277,2628,,active,,
2696,285,2629,,active,,
2697,269,2630,,active,,
2698,287,2631,,active,,
2699,288,2632,,active,,
2700,267,2633,,active,,
2701,267,2634,,active,,
2702,285,2635,,active,,"2021-11-09 08:27:38"
2703,286,2636,,active,,"2021-11-09 08:28:35"
2704,283,2637,,active,,"2021-11-09 08:30:11"
2705,283,2638,,active,,"2021-11-09 08:32:47"
2706,290,2639,,active,,"2021-11-09 08:33:20"
2707,285,2640,,active,,"2021-11-09 08:37:01"
2708,279,2641,,active,,"2021-11-09 08:38:42"
2709,290,2642,,active,,"2021-11-09 08:40:06"
2710,279,2643,,active,,"2021-11-09 09:06:09"
2711,279,2644,,active,,"2021-11-09 09:06:45"
2712,280,2645,,active,,"2021-11-09 09:08:12"
2714,284,2647,,active,,"2021-11-10 12:02:21"
2715,282,2648,,active,,"2021-11-10 21:19:15"
2716,284,2649,,active,,"2021-11-10 21:26:21"
2717,280,2650,,active,,"2021-11-10 21:31:48"
2718,267,2651,,active,,
2719,270,2652,,active,,
2720,267,2653,,active,,
2721,270,2654,,active,,
2722,268,2655,,active,,
2723,272,2656,,active,,
2724,271,2657,,active,,
2725,298,2658,,active,,
2726,298,2659,,active,,
2727,298,2660,,active,,
2728,300,2661,,active,,
2729,302,2662,,active,,
2730,302,2663,,active,,
2731,297,2664,,active,,
2732,298,2665,,active,,
2733,300,2666,,active,,
2734,300,2667,,active,,
2735,302,2668,,active,,
2736,297,2669,,active,,
2737,301,2670,,active,,
2739,299,2672,,active,,
2740,302,2673,,active,,
2741,298,2674,,active,,
2742,298,2675,,active,,
2743,298,2676,,active,,
2744,302,2677,,active,,
2745,301,2678,,active,,
2746,298,2679,,active,,
2747,302,2680,,active,,
2748,297,2681,,active,,
2749,301,2682,,active,,
2750,300,2683,,active,,
2751,302,2684,,active,,
2752,298,2685,,active,,
2753,299,2686,,active,,
2754,298,2687,,active,,
2755,301,2688,,active,,
2756,301,2689,,active,,
2757,302,2690,,active,,
2759,298,2692,,active,,
2760,301,2693,,active,,
2761,299,2694,,active,,
2762,297,2695,,active,,
2763,300,2696,,active,,
2764,302,2697,,active,,
2765,301,2698,,active,,
2766,299,2699,,active,,
2767,300,2700,,active,,
2768,301,2701,,active,,
2769,298,2702,,active,,
2770,302,2703,,active,,
2771,297,2704,,active,,
2772,299,2705,,active,,
2773,301,2706,,active,,
2774,299,2707,,active,,
2775,302,2708,,active,,
2776,297,2709,,active,,
2777,298,2710,,active,,
2778,297,2711,,active,,
2779,299,2712,,active,,
2780,301,2713,,active,,
2781,267,2714,,active,,
2782,267,2715,,active,,
2783,297,2716,,active,,
2784,299,2717,,active,,
2785,299,2718,,active,,
2786,297,2719,,active,,
2787,302,2720,,active,,
2788,297,2721,,active,,
2789,299,2722,,active,,
2790,302,2723,,active,,
2791,298,2724,,active,,
2792,301,2725,,active,,
2793,298,2726,,active,,
2794,301,2727,,active,,
2795,302,2728,,active,,
2796,297,2729,,active,,
2797,301,2730,,active,,
2798,299,2731,,active,,
2799,300,2732,,active,,
2800,300,2733,,active,,
2801,301,2734,,active,,
2802,297,2735,,active,,
2803,301,2736,,active,,
2804,297,2737,,active,,"2021-11-17 08:00:41"
2805,298,2738,,active,,
2806,299,2739,,active,,
2807,300,2740,,active,,
2808,301,2741,,active,,
2809,269,2742,,active,,
2810,299,2743,,active,,
2811,267,2744,,active,,
2812,298,2745,,active,,
2813,297,2746,,active,,
2815,298,2748,,active,,"2021-11-17 09:52:30"
2816,298,2749,,active,,"2021-11-17 09:55:02"
2817,300,2750,,active,,
2818,299,2751,,active,,
2819,301,2752,,active,,
2820,301,2753,,active,,
2821,300,2754,,active,,
2822,297,2755,,active,,
2823,302,2756,,active,,
2824,300,2757,,active,,
2825,301,2758,,active,,
2826,271,2759,,active,,
2827,301,2760,,active,,
2828,300,2761,,active,,
2829,300,2762,,active,,
2830,300,2763,,active,,
2831,297,2764,,active,,
2832,300,2765,,active,,
2833,297,2766,,active,,
2834,299,2767,,active,,
2835,302,2768,,active,,
2837,298,2770,,active,,
2838,298,2771,,active,,
2839,301,2772,,active,,
2840,302,2773,,active,,
2841,300,2774,,active,,
2842,302,2775,,active,,
2843,302,2776,,active,,
2844,269,2777,,active,,
2845,300,2778,,active,,
2846,300,2779,,active,,
2847,301,2780,,active,,
2848,297,2781,,active,,
2849,299,2782,,active,,
2850,300,2783,,active,,
2851,297,2784,,active,,
2852,299,2785,,active,,
2853,300,2786,,active,,
2854,299,2787,,active,,
2855,272,2788,,active,,
2856,270,2789,,active,,
2857,268,2790,,active,,
2858,300,2791,,active,,
2859,297,2792,,active,,
2860,302,2793,,active,,
2861,298,2794,,active,,
2862,297,2795,,active,,
2863,302,2796,,active,,
2864,300,2797,,active,,
2866,301,2799,,active,,
2867,300,2800,,active,,
2868,297,2801,,active,,
2869,298,2802,,active,,
2870,302,2803,,active,,
2871,298,2804,,active,,
2872,302,2805,,active,,
2873,299,2806,,active,,
2874,297,2807,,active,,
2875,299,2808,,active,,
2877,297,2810,,active,,
2878,272,2811,,active,,
2879,301,2812,,active,,
2880,298,2813,,active,,
2881,299,2814,,active,,
2882,302,2815,,active,,
2883,299,2816,,active,,
2884,298,2817,,active,,
2885,302,2818,,active,,
2886,302,2819,,active,,
2887,298,2820,,active,,"2021-11-21 13:04:03"
2888,300,2821,,active,,
2889,300,2822,,active,,
2890,299,2823,,active,,
2891,300,2824,,active,,
2892,300,2825,,active,,
2893,299,2826,,active,,
2894,299,2827,,active,,
2895,298,2828,,active,,
2896,298,2829,,active,,
2897,300,2830,,active,,
2898,297,2831,,active,,
2899,297,2832,,active,,
2900,298,2833,,active,,"2021-11-22 08:45:07"
2901,299,2834,,active,,
2902,300,2835,,active,,
2903,297,2836,,active,,
2904,297,2837,,active,,
2906,297,2839,,active,,
2907,302,2840,,active,,
2908,299,2841,,active,,
2909,299,2842,,active,,
2910,300,2843,,active,,
2911,297,2844,,active,,
2912,267,2845,,active,,
2913,271,2846,,active,,
2914,271,2847,,active,,
2915,269,2848,,active,,
2916,302,2849,,active,,
2917,297,2850,,active,,
2918,300,2851,,active,,
2919,302,2852,,active,,
2920,301,2853,,active,,
2921,302,2854,,active,,
2922,301,2855,,active,,
2923,301,2856,,active,,
2924,271,2857,,active,,
2925,270,2858,,active,,
2926,271,2859,,active,,
2927,269,2860,,active,,
2928,269,2861,,active,,
2929,271,2862,,active,,
2930,268,2863,,active,,
2931,269,2864,,active,,
2932,269,2865,,active,,
2933,269,2866,,active,,
2934,301,2867,,active,,
2935,267,2868,,active,,
2936,299,2869,,active,,
2937,298,2870,,active,,
2938,268,2871,,active,,
2939,267,2872,,active,,
2940,302,2873,,active,,
2941,299,2874,,active,,
2942,299,2875,,active,,
2943,267,2876,,active,,
2944,270,2877,,active,,
2945,299,2878,,active,,
2946,301,2879,,active,,
2947,298,2880,,active,,
2950,297,2883,,active,,
2951,301,2884,,active,,"2021-12-02 17:30:00"
2952,309,2885,,active,,"2021-12-08 10:50:12"
2953,308,2886,,active,,"2021-12-08 12:23:06"
2954,309,2887,,active,,"2021-12-08 12:23:34"
2955,309,2888,,active,,"2021-12-08 12:25:59"
2956,309,2889,,active,,"2021-12-08 12:26:18"
2959,308,2892,,active,,"2021-12-08 12:53:29"
2960,308,2893,,active,,"2021-12-08 12:56:56"
2963,308,2896,,active,,"2021-12-08 15:25:34"
2967,309,2900,,active,,"2021-12-08 18:41:45"
2970,310,2903,,active,,
2975,310,2908,,active,,
2976,307,2909,,active,,
2977,306,2910,,active,,
2978,306,2911,,active,,
2979,316,2912,,active,,
2980,322,2913,,active,,"2021-12-09 09:05:15"
2981,324,2914,,active,,"2021-12-09 09:05:35"
2982,326,2915,,active,,"2021-12-09 09:06:14"
2983,319,2916,,active,,
2984,310,2917,,active,,
2985,305,2918,,active,,
2986,305,2919,,active,,
2987,305,2920,,active,,
2988,308,2921,,active,,"2021-12-09 14:31:20"
2989,305,2922,,active,,
2990,305,2923,,active,,
2991,318,2924,,active,,
2992,310,2925,,active,,
2993,306,2926,,active,,
2994,316,2927,,active,,
2995,324,2928,,active,,
2996,304,2929,,active,,
2997,316,2930,,active,,
2998,325,2931,,active,,
2999,306,2932,,active,,
3000,319,2933,,active,,
3001,324,2934,,active,,
3002,316,2935,,active,,
3003,316,2936,,active,,
3004,325,2937,,active,,
3005,303,2938,,active,,
3006,323,2939,,active,,
3007,316,2940,,active,,
3008,324,2941,,active,,
3009,322,2942,,active,,
3010,309,2943,,active,,"2021-12-13 08:45:45"
3011,309,2944,,active,,"2021-12-13 08:46:37"
3012,307,2945,,active,,
3013,304,2946,,active,,
3014,329,2947,,active,,
3015,323,2948,,active,,
3016,323,2949,,active,,
3018,306,2951,,active,,
3019,316,2952,,active,,
3020,323,2953,,active,,
3021,306,2954,,active,,
3022,324,2955,,active,,
3023,325,2956,,active,,
3024,323,2957,,active,,
3025,323,2958,,active,,
3026,312,2959,,active,,
3027,313,2960,,active,,
3028,323,2961,,active,,
3029,322,2962,,active,,
3030,325,2963,,active,,
3031,308,2964,,active,,"2021-12-13 20:08:41"
3033,309,2966,,active,,"2021-12-13 20:09:56"
3034,326,2967,,active,,
3035,323,2968,,active,,
3036,328,2969,,active,,
3037,323,2970,,active,,
3038,306,2971,,active,,
3039,322,2972,,active,,
3040,323,2973,,active,,
3041,322,2974,,active,,
3042,322,2975,,active,,
3043,330,2976,,active,,
3044,330,2977,,active,,
3045,327,2978,,active,,
3046,328,2979,,active,,
3047,328,2980,,active,,
3048,325,2981,,active,,
3050,324,2983,,active,,
3051,322,2984,,active,,
3052,325,2985,,active,,
3053,305,2986,,active,,
3054,306,2987,,active,,
3055,308,2988,,active,,"2021-12-16 12:50:35"
3056,328,2989,,active,,
3058,319,2991,,active,,
3059,304,2992,,active,,
3060,306,2993,,active,,
3061,328,2994,,active,,
3062,323,2995,,active,,
3063,326,2996,,active,,
3066,328,2999,,active,,
3067,305,3000,,active,,
3068,305,3001,,active,,
3069,328,3002,,active,,
3070,316,3003,,active,,
3071,305,3004,,active,,
3073,328,3006,,active,,
3074,311,3007,,active,,
3075,317,3008,,active,,
3076,325,3009,,active,,
3077,325,3010,,active,,
3078,325,3011,,active,,
3079,328,3012,,active,,
3080,304,3013,,active,,
3082,328,3015,,active,,
3083,330,3016,,active,,
3084,325,3017,,active,,
3085,311,3018,,active,,
3086,328,3019,,active,,
3087,330,3020,,active,,
3089,330,3022,,active,,
3090,311,3023,,active,,
3091,327,3024,,active,,
3092,328,3025,,active,,
3093,330,3026,,active,,
3094,313,3027,,active,,
3095,327,3028,,active,,
3096,306,3029,,active,,
3097,327,3030,,active,,
3098,328,3031,,active,,
3099,304,3032,,active,,
3100,327,3033,,active,,
3101,328,3034,,active,,
3102,317,3035,,active,,
3103,323,3036,,active,,
3104,326,3037,,active,,
3105,317,3038,,active,,
3107,329,3040,,active,,
3109,306,3042,,active,,
3110,325,3043,,active,,
3111,325,3044,,active,,
3112,325,3045,,active,,
3113,310,3046,,active,,
3115,328,3048,,active,,
3116,304,3049,,active,,
3117,326,3050,,active,,
3118,306,3051,,active,,
3119,328,3052,,active,,
3120,311,3053,,active,,
3121,328,3054,,active,,
3122,324,3055,,active,,
3123,322,3056,,active,,
3124,303,3057,,active,,
3125,323,3058,,active,,
3127,311,3060,,active,,
3128,305,3061,,active,,
3129,328,3062,,active,,
3130,328,3063,,active,,
3131,324,3064,,active,,
3132,316,3065,,active,,
3133,304,3066,,active,,
3134,307,3067,,active,,
3135,324,3068,,active,,
3136,326,3069,,active,,
3137,325,3070,,active,,
3138,330,3071,,active,,
3139,324,3072,,active,,
3140,325,3073,,active,,
3141,325,3074,,active,,
3142,328,3075,,active,,
3143,317,3076,,active,,
3144,329,3077,,active,,
3145,306,3078,,active,,
3146,325,3079,,active,,
3148,318,3081,,active,,
3149,329,3082,,active,,
3150,303,3083,,active,,
3151,306,3084,,active,,
3152,317,3085,,active,,
3153,327,3086,,active,,
3154,327,3087,,active,,
3155,323,3088,,active,,
3156,306,3089,,active,,
3157,304,3090,,active,,
3158,327,3091,,active,,
3159,328,3092,,active,,
3160,306,3093,,active,,
3161,327,3094,,active,,
3162,328,3095,,active,,
3163,330,3096,,active,,
3164,330,3097,,active,,
3165,319,3098,,active,,
3166,319,3099,,active,,
3167,304,3100,,active,,
3168,307,3101,,active,,
3169,323,3102,,active,,
3170,324,3103,,active,,
3171,327,3104,,active,,
3172,305,3105,,active,,
3173,306,3106,,active,,
3174,303,3107,,active,,
3175,324,3108,,active,,
3176,324,3109,,active,,
3177,325,3110,,active,,
3178,324,3111,,active,,
3179,304,3112,,active,,
3180,325,3113,,active,,
3181,324,3114,,active,,
3182,327,3115,,active,,
3183,307,3116,,active,,
3184,324,3117,,active,,
3185,303,3118,,active,,
3186,326,3119,,active,,
3187,326,3120,,active,,
3188,324,3121,,active,,
3189,324,3122,,active,,
3190,306,3123,,active,,
3191,327,3124,,active,,
3192,316,3125,,active,,
3193,307,3126,,active,,
3194,324,3127,,active,,
3196,325,3129,,active,,
3197,325,3130,,active,,
3198,325,3131,,active,,
3199,307,3132,,active,,
3200,310,3133,,active,,
3201,304,3134,,active,,
3202,327,3135,,active,,
3204,328,3137,,active,,
3205,326,3138,,active,,
3206,326,3139,,active,,
3207,326,3140,,active,,
3209,328,3142,,active,,
3210,305,3143,,active,,
3211,307,3144,,active,,
3212,323,3145,,active,,
3213,326,3146,,active,,
3214,324,3147,,active,,
3215,307,3148,,active,,
3216,304,3149,,active,,
3219,307,3152,,active,,
3220,304,3153,,active,,
3221,324,3154,,active,,
3222,324,3155,,active,,
3223,306,3156,,active,,
3224,324,3157,,active,,
3225,323,3158,,active,,
3227,323,3160,,active,,
3228,325,3161,,active,,
3229,306,3162,,active,,
3230,324,3163,,active,,
3231,322,3164,,active,,"2022-01-06 15:24:30"
3233,328,3166,,active,,
3234,306,3167,,active,,
3235,306,3168,,active,,
3236,328,3169,,active,,
3237,306,3170,,active,,
3238,327,3171,,active,,
3239,304,3172,,active,,
3241,329,3174,,active,,
3242,327,3175,,active,,
3245,307,3178,,active,,"2022-01-07 10:54:53"
3246,305,3179,,active,,"2022-01-07 10:56:02"
3247,307,3180,,active,,"2022-01-07 11:00:17"
3248,325,3181,,active,,"2022-01-07 11:01:29"
3249,304,3182,,active,,"2022-01-07 11:02:03"
3250,310,3183,,active,,
3251,327,3184,,active,,
3252,323,3185,,active,,"2022-01-07 11:38:29"
3253,328,3186,,active,,
3254,328,3187,,active,,
3255,328,3188,,active,,
3257,329,3190,,active,,
3258,329,3191,,active,,
3259,328,3192,,active,,
3260,327,3193,,active,,
3261,310,3194,,active,,
3262,329,3195,,active,,
3264,325,3197,,active,,"2022-01-09 16:10:43"
3265,307,3198,,active,,"2022-01-09 16:18:20"
3266,317,3199,,active,,
3267,328,3200,,active,,
3268,328,3201,,active,,
3269,328,3202,,active,,
3270,328,3203,,active,,
3271,310,3204,,active,,
3272,327,3205,,active,,
3273,310,3206,,active,,
3274,327,3207,,active,,
3275,327,3208,,active,,
3276,310,3209,,active,,
3277,313,3210,,active,,
3279,330,3212,,active,,
3280,317,3213,,active,,
3281,328,3214,,active,,
3282,329,3215,,active,,
3283,328,3216,,active,,
3284,311,3217,,active,,
3285,328,3218,,active,,
3286,329,3219,,active,,
3287,303,3220,,active,,"2022-01-10 18:14:32"
3288,327,3221,,active,,
3289,316,3222,,active,,
3290,330,3223,,active,,
3291,310,3224,,active,,
3292,327,3225,,active,,
3293,328,3226,,active,,
3294,330,3227,,active,,
3296,327,3229,,active,,
3297,316,3230,,active,,
3298,305,3231,,active,,"2022-01-11 18:03:03"
3299,324,3232,,active,,"2022-01-11 18:03:41"
3300,326,3233,,active,,"2022-01-11 18:04:44"
3301,325,3234,,active,,"2022-01-11 18:05:16"
3302,325,3235,,active,,"2022-01-11 18:05:41"
3303,311,3236,,active,,
3304,330,3237,,active,,
3305,311,3238,,active,,
3306,311,3239,,active,,
3307,316,3240,,active,,
3308,311,3241,,active,,
3309,310,3242,,active,,
3310,327,3243,,active,,
3311,327,3244,,active,,
3312,328,3245,,active,,
3313,329,3246,,active,,
3314,328,3247,,active,,
3315,311,3248,,active,,
3316,327,3249,,active,,
3318,317,3251,,active,,
3319,328,3252,,active,,
3320,329,3253,,active,,
3321,310,3254,,active,,
3322,327,3255,,active,,
3323,315,3256,,active,,
3324,311,3257,,active,,
3325,311,3258,,active,,
3326,311,3259,,active,,
3327,311,3260,,active,,
3328,311,3261,,active,,
3331,317,3264,,active,,
3332,311,3265,,active,,
3333,328,3266,,active,,
3334,316,3267,,active,,
3335,327,3268,,active,,
3337,315,3270,,active,,
3338,313,3271,,active,,
3339,312,3272,,active,,
3341,329,3274,,active,,
3342,328,3275,,active,,
3343,317,3276,,active,,
3346,330,3279,,active,,
3347,315,3280,,active,,
3349,313,3282,,active,,
3350,316,3283,,active,,
3351,310,3284,,active,,
3352,310,3285,,active,,
3353,327,3286,,active,,
3354,329,3287,,active,,
3357,311,3290,,active,,
3358,311,3291,,active,,
3359,328,3292,,active,,
3360,310,3293,,active,,
3361,328,3294,,active,,
3363,330,3296,,active,,
3364,321,3297,,active,,
3366,327,3299,,active,,
3367,313,3300,,active,,
3368,313,3301,,active,,
3369,327,3302,,active,,
3370,328,3303,,active,,
3371,329,3304,,active,,
3372,327,3305,,active,,
3373,310,3306,,active,,
3375,316,3308,,active,,
3376,316,3309,,active,,
3377,316,3310,,active,,
3379,311,3312,,active,,
3380,328,3313,,active,,
3382,330,3315,,active,,
3383,330,3316,,active,,
3384,330,3317,,active,,
3385,328,3318,,active,,"2022-01-15 16:00:49"
3386,330,3319,,active,,
3387,328,3320,,active,,
3388,327,3321,,active,,
3389,330,3322,,active,,
3390,328,3323,,active,,
3391,327,3324,,active,,
3392,329,3325,,active,,
3393,330,3326,,active,,
3394,328,3327,,active,,
3395,310,3328,,active,,
3396,327,3329,,active,,
3398,317,3331,,active,,
3399,308,3332,,active,,"2022-01-17 13:32:42"
3401,312,3334,,active,,
3403,328,3336,,active,,
3404,328,3337,,active,,
3405,327,3338,,active,,
3406,310,3339,,active,,
3407,309,3340,,active,,"2022-01-17 20:46:10"
3408,330,3341,,active,,
3409,308,3342,,active,,"2022-01-18 07:59:08"
3410,329,3343,,active,,
3411,308,3344,,active,,"2022-01-18 10:50:14"
3413,312,3346,,active,,
3415,309,3348,,active,,"2022-01-18 12:34:54"
3416,309,3349,,active,,"2022-01-18 13:20:19"
3417,328,3350,,active,,
3418,330,3351,,active,,
3419,308,3352,,active,,"2022-01-18 14:43:25"
3420,328,3353,,active,,
3421,327,3354,,active,,
3422,329,3355,,active,,
3423,329,3356,,active,,
3424,308,3357,,active,,"2022-01-18 17:27:52"
3425,327,3358,,active,,
3426,329,3359,,active,,
3427,313,3360,,active,,"2022-01-18 20:10:44"
3429,309,3362,,active,,"2022-01-18 22:38:23"
3430,309,3363,,active,,"2022-01-19 01:12:37"
3431,328,3364,,active,,
3433,313,3366,,active,,"2022-01-19 10:16:49"
3434,329,3367,,active,,
3435,330,3368,,active,,
3438,308,3371,,active,,"2022-01-19 18:04:21"
3439,330,3372,,active,,
3440,311,3373,,active,,"2022-01-19 18:37:11"
3441,328,3374,,active,,
3442,329,3375,,active,,
3443,329,3376,,active,,
3444,330,3377,,active,,
3446,329,3379,,active,,
3447,330,3380,,active,,
3449,329,3382,,active,,"2022-01-20 11:16:17"
3450,327,3383,,active,,
3451,328,3384,,active,,
3452,328,3385,,active,,
3454,329,3387,,active,,
3455,330,3388,,active,,
3456,329,3389,,active,,
3457,328,3390,,active,,
3458,330,3391,,active,,
3459,327,3392,,active,,
3460,327,3393,,active,,
3461,327,3394,,active,,
3462,330,3395,,active,,
3463,327,3396,,active,,"2022-01-23 19:58:43"
3464,327,3397,,active,,"2022-01-23 19:59:24"
3465,327,3398,,active,,"2022-01-23 22:29:56"
3467,330,3400,,active,,"2022-01-24 11:00:44"
3468,330,3401,,active,,"2022-01-24 11:19:05"
3470,357,3403,,active,,
3471,335,3404,,active,,
3472,339,3405,,active,,
3473,333,3406,,active,,
3474,333,3407,,active,,
3475,348,3408,,active,,
3477,358,3410,,active,,
3478,340,3411,,active,,
3479,345,3412,,active,,
3480,328,3413,,active,,"2022-01-24 20:08:04"
3481,330,3414,,active,,"2022-01-24 20:08:31"
3482,345,3415,,active,,
3483,339,3416,,active,,
3486,333,3419,,active,,
3487,333,3420,,active,,
3488,347,3421,,active,,
3489,346,3422,,active,,
3491,339,3424,,active,,
3492,333,3425,,active,,
3493,329,3426,,active,,"2022-01-25 13:19:29"
3495,352,3428,,active,,
3497,357,3430,,active,,
3500,352,3433,,active,,
3501,340,3434,,active,,
3502,339,3435,,active,,
3503,354,3436,,active,,
3504,345,3437,,active,,
3505,354,3438,,active,,
3506,345,3439,,active,,
3507,347,3440,,active,,
3508,333,3441,,active,,
3512,350,3445,,active,,
3513,357,3446,,active,,
3514,351,3447,,active,,
3515,339,3448,,active,,
3516,333,3449,,active,,
3517,337,3450,,active,,
3518,329,3451,,active,,"2022-01-27 10:36:03"
3519,352,3452,,active,,
3520,350,3453,,active,,
3521,337,3454,,active,,
3523,334,3456,,active,,
3524,337,3457,,active,,
3525,334,3458,,active,,
3527,352,3460,,active,,
3529,340,3462,,active,,
3530,357,3463,,active,,
3531,351,3464,,active,,"2022-01-28 08:59:20"
3532,347,3465,,active,,
3533,351,3466,,active,,
3534,347,3467,,active,,
3535,351,3468,,active,,
3536,338,3469,,active,,
3537,352,3470,,active,,
3538,333,3471,,active,,
3539,348,3472,,active,,
3540,357,3473,,active,,
3542,349,3475,,active,,
3543,345,3476,,active,,
3544,337,3477,,active,,
3546,347,3479,,active,,
3547,348,3480,,active,,
3548,340,3481,,active,,"2022-01-31 08:26:21"
3551,337,3484,,active,,
3552,346,3485,,active,,
3553,348,3486,,active,,
3554,357,3487,,active,,
3555,347,3488,,active,,
3556,346,3489,,active,,
3557,339,3490,,active,,
3559,350,3492,,active,,
3560,351,3493,,active,,
3561,357,3494,,active,,
3562,346,3495,,active,,
3564,340,3497,,active,,
3565,352,3498,,active,,"2022-02-01 08:37:58"
3567,335,3500,,active,,
3568,351,3501,,active,,
3571,345,3504,,active,,
3572,349,3505,,active,,
3573,339,3506,,active,,
3574,346,3507,,active,,
3575,334,3508,,active,,
3577,348,3510,,active,,
3578,352,3511,,active,,
3579,333,3512,,active,,
3580,337,3513,,active,,
3581,347,3514,,active,,
3582,351,3515,,active,,
3583,357,3516,,active,,
3584,348,3517,,active,,
3585,356,3518,,active,,
3586,345,3519,,active,,
3587,348,3520,,active,,
3589,336,3522,,active,,
3590,348,3523,,active,,
3591,335,3524,,active,,
3592,346,3525,,active,,
3593,350,3526,,active,,
3594,346,3527,,active,,
3595,338,3528,,active,,
3596,349,3529,,active,,
3597,355,3530,,active,,
3598,349,3531,,active,,"2022-02-07 08:47:34"
3599,362,3532,,active,,
3600,351,3533,,active,,
3601,362,3534,,active,,
3602,361,3535,,active,,
3603,349,3536,,active,,
3604,345,3537,,active,,
3605,361,3538,,active,,
3606,361,3539,,active,,
3607,349,3540,,active,,
3608,362,3541,,active,,
3609,352,3542,,active,,
3610,361,3543,,active,,
3611,362,3544,,active,,
3612,362,3545,,active,,
3613,362,3546,,active,,
3615,340,3548,,active,,
3616,361,3549,,active,,
3617,362,3550,,active,,
3618,362,3551,,active,,
3620,354,3553,,active,,
3621,361,3554,,active,,
3622,358,3555,,active,,
3623,337,3556,,active,,
3624,346,3557,,active,,
3625,346,3558,,active,,
3626,348,3559,,active,,
3627,362,3560,,active,,
3628,358,3561,,active,,
3629,362,3562,,active,,
3630,347,3563,,active,,
3631,348,3564,,active,,
3633,362,3566,,active,,
3634,361,3567,,active,,
3635,350,3568,,active,,
3636,335,3569,,active,,
3637,346,3570,,active,,
3638,335,3571,,active,,
3639,351,3572,,active,,
3640,338,3573,,active,,
3641,361,3574,,active,,
3642,362,3575,,active,,
3643,361,3576,,active,,
3644,362,3577,,active,,
3645,347,3578,,active,,
3646,362,3579,,active,,
3647,335,3580,,active,,
3648,358,3581,,active,,
3649,362,3582,,active,,
3651,336,3584,,active,,
3652,361,3585,,active,,"2022-02-11 09:47:59"
3653,362,3586,,active,,"2022-02-11 09:48:11"
3654,335,3587,,active,,
3655,333,3588,,active,,
3656,337,3589,,active,,
3657,345,3590,,active,,
3658,347,3591,,active,,
3659,351,3592,,active,,
3660,335,3593,,active,,
3661,337,3594,,active,,
3662,347,3595,,active,,
3663,346,3596,,active,,
3664,353,3597,,active,,
3665,349,3598,,active,,
3666,352,3599,,active,,
3667,339,3600,,active,,
3668,347,3601,,active,,
3669,348,3602,,active,,
3670,348,3603,,active,,
3671,348,3604,,active,,
3672,336,3605,,active,,
3673,342,3606,,active,,
3674,356,3607,,active,,
3676,337,3609,,active,,"2022-02-15 06:03:33"
3677,347,3610,,active,,
3678,345,3611,,active,,
3679,336,3612,,active,,
3680,334,3613,,active,,
3681,334,3614,,active,,
3682,334,3615,,active,,
3684,351,3617,,active,,
3685,348,3618,,active,,
3686,352,3619,,active,,
3687,339,3620,,active,,
3688,335,3621,,active,,
3689,340,3622,,active,,
3690,348,3623,,active,,
3691,352,3624,,active,,
3692,351,3625,,active,,
3693,345,3626,,active,,
3694,351,3627,,active,,
3695,357,3628,,active,,
3696,346,3629,,active,,
3697,351,3630,,active,,
3699,350,3632,,active,,"2022-02-16 08:10:54"
3700,350,3633,,active,,
3701,347,3634,,active,,
3702,345,3635,,active,,
3703,351,3636,,active,,
3704,334,3637,,active,,
3705,337,3638,,active,,
3706,347,3639,,active,,
3707,345,3640,,active,,
3708,340,3641,,active,,
3710,355,3643,,active,,
3711,352,3644,,active,,
3712,355,3645,,active,,
3713,354,3646,,active,,
3714,342,3647,,active,,
3715,342,3648,,active,,
3716,351,3649,,active,,
3717,338,3650,,active,,
3718,352,3651,,active,,
3719,338,3652,,active,,
3720,352,3653,,active,,
3721,350,3654,,active,,
3722,355,3655,,active,,
3723,355,3656,,active,,
3724,340,3657,,active,,
3725,352,3658,,active,,
3726,352,3659,,active,,
3727,336,3660,,active,,
3728,358,3661,,active,,
3729,334,3662,,active,,
3730,345,3663,,active,,
3731,335,3664,,active,,
3732,338,3665,,active,,
3733,346,3666,,active,,
3734,357,3667,,active,,
3735,334,3668,,active,,
3736,333,3669,,active,,
3737,358,3670,,active,,
3738,336,3671,,active,,
3739,346,3672,,active,,
3740,345,3673,,active,,
3741,339,3674,,active,,
3742,347,3675,,active,,
3743,338,3676,,active,,
3744,346,3677,,active,,"2022-02-17 08:43:21"
3745,358,3678,,active,,
3746,351,3679,,active,,
3748,357,3681,,active,,
3751,358,3684,,active,,
3753,334,3686,,active,,"2022-02-18 11:07:26"
3755,339,3688,,active,,"2022-02-18 12:54:35"
3756,382,3689,,active,,
3757,379,3690,,active,,
3758,380,3691,,active,,
3759,382,3692,,active,,
3760,378,3693,,active,,
3761,378,3694,,active,,
3762,384,3695,,active,,
3764,365,3697,,active,,
3765,371,3698,,active,,
3766,346,3699,,active,,"2022-02-21 19:36:37"
3767,348,3700,,active,,"2022-02-21 19:37:38"
3768,349,3701,,active,,"2022-02-21 19:38:56"
3769,349,3702,,active,,"2022-02-21 19:41:31"
3770,333,3703,,active,,"2022-02-21 19:45:16"
3771,380,3704,,active,,
3773,364,3706,,active,,
3774,367,3707,,active,,
3776,365,3709,,active,,
3777,339,3710,,active,,"2022-02-23 09:54:48"
3778,349,3711,,active,,"2022-02-23 09:58:25"
3779,349,3712,,active,,"2022-02-23 10:40:31"
3780,336,3713,,active,,"2022-02-23 15:40:02"
3781,367,3714,,active,,
3782,336,3715,,active,,"2022-02-24 19:29:59"
3783,357,3716,,active,,"2022-02-24 19:31:34"
3786,358,3719,,active,,"2022-02-25 09:55:00"
3787,369,3720,,active,,
3788,390,3721,,active,,
3789,369,3722,,active,,
3790,365,3723,,active,,
3791,369,3724,,active,,
3792,374,3725,,active,,
3793,371,3726,,active,,
3795,369,3728,,active,,
3796,378,3729,,active,,
3797,371,3730,,active,,
3798,376,3731,,active,,
3800,363,3733,,active,,
3801,368,3734,,active,,
3802,376,3735,,active,,
3803,371,3736,,active,,
3804,365,3737,,active,,
3805,376,3738,,active,,
3806,376,3739,,active,,
3807,386,3740,,active,,
3808,369,3741,,active,,
3809,364,3742,,active,,
3810,368,3743,,active,,
3811,366,3744,,active,,
3812,364,3745,,active,,
3813,363,3746,,active,,
3814,364,3747,,active,,
3816,371,3749,,active,,
3817,364,3750,,active,,
3818,363,3751,,active,,
3819,381,3752,,active,,
3820,363,3753,,active,,
3821,380,3754,,active,,
3822,383,3755,,active,,
3823,376,3756,,active,,
3824,366,3757,,active,,
3825,365,3758,,active,,
3826,375,3759,,active,,
3828,384,3761,,active,,
3829,368,3762,,active,,
3830,379,3763,,active,,
3831,363,3764,,active,,
3832,368,3765,,active,,
3833,376,3766,,active,,
3834,376,3767,,active,,
3835,384,3768,,active,,
3836,385,3769,,active,,
3837,381,3770,,active,,
3838,381,3771,,active,,
3839,368,3772,,active,,
3841,383,3774,,active,,
3842,368,3775,,active,,
3843,374,3776,,active,,
3844,383,3777,,active,,
3845,387,3778,,active,,
3846,365,3779,,active,,
3847,380,3780,,active,,
3848,380,3781,,active,,
3849,382,3782,,active,,
3851,363,3784,,active,,
3852,363,3785,,active,,
3853,365,3786,,active,,
3854,371,3787,,active,,
3855,380,3788,,active,,
3856,381,3789,,active,,
3857,376,3790,,active,,
3858,378,3791,,active,,
3859,384,3792,,active,,
3860,369,3793,,active,,
3861,381,3794,,active,,
3862,381,3795,,active,,
3863,386,3796,,active,,
3864,365,3797,,active,,
3865,363,3798,,active,,
3866,371,3799,,active,,
3868,369,3801,,active,,
3869,379,3802,,active,,
3870,382,3803,,active,,
3871,364,3804,,active,,
3872,366,3805,,active,,
3873,376,3806,,active,,
3874,384,3807,,active,,
3875,376,3808,,active,,
3876,366,3809,,active,,
3877,363,3810,,active,,
3878,363,3811,,active,,
3879,367,3812,,active,,
3880,383,3813,,active,,
3881,364,3814,,active,,
3882,381,3815,,active,,
3883,366,3816,,active,,
3884,384,3817,,active,,
3885,363,3818,,active,,
3886,363,3819,,active,,
3887,386,3820,,active,,
3889,383,3822,,active,,
3890,383,3823,,active,,
3892,383,3825,,active,,
3893,393,3826,,active,,
3894,366,3827,,active,,
3895,372,3828,,active,,
3896,389,3829,,active,,
3897,372,3830,,active,,
3898,383,3831,,active,,
3899,383,3832,,active,,
3900,387,3833,,active,,
3901,389,3834,,active,,
3902,364,3835,,active,,
3903,389,3836,,active,,
3904,389,3837,,active,,
3905,389,3838,,active,,
3906,389,3839,,active,,
3907,389,3840,,active,,
3908,377,3841,,active,,
3909,387,3842,,active,,
3910,383,3843,,active,,
3911,369,3844,,active,,
3912,372,3845,,active,,
3913,369,3846,,active,,
3914,363,3847,,active,,
3915,369,3848,,active,,
3916,371,3849,,active,,
3917,382,3850,,active,,
3918,364,3851,,active,,
3919,384,3852,,active,,
3920,386,3853,,active,,
3921,384,3854,,active,,
3922,381,3855,,active,,
3923,383,3856,,active,,
3924,363,3857,,active,,
3926,366,3859,,active,,
3927,376,3860,,active,,
3929,382,3862,,active,,
3930,383,3863,,active,,
3931,363,3864,,active,,
3932,365,3865,,active,,
3933,383,3866,,active,,
3934,368,3867,,active,,
3935,381,3868,,active,,
3936,407,3869,,active,,
3938,374,3871,,active,,
3939,375,3872,,active,,
3940,369,3873,,active,,
3941,363,3874,,active,,
3943,376,3876,,active,,
3944,385,3877,,active,,
3945,380,3878,,active,,
3946,367,3879,,active,,
3947,382,3880,,active,,
3948,407,3881,,active,,
3949,366,3882,,active,,
3950,366,3883,,active,,
3951,375,3884,,active,,
3952,367,3885,,active,,
3953,367,3886,,active,,
3955,407,3888,,active,,
3959,363,3892,,active,,
3960,380,3893,,active,,
3961,380,3894,,active,,
3962,378,3895,,active,,
3963,374,3896,,active,,
3964,365,3897,,active,,
3965,365,3898,,active,,
3966,374,3899,,active,,
3967,397,3900,,active,,
3968,384,3901,,active,,
3969,372,3902,,active,,
3970,385,3903,,active,,
3971,364,3904,,active,,
3972,384,3905,,active,,
3974,383,3907,,active,,
3975,380,3908,,active,,
3976,407,3909,,active,,
3977,386,3910,,active,,
3978,364,3911,,active,,
3979,376,3912,,active,,
3980,372,3913,,active,,
3981,374,3914,,active,,
3982,370,3915,,active,,
3983,389,3916,,active,,
3984,402,3917,,active,,
3985,380,3918,,active,,"2022-03-06 22:00:15"
3986,402,3919,,active,,
3987,408,3920,,active,,
3988,407,3921,,active,,
3989,404,3922,,active,,
3991,408,3924,,active,,
3992,382,3925,,active,,"2022-03-07 20:34:42"
3993,366,3926,,active,,"2022-03-07 20:35:14"
3994,369,3927,,active,,"2022-03-07 20:37:11"
3995,369,3928,,active,,"2022-03-07 20:38:08"
3996,365,3929,,active,,"2022-03-07 20:40:16"
3997,376,3930,,active,,"2022-03-07 20:42:00"
3998,383,3931,,active,,"2022-03-07 20:42:30"
3999,367,3932,,active,,"2022-03-07 20:43:12"
4000,367,3933,,active,,"2022-03-07 20:44:40"
4001,363,3934,,active,,"2022-03-07 20:45:20"
4002,374,3935,,active,,"2022-03-07 20:46:54"
4003,376,3936,,active,,"2022-03-07 20:51:50"
4004,381,3937,,active,,"2022-03-07 20:54:52"
4005,382,3938,,active,,"2022-03-07 20:56:24"
4006,380,3939,,active,,"2022-03-07 20:57:38"
4007,372,3940,,active,,"2022-03-07 21:19:12"
4008,368,3941,,active,,"2022-03-07 21:19:49"
4009,366,3942,,active,,"2022-03-07 21:20:24"
4010,382,3943,,active,,"2022-03-07 21:21:55"
4012,392,3945,,active,,
4013,381,3946,,active,,"2022-03-08 11:05:07"
4014,424,3947,,active,,
4015,423,3948,,active,,
4016,363,3949,,active,,"2022-03-09 08:53:22"
4017,364,3950,,active,,"2022-03-09 08:53:58"
4018,366,3951,,active,,"2022-03-09 08:55:41"
4019,400,3952,,active,,
4020,396,3953,,active,,
4022,423,3955,,active,,
4023,378,3956,,active,,"2022-03-09 09:51:55"
4024,363,3957,,active,,"2022-03-09 10:09:04"
4025,398,3958,,active,,
4027,380,3960,,active,,"2022-03-09 20:33:37"
4028,381,3961,,active,,"2022-03-09 20:34:09"
4029,407,3962,,active,,
4030,401,3963,,active,,
4031,407,3964,,active,,
4032,424,3965,,active,,
4033,424,3966,,active,,
4034,425,3967,,active,,
4035,417,3968,,active,,"2022-03-11 08:47:27"
4036,415,3969,,active,,
4037,424,3970,,active,,
4039,392,3972,,active,,
4041,393,3974,,active,,
4042,398,3975,,active,,"2022-03-12 11:33:21"
4043,401,3976,,active,,
4044,401,3977,,active,,
4045,392,3978,,active,,
4046,417,3979,,active,,
4047,403,3980,,active,,
4048,406,3981,,active,,
4049,417,3982,,active,,
4050,417,3983,,active,,
4051,408,3984,,active,,
4052,424,3985,,active,,
4053,424,3986,,active,,
4054,398,3987,,active,,
4055,403,3988,,active,,
4056,406,3989,,active,,
4057,394,3990,,active,,
4058,392,3991,,active,,
4059,423,3992,,active,,
4060,424,3993,,active,,
4061,408,3994,,active,,
4062,453,3995,,active,,"2022-03-15 08:47:45"
4063,408,3996,,active,,
4064,416,3997,,active,,
4065,449,3998,,active,,
4066,407,3999,,active,,
4067,400,4000,,active,,
4068,398,4001,,active,,
4069,393,4002,,active,,
4071,453,4004,,active,,
4072,453,4005,,active,,
4073,444,4006,,active,,
4075,396,4008,,active,,
4076,404,4009,,active,,
4077,398,4010,,active,,
4078,418,4011,,active,,
4079,424,4012,,active,,
4080,397,4013,,active,,
4081,392,4014,,active,,
4082,397,4015,,active,,
4083,423,4016,,active,,
4084,423,4017,,active,,
4085,423,4018,,active,,
4086,406,4019,,active,,
4087,423,4020,,active,,
4088,402,4021,,active,,
4089,417,4022,,active,,
4090,441,4023,,active,,
4091,399,4024,,active,,
4092,400,4025,,active,,
4093,397,4026,,active,,
4094,404,4027,,active,,
4095,392,4028,,active,,
4096,396,4029,,active,,
4097,407,4030,,active,,
4098,442,4031,,active,,
4099,437,4032,,active,,
4100,392,4033,,active,,
4101,394,4034,,active,,
4102,403,4035,,active,,
4103,412,4036,,active,,
4117,417,4050,,active,,
4131,392,4064,,active,,
4133,409,4066,,active,,
4134,416,4067,,active,,
4135,392,4068,,active,,
4136,396,4069,,active,,
4138,392,4071,,active,,
4139,422,4072,,active,,
4140,411,4073,,active,,
4141,417,4074,,active,,
4142,398,4075,,active,,
4143,417,4076,,active,,
4144,393,4077,,active,,
4145,400,4078,,active,,
4146,401,4079,,active,,
4147,404,4080,,active,,
4148,407,4081,,active,,
4149,421,4082,,active,,
4151,393,4084,,active,,
4152,397,4085,,active,,
4153,393,4086,,active,,
4154,403,4087,,active,,
4155,406,4088,,active,,
4156,414,4089,,active,,
4157,398,4090,,active,,
4158,413,4091,,active,,
4159,418,4092,,active,,
4160,407,4093,,active,,
4161,415,4094,,active,,
4162,413,4095,,active,,
4164,415,4097,,active,,
4165,422,4098,,active,,
4166,421,4099,,active,,
4167,411,4100,,active,,
4169,442,4102,,active,,
4170,391,4103,,active,,
4171,392,4104,,active,,
4172,397,4105,,active,,
4173,408,4106,,active,,
4174,415,4107,,active,,
4175,406,4108,,active,,
4176,416,4109,,active,,
4177,415,4110,,active,,
4178,417,4111,,active,,
4179,411,4112,,active,,
4180,400,4113,,active,,
4181,398,4114,,active,,
4182,417,4115,,active,,
4183,398,4116,,active,,
4184,402,4117,,active,,
4185,422,4118,,active,,
4186,416,4119,,active,,
4187,398,4120,,active,,
4188,398,4121,,active,,
4189,408,4122,,active,,
4190,402,4123,,active,,
4191,413,4124,,active,,
4193,402,4126,,active,,
4194,405,4127,,active,,
4195,405,4128,,active,,
4196,401,4129,,active,,
4197,418,4130,,active,,
4198,442,4131,,active,,
4199,421,4132,,active,,
4200,417,4133,,active,,
4201,414,4134,,active,,
4202,410,4135,,active,,
4203,416,4136,,active,,
4204,393,4137,,active,,
4205,391,4138,,active,,
4206,422,4139,,active,,
4207,392,4140,,active,,
4208,415,4141,,active,,
4209,413,4142,,active,,
4210,393,4143,,active,,
4211,391,4144,,active,,
4212,397,4145,,active,,
4213,406,4146,,active,,
4214,415,4147,,active,,
4215,417,4148,,active,,
4216,415,4149,,active,,
4217,411,4150,,active,,
4218,401,4151,,active,,
4219,404,4152,,active,,
4220,414,4153,,active,,
4221,412,4154,,active,,
4222,429,4155,,active,,
4223,411,4156,,active,,"2022-03-31 17:35:47"
4224,412,4157,,active,,"2022-03-31 17:36:10"
4225,403,4158,,active,,
4226,404,4159,,active,,
4227,401,4160,,active,,
4228,413,4161,,active,,
4229,418,4162,,active,,
4230,418,4163,,active,,
4231,416,4164,,active,,
4232,397,4165,,active,,
4233,407,4166,,active,,
4234,414,4167,,active,,
4235,417,4168,,active,,
4236,404,4169,,active,,
4237,408,4170,,active,,
4238,401,4171,,active,,
4239,421,4172,,active,,
4240,416,4173,,active,,
4241,399,4174,,active,,
4242,398,4175,,active,,
4243,411,4176,,active,,
4244,399,4177,,active,,
4245,411,4178,,active,,
4246,413,4179,,active,,
4247,415,4180,,active,,
4248,402,4181,,active,,
4249,407,4182,,active,,
4250,418,4183,,active,,
4251,415,4184,,active,,
4252,422,4185,,active,,
4253,415,4186,,active,,
4254,415,4187,,active,,
4255,417,4188,,active,,
4256,403,4189,,active,,
4257,417,4190,,active,,
4258,411,4191,,active,,
4259,418,4192,,active,,
4260,412,4193,,active,,
4261,416,4194,,active,,
4262,421,4195,,active,,
4263,417,4196,,active,,
4264,417,4197,,active,,
4265,392,4198,,active,,
4266,397,4199,,active,,
4267,401,4200,,active,,
4268,405,4201,,active,,
4269,418,4202,,active,,
4271,426,4204,,active,,
4272,414,4205,,active,,
4273,392,4206,,active,,
4274,413,4207,,active,,
4275,418,4208,,active,,
4276,414,4209,,active,,
4277,411,4210,,active,,
4278,413,4211,,active,,
4279,422,4212,,active,,
4280,411,4213,,active,,
4281,421,4214,,active,,
4282,418,4215,,active,,
4283,409,4216,,active,,
4285,400,4218,,active,,
4286,398,4219,,active,,
4287,416,4220,,active,,
4288,410,4221,,active,,
4289,403,4222,,active,,
4290,422,4223,,active,,
4291,396,4224,,active,,
4292,408,4225,,active,,
4293,418,4226,,active,,
4294,414,4227,,active,,
4295,399,4228,,active,,
4296,409,4229,,active,,
4298,404,4231,,active,,
4299,413,4232,,active,,
4300,395,4233,,active,,
4301,418,4234,,active,,
4302,413,4235,,active,,
4305,405,4238,,active,,
4306,404,4239,,active,,
4308,396,4241,,active,,
4309,400,4242,,active,,
4311,402,4244,,active,,
4312,405,4245,,active,,
4313,408,4246,,active,,
4314,438,4247,,active,,
4316,417,4249,,active,,
4317,396,4250,,active,,
4318,411,4251,,active,,
4319,416,4252,,active,,
4320,431,4253,,active,,
4322,438,4255,,active,,
4323,429,4256,,active,,
4324,399,4257,,active,,
4325,408,4258,,active,,"2022-04-04 21:18:58"
4326,405,4259,,active,,"2022-04-04 21:24:04"
4327,402,4260,,active,,"2022-04-04 21:26:06"
4328,437,4261,,active,,
4329,400,4262,,active,,
4330,410,4263,,active,,
4331,442,4264,,active,,
4332,441,4265,,active,,
4333,421,4266,,active,,
4335,391,4268,,active,,
4336,399,4269,,active,,
4337,417,4270,,active,,
4339,409,4272,,active,,
4340,417,4273,,active,,
4341,395,4274,,active,,
4342,400,4275,,active,,
4343,412,4276,,active,,
4345,394,4278,,active,,
4347,447,4280,,active,,
4348,395,4281,,active,,
4349,413,4282,,active,,"2022-04-06 09:15:02"
4350,418,4283,,active,,"2022-04-06 09:19:45"
4352,395,4285,,active,,
4353,395,4286,,active,,"2022-04-06 12:20:34"
4354,395,4287,,active,,"2022-04-06 12:21:52"
4355,411,4288,,active,,"2022-04-06 12:22:54"
4356,411,4289,,active,,"2022-04-06 12:23:12"
4357,402,4290,,active,,"2022-04-06 12:49:05"
4358,394,4291,,active,,
4359,407,4292,,active,,"2022-04-06 14:04:14"
4360,428,4293,,active,,
4361,430,4294,,active,,
4362,427,4295,,active,,
4363,447,4296,,active,,
4364,447,4297,,active,,
4365,401,4298,,active,,"2022-04-07 12:02:59"
4367,432,4300,,active,,
4368,444,4301,,active,,
4369,447,4302,,active,,
4371,447,4304,,active,,
4373,428,4306,,active,,
4374,428,4307,,active,,
4375,394,4308,,active,,"2022-04-08 09:55:20"
4377,437,4310,,active,,
4378,418,4311,,active,,
4379,438,4312,,active,,
4380,444,4313,,active,,
4381,443,4314,,active,,
4382,425,4315,,active,,
4383,427,4316,,active,,
4384,448,4317,,active,,
4385,446,4318,,active,,
4386,426,4319,,active,,
4387,445,4320,,active,,
4388,438,4321,,active,,
4389,429,4322,,active,,
4390,443,4323,,active,,
4391,429,4324,,active,,
4392,444,4325,,active,,
4394,444,4327,,active,,
4395,446,4328,,active,,
4396,434,4329,,active,,
4397,444,4330,,active,,
4398,444,4331,,active,,
4399,437,4332,,active,,
4400,426,4333,,active,,
4401,430,4334,,active,,
4402,443,4335,,active,,
4403,426,4336,,active,,
4404,446,4337,,active,,
4405,428,4338,,active,,
4406,438,4339,,active,,
4407,426,4340,,active,,
4408,441,4341,,active,,
4410,445,4343,,active,,
4411,425,4344,,active,,
4412,425,4345,,active,,
4413,445,4346,,active,,
4414,430,4347,,active,,
4415,444,4348,,active,,
4416,446,4349,,active,,
4417,443,4350,,active,,
4418,431,4351,,active,,
4419,438,4352,,active,,
4420,426,4353,,active,,
4423,441,4356,,active,,
4424,442,4357,,active,,
4425,438,4358,,active,,
4426,430,4359,,active,,
4427,448,4360,,active,,
4428,427,4361,,active,,
4429,426,4362,,active,,
4430,430,4363,,active,,
4431,426,4364,,active,,
4432,428,4365,,active,,
4433,444,4366,,active,,
4434,441,4367,,active,,
4435,442,4368,,active,,
4436,444,4369,,active,,
4437,429,4370,,active,,
4438,437,4371,,active,,
4439,437,4372,,active,,
4440,448,4373,,active,,
4441,437,4374,,active,,
4442,446,4375,,active,,
4443,449,4376,,active,,
4444,442,4377,,active,,"2022-04-12 06:46:00"
4445,438,4378,,active,,
4446,438,4379,,active,,
4448,429,4381,,active,,
4449,427,4382,,active,,
4450,428,4383,,active,,
4451,429,4384,,active,,
4452,431,4385,,active,,
4453,426,4386,,active,,
4454,437,4387,,active,,
4455,425,4388,,active,,
4456,434,4389,,active,,
4457,426,4390,,active,,
4458,427,4391,,active,,
4459,425,4392,,active,,
4460,442,4393,,active,,
4461,429,4394,,active,,
4462,446,4395,,active,,
4463,446,4396,,active,,
4464,449,4397,,active,,
4465,448,4398,,active,,
4466,442,4399,,active,,
4467,430,4400,,active,,
4468,432,4401,,active,,
4469,438,4402,,active,,
4470,438,4403,,active,,
4471,438,4404,,active,,
4472,428,4405,,active,,"2022-04-13 07:44:23"
4473,426,4406,,active,,
4474,426,4407,,active,,
4475,438,4408,,active,,
4476,454,4409,,active,,
4477,425,4410,,active,,
4478,454,4411,,active,,
4479,454,4412,,active,,
4480,454,4413,,active,,
4481,454,4414,,active,,
4482,454,4415,,active,,
4483,427,4416,,active,,
4484,432,4417,,active,,
4485,454,4418,,active,,
4486,425,4419,,active,,
4487,428,4420,,active,,
4489,428,4422,,active,,
4490,437,4423,,active,,
4491,454,4424,,active,,
4492,447,4425,,active,,
4493,431,4426,,active,,
4495,454,4428,,active,,
4496,427,4429,,active,,
4497,431,4430,,active,,
4498,434,4431,,active,,
4499,450,4432,,active,,
4500,447,4433,,active,,
4501,450,4434,,active,,
4502,434,4435,,active,,
4503,450,4436,,active,,
4504,447,4437,,active,,
4505,442,4438,,active,,
4506,444,4439,,active,,
4507,441,4440,,active,,
4508,431,4441,,active,,
4509,426,4442,,active,,
4510,430,4443,,active,,
4511,430,4444,,active,,
4512,442,4445,,active,,
4513,434,4446,,active,,
4514,433,4447,,active,,
4515,431,4448,,active,,
4516,434,4449,,active,,
4517,433,4450,,active,,
4518,446,4451,,active,,
4519,433,4452,,active,,
4520,433,4453,,active,,
4523,449,4456,,active,,
4524,450,4457,,active,,
4525,432,4458,,active,,
4526,430,4459,,active,,
4527,432,4460,,active,,
4528,438,4461,,active,,
4529,445,4462,,active,,
4530,454,4463,,active,,
4531,426,4464,,active,,
4532,448,4465,,active,,
4533,394,4466,,active,,"2022-04-14 09:42:05"
4534,454,4467,,active,,
4535,454,4468,,active,,
4536,454,4469,,active,,
4537,437,4470,,active,,"2022-04-19 11:35:58"
4538,444,4471,,active,,"2022-04-19 11:38:38"
4539,440,4472,,active,,"2022-04-19 14:24:29"
4541,425,4474,,active,,"2022-04-19 15:18:47"
4542,426,4475,,active,,"2022-04-19 15:19:12"
4543,429,4476,,active,,"2022-04-19 15:20:38"
4544,430,4477,,active,,"2022-04-19 15:20:55"
4546,431,4479,,active,,"2022-04-19 15:21:10"
4547,440,4480,,active,,"2022-04-19 15:22:20"
4548,440,4481,,active,,"2022-04-19 15:22:46"
4549,448,4482,,active,,"2022-04-19 15:24:34"
4551,444,4484,,active,,"2022-04-19 22:05:52"
4552,493,4485,,active,,
4553,493,4486,,active,,
4555,493,4488,,active,,
4556,454,4489,,active,,
4557,454,4490,,active,,
4558,454,4491,,active,,
4559,454,4492,,active,,
4560,493,4493,,active,,
4561,493,4494,,active,,
4562,493,4495,,active,,
4563,454,4496,,active,,
4564,454,4497,,active,,
4565,454,4498,,active,,
4566,403,4499,,active,,"2022-04-22 08:45:51"
4567,456,4500,,active,,"2022-04-22 09:12:20"
4569,442,4502,,active,,"2022-04-22 10:41:12"
4570,454,4503,,active,,
4571,450,4504,,active,,"2022-04-22 10:49:19"
4572,450,4505,,active,,"2022-04-22 10:50:31"
4573,425,4506,,active,,"2022-04-22 10:51:56"
4574,427,4507,,active,,"2022-04-22 10:52:13"
4575,428,4508,,active,,"2022-04-22 10:52:46"
4577,430,4510,,active,,"2022-04-22 10:54:16"
4578,454,4511,,active,,
4579,454,4512,,active,,
4580,454,4513,,active,,
4581,454,4514,,active,,
4582,454,4515,,active,,
4583,454,4516,,active,,
4584,454,4517,,active,,
4585,493,4518,,active,,"2022-04-23 06:27:16"
4586,440,4519,,active,,"2022-04-25 10:56:53"
4587,429,4520,,active,,"2022-04-25 10:57:30"
4588,454,4521,,active,,"2022-04-25 20:30:34"
4589,454,4522,,active,,"2022-04-26 09:50:46"
4590,454,4523,,active,,"2022-04-26 10:01:16"
4591,454,4524,,active,,"2022-04-26 21:09:56"
4592,460,4525,,active,,
4593,456,4526,,active,,
4594,461,4527,,active,,
4595,455,4528,,active,,
4596,501,4529,,active,,
4597,462,4530,,active,,
4598,497,4531,,active,,
4599,495,4532,,active,,
4600,516,4533,,active,,
4602,430,4535,,active,,"2022-05-04 13:09:08"
4603,438,4536,,active,,"2022-05-04 13:15:23"
4604,478,4537,,active,,
4605,459,4538,,active,,
4606,459,4539,,active,,
4608,474,4541,,active,,
4609,476,4542,,active,,
4610,496,4543,,active,,
4611,474,4544,,active,,
4612,455,4545,,active,,
4613,499,4546,,active,,
4614,476,4547,,active,,
4615,473,4548,,active,,
4617,520,4550,,active,,
4618,478,4551,,active,,
4619,456,4552,,active,,
4622,480,4555,,active,,
4623,474,4556,,active,,
4624,477,4557,,active,,
4625,479,4558,,active,,
4626,474,4559,,active,,
4627,479,4560,,active,,
4628,476,4561,,active,,
4629,460,4562,,active,,
4630,513,4563,,active,,
4631,474,4564,,active,,
4632,497,4565,,active,,
4633,495,4566,,active,,
4634,477,4567,,active,,
4635,517,4568,,active,,
4636,517,4569,,active,,
4637,514,4570,,active,,
4638,517,4571,,active,,
4639,515,4572,,active,,
4640,515,4573,,active,,
4641,459,4574,,active,,
4643,476,4576,,active,,
4644,462,4577,,active,,
4645,458,4578,,active,,
4646,455,4579,,active,,
4647,475,4580,,active,,
4648,474,4581,,active,,
4649,477,4582,,active,,
4650,501,4583,,active,,
4651,499,4584,,active,,
4652,508,4585,,active,,
4653,458,4586,,active,,
4654,487,4587,,active,,
4655,486,4588,,active,,
4656,516,4589,,active,,
4657,488,4590,,active,,
4658,459,4591,,active,,
4659,460,4592,,active,,
4660,456,4593,,active,,
4662,490,4595,,active,,
4663,490,4596,,active,,
4664,459,4597,,active,,
4665,488,4598,,active,,
4666,515,4599,,active,,
4667,486,4600,,active,,
4669,514,4602,,active,,
4670,523,4603,,active,,
4671,489,4604,,active,,
4672,499,4605,,active,,
4673,475,4606,,active,,
4674,480,4607,,active,,
4675,477,4608,,active,,
4676,459,4609,,active,,
4677,479,4610,,active,,
4678,475,4611,,active,,
4679,456,4612,,active,,
4681,479,4614,,active,,
4682,473,4615,,active,,
4683,500,4616,,active,,
4684,489,4617,,active,,
4685,501,4618,,active,,
4686,477,4619,,active,,
4687,473,4620,,active,,
4688,476,4621,,active,,
4689,478,4622,,active,,
4690,479,4623,,active,,
4691,500,4624,,active,,
4693,499,4626,,active,,
4694,487,4627,,active,,
4695,478,4628,,active,,
4696,508,4629,,active,,
4697,462,4630,,active,,
4698,518,4631,,active,,
4699,520,4632,,active,,
4700,455,4633,,active,,
4701,489,4634,,active,,
4702,459,4635,,active,,
4703,517,4636,,active,,
4705,512,4638,,active,,
4706,455,4639,,active,,
4707,514,4640,,active,,
4709,462,4642,,active,,
4710,455,4643,,active,,
4711,472,4644,,active,,
4712,514,4645,,active,,
4713,507,4646,,active,,
4714,495,4647,,active,,"2022-05-28 10:14:25"
4715,489,4648,,active,,
4716,512,4649,,active,,
4717,518,4650,,active,,
4719,498,4652,,active,,
4720,504,4653,,active,,
4721,492,4654,,active,,
4722,487,4655,,active,,
4723,457,4656,,active,,
4724,489,4657,,active,,
4725,492,4658,,active,,
4726,477,4659,,active,,
4727,498,4660,,active,,
4728,496,4661,,active,,
4729,476,4662,,active,,
4730,485,4663,,active,,
4731,459,4664,,active,,
4732,492,4665,,active,,
4734,461,4667,,active,,
4735,487,4668,,active,,
4736,490,4669,,active,,
4737,477,4670,,active,,
4738,473,4671,,active,,
4740,491,4673,,active,,
4741,488,4674,,active,,
4742,471,4675,,active,,
4743,478,4676,,active,,
4744,478,4677,,active,,
4745,459,4678,,active,,
4746,486,4679,,active,,
4747,457,4680,,active,,
4749,455,4682,,active,,
4750,485,4683,,active,,
4751,489,4684,,active,,
4752,511,4685,,active,,
4754,507,4687,,active,,
4755,512,4688,,active,,
4756,487,4689,,active,,
4757,504,4690,,active,,
4758,495,4691,,active,,
4759,507,4692,,active,,
4760,495,4693,,active,,
4761,500,4694,,active,,
4762,495,4695,,active,,
4763,507,4696,,active,,
4766,478,4699,,active,,
4767,478,4700,,active,,
4768,518,4701,,active,,
4769,512,4702,,active,,
4771,488,4704,,active,,
4772,487,4705,,active,,
4773,512,4706,,active,,
4775,508,4708,,active,,
4776,488,4709,,active,,
4777,484,4710,,active,,"2022-06-01 12:14:31"
4778,487,4711,,active,,"2022-06-01 12:14:49"
4779,489,4712,,active,,"2022-06-01 12:15:18"
4780,513,4713,,active,,
4781,508,4714,,active,,
4782,508,4715,,active,,
4783,516,4716,,active,,
4784,462,4717,,active,,
4785,458,4718,,active,,
4786,496,4719,,active,,
4787,455,4720,,active,,
4788,515,4721,,active,,
4789,474,4722,,active,,
4790,512,4723,,active,,"2022-06-02 06:59:08"
4791,457,4724,,active,,
4792,462,4725,,active,,
4793,499,4726,,active,,
4794,501,4727,,active,,
4795,458,4728,,active,,
4796,489,4729,,active,,
4797,508,4730,,active,,
4798,476,4731,,active,,
4799,496,4732,,active,,
4800,461,4733,,active,,
4801,524,4734,,active,,
4802,487,4735,,active,,
4803,492,4736,,active,,
4804,498,4737,,active,,
4806,501,4739,,active,,
4807,462,4740,,active,,
4809,457,4742,,active,,"2022-06-02 20:45:19"
4810,460,4743,,active,,
4811,555,4744,,active,,
4812,555,4745,,active,,
4813,462,4746,,active,,
4814,478,4747,,active,,
4815,474,4748,,active,,
4816,455,4749,,active,,
4817,487,4750,,active,,
4818,556,4751,,active,,
4819,498,4752,,active,,
4820,512,4753,,active,,
4821,500,4754,,active,,
4822,496,4755,,active,,
4823,524,4756,,active,,
4824,524,4757,,active,,
4826,458,4759,,active,,
4827,483,4760,,active,,
4828,458,4761,,active,,
4829,516,4762,,active,,
4830,514,4763,,active,,
4831,486,4764,,active,,
4832,516,4765,,active,,
4834,476,4767,,active,,
4835,473,4768,,active,,
4836,460,4769,,active,,
4837,480,4770,,active,,
4838,490,4771,,active,,
4839,490,4772,,active,,
4840,489,4773,,active,,
4841,514,4774,,active,,
4842,496,4775,,active,,
4843,495,4776,,active,,
4845,483,4778,,active,,
4846,486,4779,,active,,
4847,490,4780,,active,,
4849,461,4782,,active,,
4850,457,4783,,active,,
4851,455,4784,,active,,
4852,501,4785,,active,,
4853,497,4786,,active,,
4854,461,4787,,active,,
4855,457,4788,,active,,
4856,489,4789,,active,,
4857,483,4790,,active,,
4858,501,4791,,active,,
4859,480,4792,,active,,
4860,476,4793,,active,,
4861,455,4794,,active,,
4862,460,4795,,active,,
4863,522,4796,,active,,
4864,518,4797,,active,,
4865,496,4798,,active,,
4866,515,4799,,active,,
4867,508,4800,,active,,
4868,496,4801,,active,,
4869,485,4802,,active,,
4870,497,4803,,active,,
4871,461,4804,,active,,
4872,499,4805,,active,,
4873,516,4806,,active,,
4874,455,4807,,active,,
4875,525,4808,,active,,
4876,523,4809,,active,,
4877,456,4810,,active,,
4878,556,4811,,active,,
4879,488,4812,,active,,
4880,478,4813,,active,,
4882,483,4815,,active,,
4884,479,4817,,active,,
4885,525,4818,,active,,
4886,486,4819,,active,,
4888,556,4821,,active,,
4889,498,4822,,active,,
4890,479,4823,,active,,
4891,512,4824,,active,,
4892,456,4825,,active,,
4893,513,4826,,active,,
4895,488,4828,,active,,
4896,501,4829,,active,,
4898,487,4831,,active,,
4899,507,4832,,active,,
4900,555,4833,,active,,
4901,461,4834,,active,,
4902,459,4835,,active,,
4903,556,4836,,active,,
4904,487,4837,,active,,
4905,515,4838,,active,,
4906,507,4839,,active,,
4908,512,4841,,active,,
4909,461,4842,,active,,
4910,459,4843,,active,,
4911,556,4844,,active,,
4912,507,4845,,active,,
4914,507,4847,,active,,
4916,556,4849,,active,,
4917,507,4850,,active,,
4918,556,4851,,active,,
4920,556,4853,,active,,
4921,511,4854,,active,,
4922,514,4855,,active,,
4924,496,4857,,active,,
4925,508,4858,,active,,
4926,501,4859,,active,,
4928,502,4861,,active,,
4929,517,4862,,active,,
4930,511,4863,,active,,
4931,512,4864,,active,,
4932,512,4865,,active,,
4933,495,4866,,active,,
4935,555,4868,,active,,
4936,507,4869,,active,,
4937,556,4870,,active,,
4938,555,4871,,active,,
4939,489,4872,,active,,
4940,490,4873,,active,,
4941,485,4874,,active,,
4942,513,4875,,active,,
4943,495,4876,,active,,
4944,524,4877,,active,,
4946,475,4879,,active,,
4947,488,4880,,active,,
4948,484,4881,,active,,
4949,516,4882,,active,,
4950,512,4883,,active,,
4952,556,4885,,active,,"2022-06-07 15:44:51"
4953,555,4886,,active,,"2022-06-07 15:45:11"
4954,556,4887,,active,,
4956,484,4889,,active,,
4957,498,4890,,active,,
4958,496,4891,,active,,
4959,495,4892,,active,,
4960,495,4893,,active,,
4961,508,4894,,active,,
4962,507,4895,,active,,
4963,508,4896,,active,,
4964,518,4897,,active,,
4965,496,4898,,active,,
4967,498,4900,,active,,
4968,502,4901,,active,,
4969,522,4902,,active,,
4970,515,4903,,active,,
4972,504,4905,,active,,
4973,522,4906,,active,,
4974,508,4907,,active,,
4975,508,4908,,active,,
4976,490,4909,,active,,
4977,495,4910,,active,,
4978,498,4911,,active,,
4980,501,4913,,active,,
4981,499,4914,,active,,
4982,489,4915,,active,,
4983,491,4916,,active,,
4984,495,4917,,active,,
4985,555,4918,,active,,
4986,556,4919,,active,,
4987,512,4920,,active,,
4988,508,4921,,active,,
4989,513,4922,,active,,
4991,507,4924,,active,,
4992,502,4925,,active,,
4993,504,4926,,active,,
4994,504,4927,,active,,
4995,520,4928,,active,,
4996,517,4929,,active,,
4997,520,4930,,active,,
5000,501,4933,,active,,
5001,501,4934,,active,,
5002,504,4935,,active,,
5003,516,4936,,active,,
5005,502,4938,,active,,
5006,502,4939,,active,,
5007,514,4940,,active,,
5008,520,4941,,active,,
5009,520,4942,,active,,
5010,518,4943,,active,,
5011,518,4944,,active,,
5012,502,4945,,active,,
5013,500,4946,,active,,
5014,500,4947,,active,,
5015,502,4948,,active,,
5018,518,4951,,active,,"2022-06-08 17:54:33"
5019,501,4952,,active,,
5020,508,4953,,active,,
5021,508,4954,,active,,
5022,508,4955,,active,,
5023,522,4956,,active,,
5025,495,4958,,active,,
5026,508,4959,,active,,
5027,498,4960,,active,,
5028,485,4961,,active,,
5029,483,4962,,active,,
5030,495,4963,,active,,
5032,517,4965,,active,,
5033,504,4966,,active,,
5034,507,4967,,active,,
5035,520,4968,,active,,
5036,520,4969,,active,,
5037,497,4970,,active,,
5038,522,4971,,active,,
5039,500,4972,,active,,
5042,504,4975,,active,,
5043,516,4976,,active,,
5044,502,4977,,active,,
5045,498,4978,,active,,
5046,477,4979,,active,,
5047,474,4980,,active,,
5048,556,4981,,active,,"2022-06-09 09:53:57"
5049,496,4982,,active,,"2022-06-09 10:26:14"
5050,485,4983,,active,,"2022-06-09 10:26:53"
5052,555,4985,,active,,
5053,514,4986,,active,,"2022-06-09 12:01:01"
5054,476,4987,,active,,
5055,479,4988,,active,,
5056,555,4989,,active,,
5057,556,4990,,active,,
5058,555,4991,,active,,
5059,507,4992,,active,,"2022-06-09 19:36:40"
5060,490,4993,,active,,
5061,496,4994,,active,,"2022-06-10 09:10:26"
5062,488,4995,,active,,
5063,492,4996,,active,,
5064,498,4997,,active,,"2022-06-10 16:49:21"
5065,512,4998,,active,,"2022-06-10 16:52:16"
5066,489,4999,,active,,
5067,491,5000,,active,,
5068,483,5001,,active,,
5069,489,5002,,active,,
5070,491,5003,,active,,
5071,488,5004,,active,,
5072,490,5005,,active,,
5073,483,5006,,active,,
5074,523,5007,,active,,
5075,524,5008,,active,,
5076,485,5009,,active,,
5077,485,5010,,active,,
5078,485,5011,,active,,
5079,491,5012,,active,,
5080,490,5013,,active,,
5081,483,5014,,active,,
5082,499,5015,,active,,"2022-06-12 13:30:35"
5083,514,5016,,active,,"2022-06-12 14:13:53"
5084,518,5017,,active,,"2022-06-12 14:15:16"
5085,489,5018,,active,,
5086,475,5019,,active,,
5087,474,5020,,active,,
5088,483,5021,,active,,
5089,485,5022,,active,,
5090,524,5023,,active,,
5091,491,5024,,active,,
5093,480,5026,,active,,
5094,491,5027,,active,,
5096,484,5029,,active,,"2022-06-13 11:11:34"
5097,525,5030,,active,,
5099,523,5032,,active,,
5100,525,5033,,active,,
5102,473,5035,,active,,
5103,474,5036,,active,,
5104,477,5037,,active,,
5105,492,5038,,active,,
5106,491,5039,,active,,
5107,520,5040,,active,,"2022-06-13 17:33:49"
5108,526,5041,,active,,
5109,480,5042,,active,,
5110,492,5043,,active,,
5111,525,5044,,active,,
5112,490,5045,,active,,
5115,484,5048,,active,,"2022-06-14 15:50:04"
5116,484,5049,,active,,"2022-06-14 15:50:29"
5117,483,5050,,active,,"2022-06-14 15:51:49"
5118,483,5051,,active,,"2022-06-14 15:52:17"
5119,483,5052,,active,,"2022-06-14 15:57:47"
5120,486,5053,,active,,
5121,492,5054,,active,,
5122,478,5055,,active,,
5123,477,5056,,active,,
5124,484,5057,,active,,
5125,480,5058,,active,,
5127,484,5060,,active,,"2022-06-16 18:30:18"
5128,476,5061,,active,,
5129,471,5062,,active,,
5130,473,5063,,active,,
5131,479,5064,,active,,
5132,474,5065,,active,,
5133,475,5066,,active,,
5134,480,5067,,active,,
5135,557,5068,,active,,
5136,558,5069,,active,,
5137,558,5070,,active,,
5138,558,5071,,active,,
5139,558,5072,,active,,
5140,558,5073,,active,,
5142,558,5075,,active,,
5144,557,5077,,active,,
5146,548,5079,,active,,
5147,557,5080,,active,,
5148,557,5081,,active,,
5150,558,5083,,active,,
5151,557,5084,,active,,
5152,557,5085,,active,,
5154,558,5087,,active,,"2022-06-20 13:18:24"
5155,558,5088,,active,,
5159,557,5092,,active,,
5160,557,5093,,active,,
5161,557,5094,,active,,
5162,557,5095,,active,,
5163,557,5096,,active,,
5164,558,5097,,active,,
5165,502,5098,,active,,"2022-06-22 10:11:59"
5166,507,5099,,active,,"2022-06-22 10:14:15"
5168,511,5101,,active,,"2022-06-22 10:19:59"
5169,511,5102,,active,,"2022-06-22 10:22:14"
5171,511,5104,,active,,"2022-06-22 10:24:14"
5172,557,5105,,active,,
5173,558,5106,,active,,
5174,557,5107,,active,,
5175,557,5108,,active,,
5176,557,5109,,active,,
5178,513,5111,,active,,"2022-06-22 19:21:41"
5179,516,5112,,active,,"2022-06-22 19:33:34"
5180,516,5113,,active,,"2022-06-22 19:34:49"
5181,529,5114,,active,,
5182,549,5115,,active,,
5184,478,5117,,active,,
5185,474,5118,,active,,
5186,475,5119,,active,,
5187,547,5120,,active,,
5189,547,5122,,active,,
5190,472,5123,,active,,
5191,477,5124,,active,,
5192,546,5125,,active,,
5193,532,5126,,active,,
5194,546,5127,,active,,
5195,471,5128,,active,,
5196,561,5129,,active,,"2022-07-04 20:50:30"
5198,561,5131,,active,,"2022-07-04 20:51:16"
5199,561,5132,,active,,"2022-07-04 20:51:52"
5200,561,5133,,active,,"2022-07-04 21:03:02"
5201,561,5134,,active,,"2022-07-04 21:03:31"
5202,561,5135,,active,,"2022-07-04 21:03:53"
5203,557,5136,,active,,"2022-07-04 21:14:19"
5204,557,5137,,active,,"2022-07-04 21:14:32"
5206,561,5139,,active,,"2022-07-04 21:23:21"
5208,557,5141,,active,,"2022-07-04 21:24:52"
5209,477,5142,,active,,
5210,561,5143,,active,,
5211,561,5144,,active,,
5213,561,5146,,active,,"2022-07-08 13:41:23"
5214,557,5147,,active,,
5215,561,5148,,active,,
5216,557,5149,,active,,"2022-07-09 09:25:06"
5217,480,5150,,active,,
5218,477,5151,,active,,
5219,544,5152,,active,,
5220,534,5153,,active,,
5221,476,5154,,active,,
5222,471,5155,,active,,
5223,472,5156,,active,,
5224,472,5157,,active,,
5225,471,5158,,active,,
5226,473,5159,,active,,
5228,531,5161,,active,,
5229,528,5162,,active,,
5230,528,5163,,active,,
5231,471,5164,,active,,"2022-07-16 10:19:02"
5232,472,5165,,active,,"2022-07-16 10:19:30"
5233,543,5166,,active,,
5234,527,5167,,active,,
5235,527,5168,,active,,
5236,533,5169,,active,,
5237,545,5170,,active,,
5238,545,5171,,active,,
5239,545,5172,,active,,
5240,546,5173,,active,,
5241,539,5174,,active,,
5243,544,5176,,active,,
5244,529,5177,,active,,
5245,527,5178,,active,,
5246,540,5179,,active,,
5247,533,5180,,active,,
5248,528,5181,,active,,
5251,540,5184,,active,,
5252,546,5185,,active,,
5254,527,5187,,active,,
5255,532,5188,,active,,
5256,528,5189,,active,,
5257,528,5190,,active,,
5259,550,5192,,active,,
5260,531,5193,,active,,
5261,545,5194,,active,,
5262,549,5195,,active,,
5263,547,5196,,active,,
5264,527,5197,,active,,
5265,539,5198,,active,,
5267,528,5200,,active,,
5268,529,5201,,active,,
5269,545,5202,,active,,
5270,531,5203,,active,,
5271,527,5204,,active,,
5272,547,5205,,active,,
5273,550,5206,,active,,
5274,529,5207,,active,,
5275,548,5208,,active,,
5276,532,5209,,active,,
5277,543,5210,,active,,
5278,549,5211,,active,,
5279,549,5212,,active,,
5280,545,5213,,active,,
5281,544,5214,,active,,
5282,549,5215,,active,,
5283,542,5216,,active,,
5284,534,5217,,active,,
5285,549,5218,,active,,
5286,531,5219,,active,,
5287,544,5220,,active,,
5288,529,5221,,active,,
5289,549,5222,,active,,
5290,550,5223,,active,,
5291,528,5224,,active,,
5292,554,5225,,active,,
5293,527,5226,,active,,
5294,544,5227,,active,,
5295,540,5228,,active,,
5296,542,5229,,active,,
5297,543,5230,,active,,
5298,544,5231,,active,,
5299,548,5232,,active,,
5300,540,5233,,active,,
5301,540,5234,,active,,
5302,527,5235,,active,,
5303,527,5236,,active,,
5304,531,5237,,active,,
5306,540,5239,,active,,
5307,543,5240,,active,,
5308,527,5241,,active,,
5310,540,5243,,active,,
5311,550,5244,,active,,
5312,527,5245,,active,,
5313,545,5246,,active,,
5314,530,5247,,active,,
5315,539,5248,,active,,
5316,540,5249,,active,,
5317,548,5250,,active,,"2022-07-26 13:23:36"
5318,533,5251,,active,,
5319,530,5252,,active,,
5320,527,5253,,active,,
5321,545,5254,,active,,
5322,540,5255,,active,,
5323,544,5256,,active,,
5324,540,5257,,active,,
5325,548,5258,,active,,
5326,544,5259,,active,,
5327,529,5260,,active,,
5328,530,5261,,active,,
5329,527,5262,,active,,
5330,531,5263,,active,,
5331,531,5264,,active,,
5332,528,5265,,active,,
5333,527,5266,,active,,
5335,532,5268,,active,,
5336,528,5269,,active,,
5337,531,5270,,active,,
5338,527,5271,,active,,
5339,544,5272,,active,,
5340,539,5273,,active,,
5341,545,5274,,active,,"2022-07-27 11:53:10"
5342,548,5275,,active,,
5343,543,5276,,active,,
5344,532,5277,,active,,
5345,530,5278,,active,,
5346,533,5279,,active,,
5347,546,5280,,active,,
5348,528,5281,,active,,
5349,540,5282,,active,,
5350,533,5283,,active,,
5351,552,5284,,active,,
5352,544,5285,,active,,
5353,544,5286,,active,,
5354,539,5287,,active,,
5355,547,5288,,active,,
5356,527,5289,,active,,
5357,540,5290,,active,,
5358,548,5291,,active,,
5359,546,5292,,active,,
5360,543,5293,,active,,
5361,544,5294,,active,,
5362,540,5295,,active,,
5363,540,5296,,active,,
5364,549,5297,,active,,
5365,543,5298,,active,,
5366,532,5299,,active,,
5367,533,5300,,active,,
5368,540,5301,,active,,
5369,540,5302,,active,,
5370,539,5303,,active,,
5371,528,5304,,active,,
5372,539,5305,,active,,
5373,539,5306,,active,,
5374,533,5307,,active,,
5375,533,5308,,active,,
5376,548,5309,,active,,
5377,540,5310,,active,,
5378,528,5311,,active,,
5379,530,5312,,active,,
5380,554,5313,,active,,
5381,536,5314,,active,,
5382,544,5315,,active,,
5383,533,5316,,active,,
5384,551,5317,,active,,
5385,542,5318,,active,,
5386,547,5319,,active,,
5387,543,5320,,active,,
5388,530,5321,,active,,
5390,543,5323,,active,,
5391,539,5324,,active,,
5393,551,5326,,active,,"2022-07-28 18:57:43"
5394,530,5327,,active,,
5395,542,5328,,active,,
5397,539,5330,,active,,
5398,547,5331,,active,,
5399,548,5332,,active,,
5400,545,5333,,active,,
5401,545,5334,,active,,
5402,529,5335,,active,,
5403,545,5336,,active,,
5404,532,5337,,active,,
5405,529,5338,,active,,
5406,539,5339,,active,,
5407,532,5340,,active,,
5408,539,5341,,active,,
5409,531,5342,,active,,
5410,543,5343,,active,,
5411,539,5344,,active,,
5412,544,5345,,active,,
5413,534,5346,,active,,"2022-07-28 22:35:10"
5414,531,5347,,active,,
5415,527,5348,,active,,
5416,547,5349,,active,,
5417,539,5350,,active,,
5418,544,5351,,active,,
5419,530,5352,,active,,
5420,554,5353,,active,,
5421,531,5354,,active,,
5423,540,5356,,active,,
5424,539,5357,,active,,"2022-07-29 16:20:26"
5425,534,5358,,active,,"2022-07-29 22:41:52"
5426,542,5359,,active,,"2022-07-29 22:44:06"
5427,552,5360,,active,,"2022-07-31 15:12:37"
5428,528,5361,,active,,"2022-08-01 10:21:37"
5429,528,5362,,active,,"2022-08-01 10:22:12"
5430,530,5363,,active,,"2022-08-01 10:23:01"
5431,530,5364,,active,,"2022-08-01 10:23:35"
5432,532,5365,,active,,"2022-08-01 10:24:04"
5433,529,5366,,active,,"2022-08-01 10:24:33"
5435,550,5368,,active,,"2022-08-01 10:26:14"
5437,542,5370,,active,,"2022-08-01 11:21:16"
5439,577,5372,,active,,
5440,567,5373,,active,,
5442,573,5375,,active,,
5443,577,5376,,active,,
5445,563,5378,,active,,"2022-08-02 12:25:42"
5446,576,5379,,active,,
5447,563,5380,,active,,"2022-08-02 12:27:11"
5449,565,5382,,active,,
5450,573,5383,,active,,
5451,565,5384,,active,,
5452,563,5385,,active,,
5453,567,5386,,active,,
5454,547,5387,,active,,"2022-08-03 10:29:15"
5455,563,5388,,active,,
5456,593,5389,,active,,
5457,563,5390,,active,,
5458,563,5391,,active,,
5459,563,5392,,active,,
5460,563,5393,,active,,
5462,530,5395,,active,,"2022-08-04 09:27:37"
5463,563,5396,,active,,
5464,577,5397,,active,,
5465,576,5398,,active,,
5466,571,5399,,active,,
5467,532,5400,,active,,"2022-08-04 17:19:07"
5468,539,5401,,active,,"2022-08-04 17:34:20"
5469,578,5402,,active,,
5470,573,5403,,active,,
5471,565,5404,,active,,
5472,573,5405,,active,,
5473,574,5406,,active,,
5474,573,5407,,active,,
5475,578,5408,,active,,
5476,563,5409,,active,,
5477,566,5410,,active,,
5478,577,5411,,active,,
5480,576,5413,,active,,
5481,569,5414,,active,,
5482,567,5415,,active,,
5484,564,5417,,active,,
5485,574,5418,,active,,
5488,574,5421,,active,,
5489,577,5422,,active,,
5490,577,5423,,active,,
5491,567,5424,,active,,
5495,577,5428,,active,,
5498,567,5431,,active,,
5499,579,5432,,active,,
5501,579,5434,,active,,
5502,581,5435,,active,,
5503,577,5436,,active,,
5504,580,5437,,active,,
5506,576,5439,,active,,
5509,583,5442,,active,,
5510,576,5443,,active,,
5511,579,5444,,active,,
5513,578,5446,,active,,
5514,585,5447,,active,,
5516,576,5449,,active,,
5517,576,5450,,active,,
5518,574,5451,,active,,
5519,565,5452,,active,,
5520,581,5453,,active,,"2022-08-12 12:16:44"
5521,578,5454,,active,,"2022-08-12 15:00:00"
5522,584,5455,,active,,
5523,582,5456,,active,,
5524,610,5457,,active,,
5525,602,5458,,active,,
5526,592,5459,,active,,
5527,594,5460,,active,,
5528,609,5461,,active,,
5529,567,5462,,active,,
5530,606,5463,,active,,
5531,584,5464,,active,,
5532,580,5465,,active,,
5533,582,5466,,active,,
5534,579,5467,,active,,
5535,610,5468,,active,,
5536,583,5469,,active,,
5537,586,5470,,active,,
5538,574,5471,,active,,
5539,579,5472,,active,,
5540,571,5473,,active,,
5541,605,5474,,active,,
5542,610,5475,,active,,
5543,609,5476,,active,,
5544,609,5477,,active,,
5545,612,5478,,active,,
5546,586,5479,,active,,
5547,607,5480,,active,,
5548,613,5481,,active,,
5549,611,5482,,active,,
5550,581,5483,,active,,
5551,612,5484,,active,,
5552,607,5485,,active,,
5553,583,5486,,active,,
5554,580,5487,,active,,
5555,610,5488,,active,,
5556,613,5489,,active,,
5557,612,5490,,active,,
5558,584,5491,,active,,
5559,579,5492,,active,,
5560,583,5493,,active,,
5561,608,5494,,active,,
5562,565,5495,,active,,
5563,611,5496,,active,,
5564,609,5497,,active,,
5565,613,5498,,active,,
5566,581,5499,,active,,
5567,611,5500,,active,,
5568,616,5501,,active,,
5569,569,5502,,active,,
5570,583,5503,,active,,
5571,584,5504,,active,,
5572,609,5505,,active,,
5573,610,5506,,active,,
5574,573,5507,,active,,
5575,581,5508,,active,,
5576,606,5509,,active,,
5577,610,5510,,active,,
5578,614,5511,,active,,
5579,609,5512,,active,,
5580,582,5513,,active,,
5581,583,5514,,active,,
5582,591,5515,,active,,
5583,572,5516,,active,,
5584,609,5517,,active,,
5585,610,5518,,active,,
5586,573,5519,,active,,
5587,570,5520,,active,,"2022-08-18 17:46:17"
5588,570,5521,,active,,"2022-08-18 17:46:39"
5590,573,5523,,active,,
5591,609,5524,,active,,
5593,581,5526,,active,,
5594,616,5527,,active,,
5595,570,5528,,active,,
5596,610,5529,,active,,
5597,608,5530,,active,,
5598,616,5531,,active,,
5599,612,5532,,active,,
5600,607,5533,,active,,
5601,615,5534,,active,,
5602,607,5535,,active,,
5604,616,5537,,active,,
5605,612,5538,,active,,
5606,613,5539,,active,,
5608,611,5541,,active,,
5609,610,5542,,active,,
5610,610,5543,,active,,
5611,588,5544,,active,,
5612,592,5545,,active,,
5613,567,5546,,active,,
5614,606,5547,,active,,
5615,569,5548,,active,,
5616,572,5549,,active,,
5617,565,5550,,active,,
5618,610,5551,,active,,
5619,582,5552,,active,,
5620,581,5553,,active,,
5621,582,5554,,active,,
5622,611,5555,,active,,
5623,613,5556,,active,,
5624,612,5557,,active,,
5625,608,5558,,active,,
5626,612,5559,,active,,
5627,614,5560,,active,,
5628,583,5561,,active,,
5629,573,5562,,active,,
5630,608,5563,,active,,
5631,612,5564,,active,,
5632,608,5565,,active,,
5633,565,5566,,active,,
5634,571,5567,,active,,
5636,609,5569,,active,,
5637,569,5570,,active,,
5638,571,5571,,active,,
5639,609,5572,,active,,
5640,580,5573,,active,,
5641,613,5574,,active,,
5642,564,5575,,active,,
5643,567,5576,,active,,
5644,610,5577,,active,,
5646,613,5579,,active,,
5647,569,5580,,active,,
5648,608,5581,,active,,
5649,579,5582,,active,,
5650,579,5583,,active,,
5651,584,5584,,active,,
5652,598,5585,,active,,
5653,609,5586,,active,,
5654,579,5587,,active,,
5655,569,5588,,active,,
5656,569,5589,,active,,
5657,583,5590,,active,,
5658,612,5591,,active,,
5659,614,5592,,active,,
5660,571,5593,,active,,
5661,564,5594,,active,,
5662,616,5595,,active,,
5663,567,5596,,active,,
5664,570,5597,,active,,
5666,573,5599,,active,,
5667,580,5600,,active,,
5668,591,5601,,active,,
5669,581,5602,,active,,
5670,607,5603,,active,,
5671,608,5604,,active,,
5672,579,5605,,active,,
5673,579,5606,,active,,
5674,578,5607,,active,,
5675,578,5608,,active,,
5676,613,5609,,active,,
5677,587,5610,,active,,
5678,614,5611,,active,,
5679,608,5612,,active,,
5680,616,5613,,active,,
5681,616,5614,,active,,
5682,586,5615,,active,,
5683,600,5616,,active,,
5684,609,5617,,active,,
5685,590,5618,,active,,
5686,614,5619,,active,,
5687,587,5620,,active,,
5688,601,5621,,active,,
5689,572,5622,,active,,
5690,613,5623,,active,,
5691,611,5624,,active,,
5692,567,5625,,active,,
5693,612,5626,,active,,
5694,565,5627,,active,,
5696,574,5629,,active,,
5697,590,5630,,active,,
5698,598,5631,,active,,
5699,601,5632,,active,,
5700,613,5633,,active,,
5701,571,5634,,active,,
5702,567,5635,,active,,"2022-08-25 11:45:36"
5703,563,5636,,active,,"2022-08-25 11:47:18"
5704,609,5637,,active,,
5705,612,5638,,active,,
5706,613,5639,,active,,
5707,604,5640,,active,,
5708,611,5641,,active,,
5709,611,5642,,active,,
5710,577,5643,,active,,
5711,576,5644,,active,,
5712,582,5645,,active,,
5713,610,5646,,active,,
5714,563,5647,,active,,
5716,564,5649,,active,,
5717,564,5650,,active,,
5718,577,5651,,active,,
5719,609,5652,,active,,
5720,598,5653,,active,,
5721,591,5654,,active,,
5722,607,5655,,active,,
5723,613,5656,,active,,
5724,610,5657,,active,,
5725,608,5658,,active,,
5726,585,5659,,active,,
5727,580,5660,,active,,
5728,613,5661,,active,,
5730,579,5663,,active,,
5731,567,5664,,active,,
5732,569,5665,,active,,
5733,572,5666,,active,,
5734,567,5667,,active,,
5735,570,5668,,active,,
5736,574,5669,,active,,
5738,589,5671,,active,,
5739,583,5672,,active,,
5740,574,5673,,active,,
5741,572,5674,,active,,
5743,586,5676,,active,,
5744,567,5677,,active,,
5745,573,5678,,active,,
5746,573,5679,,active,,"2022-08-28 17:16:26"
5747,574,5680,,active,,"2022-08-28 17:27:31"
5748,613,5681,,active,,
5750,608,5683,,active,,
5751,569,5684,,active,,"2022-08-28 19:40:42"
5752,571,5685,,active,,
5753,608,5686,,active,,
5754,612,5687,,active,,
5755,612,5688,,active,,
5756,607,5689,,active,,
5757,611,5690,,active,,
5758,607,5691,,active,,"2022-08-28 20:18:03"
5759,565,5692,,active,,"2022-08-28 20:19:13"
5760,607,5693,,active,,"2022-08-28 20:21:01"
5761,616,5694,,active,,"2022-08-28 20:38:34"
5762,607,5695,,active,,
5763,615,5696,,active,,
5764,579,5697,,active,,
5765,584,5698,,active,,
5766,609,5699,,active,,
5769,571,5702,,active,,"2022-08-29 10:05:34"
5770,613,5703,,active,,
5771,609,5704,,active,,
5774,616,5707,,active,,"2022-08-29 11:57:58"
5775,612,5708,,active,,"2022-08-29 12:01:16"
5776,609,5709,,active,,"2022-08-29 12:04:53"
5777,603,5710,,active,,"2022-08-29 12:06:58"
5778,614,5711,,active,,"2022-08-29 12:08:19"
5780,565,5713,,active,,"2022-08-29 12:14:20"
5782,610,5715,,active,,"2022-08-29 12:15:34"
5783,616,5716,,active,,
5784,609,5717,,active,,"2022-08-29 12:20:19"
5785,601,5718,,active,,
5786,613,5719,,active,,"2022-08-29 12:21:31"
5788,569,5721,,active,,"2022-08-29 12:22:51"
5789,598,5722,,active,,
5791,607,5724,,active,,"2022-08-29 12:24:46"
5792,572,5725,,active,,
5793,611,5726,,active,,
5794,615,5727,,active,,
5795,585,5728,,active,,
5796,594,5729,,active,,
5797,601,5730,,active,,
5798,597,5731,,active,,
5799,585,5732,,active,,
5800,611,5733,,active,,
5801,612,5734,,active,,
5803,613,5736,,active,,
5804,578,5737,,active,,
5805,579,5738,,active,,
5806,600,5739,,active,,
5807,612,5740,,active,,
5808,607,5741,,active,,
5809,583,5742,,active,,
5810,611,5743,,active,,
5811,608,5744,,active,,
5812,612,5745,,active,,
5814,581,5747,,active,,
5817,616,5750,,active,,
5818,609,5751,,active,,
5819,613,5752,,active,,
5820,613,5753,,active,,
5822,609,5755,,active,,
5823,580,5756,,active,,
5824,609,5757,,active,,
5825,582,5758,,active,,
5826,612,5759,,active,,
5827,616,5760,,active,,
5828,607,5761,,active,,
5829,599,5762,,active,,
5830,612,5763,,active,,
5831,613,5764,,active,,
5832,607,5765,,active,,
5833,579,5766,,active,,
5834,612,5767,,active,,
5835,609,5768,,active,,
5836,613,5769,,active,,
5837,607,5770,,active,,
5838,580,5771,,active,,
5839,591,5772,,active,,
5840,613,5773,,active,,
5841,591,5774,,active,,
5842,579,5775,,active,,
5843,609,5776,,active,,
5844,614,5777,,active,,
5846,579,5779,,active,,"2022-08-30 21:51:20"
5849,579,5782,,active,,
5852,597,5785,,active,,
5853,593,5786,,active,,
5854,583,5787,,active,,
5855,580,5788,,active,,
5856,579,5789,,active,,
5857,591,5790,,active,,
5858,580,5791,,active,,
5859,580,5792,,active,,
5860,584,5793,,active,,
5861,587,5794,,active,,
5862,564,5795,,active,,
5863,574,5796,,active,,
5865,588,5798,,active,,
5866,591,5799,,active,,
5867,594,5800,,active,,
5868,580,5801,,active,,
5869,590,5802,,active,,
5870,587,5803,,active,,
5871,594,5804,,active,,
5872,601,5805,,active,,
5873,579,5806,,active,,
5874,579,5807,,active,,
5875,592,5808,,active,,
5876,591,5809,,active,,
5877,588,5810,,active,,
5878,588,5811,,active,,
5879,566,5812,,active,,"2022-09-02 16:48:51"
5881,601,5814,,active,,
5882,587,5815,,active,,
5883,605,5816,,active,,
5884,574,5817,,active,,"2022-09-03 12:58:40"
5885,605,5818,,active,,
5886,589,5819,,active,,
5887,592,5820,,active,,
5888,589,5821,,active,,
5889,588,5822,,active,,
5890,593,5823,,active,,
5891,589,5824,,active,,
5892,587,5825,,active,,
5893,594,5826,,active,,
5894,589,5827,,active,,
5895,587,5828,,active,,
5896,593,5829,,active,,
5897,589,5830,,active,,
5898,578,5831,,active,,
5899,597,5832,,active,,
5900,593,5833,,active,,
5901,588,5834,,active,,
5902,593,5835,,active,,
5903,587,5836,,active,,
5904,579,5837,,active,,
5905,590,5838,,active,,
5906,593,5839,,active,,
5907,592,5840,,active,,
5908,587,5841,,active,,
5909,584,5842,,active,,
5910,580,5843,,active,,
5911,612,5844,,active,,"2022-09-05 11:08:09"
5912,580,5845,,active,,
5913,584,5846,,active,,
5914,616,5847,,active,,"2022-09-05 11:44:57"
5915,582,5848,,active,,
5916,582,5849,,active,,
5918,601,5851,,active,,
5919,579,5852,,active,,
5920,584,5853,,active,,
5921,586,5854,,active,,
5922,586,5855,,active,,
5923,591,5856,,active,,
5924,588,5857,,active,,
5925,616,5858,,active,,"2022-09-05 20:20:52"
5926,590,5859,,active,,
5927,616,5860,,active,,"2022-09-06 13:20:11"
5928,584,5861,,active,,
5929,610,5862,,active,,"2022-09-06 14:10:33"
5930,580,5863,,active,,
5932,585,5865,,active,,
5933,616,5866,,active,,"2022-09-06 21:40:41"
5934,609,5867,,active,,"2022-09-06 21:54:05"
5935,578,5868,,active,,
5936,581,5869,,active,,
5937,604,5870,,active,,
5938,600,5871,,active,,
5939,585,5872,,active,,
5940,585,5873,,active,,
5941,579,5874,,active,,
5942,606,5875,,active,,
5943,606,5876,,active,,
5944,582,5877,,active,,
5945,584,5878,,active,,
5946,605,5879,,active,,
5947,580,5880,,active,,
5948,602,5881,,active,,
5949,606,5882,,active,,
5950,606,5883,,active,,
5951,583,5884,,active,,
5952,579,5885,,active,,
5953,578,5886,,active,,
5954,611,5887,,active,,"2022-09-08 19:28:30"
5955,613,5888,,active,,"2022-09-08 19:31:11"
5956,583,5889,,active,,
5957,579,5890,,active,,
5958,580,5891,,active,,
5959,579,5892,,active,,
5960,585,5893,,active,,
5961,580,5894,,active,,
5962,580,5895,,active,,
5963,606,5896,,active,,"2022-09-09 11:06:20"
5964,606,5897,,active,,"2022-09-09 11:07:34"
5965,606,5898,,active,,
5966,581,5899,,active,,
5967,606,5900,,active,,
5968,582,5901,,active,,
5969,576,5902,,active,,
5970,605,5903,,active,,
5971,583,5904,,active,,
5972,606,5905,,active,,
5973,582,5906,,active,,
5974,580,5907,,active,,
5975,605,5908,,active,,
5976,602,5909,,active,,
5977,605,5910,,active,,
5978,582,5911,,active,,
5979,585,5912,,active,,
5980,582,5913,,active,,
5981,586,5914,,active,,
5982,583,5915,,active,,
5983,606,5916,,active,,"2022-09-11 19:27:23"
5984,583,5917,,active,,"2022-09-11 19:32:23"
5986,602,5919,,active,,
5987,599,5920,,active,,
5988,586,5921,,active,,
5989,599,5922,,active,,
5990,601,5923,,active,,
5991,598,5924,,active,,
5992,595,5925,,active,,
5993,601,5926,,active,,
5994,597,5927,,active,,
5995,583,5928,,active,,"2022-09-13 23:06:52"
5996,605,5929,,active,,"2022-09-13 23:08:37"
5997,605,5930,,active,,"2022-09-13 23:09:17"
5998,581,5931,,active,,"2022-09-13 23:10:36"
5999,598,5932,,active,,"2022-09-14 09:57:01"
6001,584,5934,,active,,"2022-09-15 00:38:44"
6002,586,5935,,active,,"2022-09-15 00:41:47"
6003,606,5936,,active,,"2022-09-15 00:52:26"
6004,606,5937,,active,,"2022-09-15 00:53:14"
6005,579,5938,,active,,"2022-09-15 00:53:53"
6006,586,5939,,active,,"2022-09-15 16:40:49"
6007,602,5940,,active,,
6008,602,5941,,active,,
6009,601,5942,,active,,
6010,598,5943,,active,,
6011,602,5944,,active,,
6012,595,5945,,active,,"2022-09-20 09:04:22"
6013,597,5946,,active,,
6014,598,5947,,active,,"2022-09-21 08:37:25"
6015,600,5948,,active,,
6017,604,5950,,active,,
6018,599,5951,,active,,"2022-09-21 12:58:11"
6019,600,5952,,active,,
6020,600,5953,,active,,
6021,603,5954,,active,,
6022,598,5955,,active,,
6023,600,5956,,active,,
6024,601,5957,,active,,
6025,601,5958,,active,,
6026,603,5959,,active,,
6027,604,5960,,active,,
6028,600,5961,,active,,
6029,603,5962,,active,,
6030,604,5963,,active,,
6031,597,5964,,active,,"2022-09-26 20:07:51"
6032,603,5965,,active,,"2022-09-26 20:08:13"
6033,596,5966,,active,,"2022-09-26 20:55:24"
6034,595,5967,,active,,"2022-09-26 20:56:21"
6035,596,5968,,active,,"2022-09-26 20:58:33"
6037,596,5970,,active,,"2022-09-26 21:03:21"
6038,595,5971,,active,,"2022-09-26 21:04:27"
6039,595,5972,,active,,"2022-09-26 21:06:16"
6040,619,5973,,active,,
6041,622,5974,,active,,
6042,617,5975,,active,,
6043,619,5976,,active,,
6045,617,5978,,active,,
6046,619,5979,,active,,
6047,617,5980,,active,,
6048,619,5981,,active,,
6049,623,5982,,active,,
6050,619,5983,,active,,
6052,621,5985,,active,,
6053,619,5986,,active,,
6054,618,5987,,active,,
6056,617,5989,,active,,
6057,618,5990,,active,,
6058,619,5991,,active,,
6059,617,5992,,active,,
6060,617,5993,,active,,
6061,620,5994,,active,,
6062,620,5995,,active,,
6063,623,5996,,active,,
6066,617,5999,,active,,
6067,619,6000,,active,,
6068,620,6001,,active,,
6069,632,6002,,active,,
6070,627,6003,,active,,
6072,627,6005,,active,,
6073,631,6006,,active,,
6074,627,6007,,active,,
6075,628,6008,,active,,
6076,627,6009,,active,,
6077,632,6010,,active,,
6078,629,6011,,active,,
6079,630,6012,,active,,
6080,627,6013,,active,,
6081,631,6014,,active,,
6082,628,6015,,active,,
6084,631,6017,,active,,
6085,628,6018,,active,,
6086,627,6019,,active,,"2022-11-14 19:21:26"
6087,627,6020,,active,,
6088,629,6021,,active,,"2022-11-14 19:44:19"
6089,631,6022,,active,,"2022-11-14 19:53:10"
6090,631,6023,,active,,
6091,632,6024,,active,,
6092,632,6025,,active,,
6093,631,6026,,active,,
6094,630,6027,,active,,
6095,632,6028,,active,,
6096,632,6029,,active,,
6097,627,6030,,active,,
6098,630,6031,,active,,
6099,632,6032,,active,,
6100,629,6033,,active,,
6101,630,6034,,active,,
6102,630,6035,,active,,
6103,630,6036,,active,,
6104,631,6037,,active,,
6105,627,6038,,active,,
6106,632,6039,,active,,
6107,632,6040,,active,,
6108,631,6041,,active,,
6109,632,6042,,active,,
6110,632,6043,,active,,
6111,630,6044,,active,,
6112,631,6045,,active,,
6113,631,6046,,active,,
6114,630,6047,,active,,
6115,630,6048,,active,,
6116,627,6049,,active,,
6117,617,6050,,active,,
6118,617,6051,,active,,
6119,629,6052,,active,,
6120,630,6053,,active,,
6121,627,6054,,active,,
6122,632,6055,,active,,
6123,631,6056,,active,,
6124,630,6057,,active,,
6125,617,6058,,active,,
6126,629,6059,,active,,
6127,632,6060,,active,,
6128,627,6061,,active,,
6129,631,6062,,active,,
6130,628,6063,,active,,
6131,631,6064,,active,,
6132,621,6065,,active,,
6133,629,6066,,active,,
6134,629,6067,,active,,
6135,629,6068,,active,,
6136,631,6069,,active,,
6137,628,6070,,active,,
6138,631,6071,,active,,
6139,632,6072,,active,,
6140,629,6073,,active,,
6141,631,6074,,active,,
6142,629,6075,,active,,
6144,630,6077,,active,,
6145,629,6078,,active,,
6146,628,6079,,active,,
6147,629,6080,,active,,
6148,622,6081,,active,,
6150,627,6083,,active,,
6151,629,6084,,active,,
6152,628,6085,,active,,
6153,632,6086,,active,,
6154,631,6087,,active,,
6155,630,6088,,active,,
6156,630,6089,,active,,
6157,628,6090,,active,,
6158,630,6091,,active,,
6159,620,6092,,active,,
6160,631,6093,,active,,
6161,632,6094,,active,,
6162,628,6095,,active,,
6163,628,6096,,active,,
6164,630,6097,,active,,
6165,629,6098,,active,,
6166,617,6099,,active,,
6167,624,6100,,active,,
6168,622,6101,,active,,
6169,630,6102,,active,,
6170,619,6103,,active,,
6171,621,6104,,active,,
6172,628,6105,,active,,
6173,631,6106,,active,,
6174,630,6107,,active,,
6175,631,6108,,active,,
6176,629,6109,,active,,
6177,627,6110,,active,,
6178,630,6111,,active,,
6179,632,6112,,active,,
6180,629,6113,,active,,
6181,630,6114,,active,,
6182,618,6115,,active,,
6183,630,6116,,active,,
6184,617,6117,,active,,
6185,629,6118,,active,,
6186,628,6119,,active,,
6187,631,6120,,active,,
6189,627,6122,,active,,
6190,617,6123,,active,,
6191,628,6124,,active,,
6192,630,6125,,active,,
6193,632,6126,,active,,
6194,620,6127,,active,,
6195,620,6128,,active,,
6196,617,6129,,active,,
6197,629,6130,,active,,
6198,628,6131,,active,,
6199,630,6132,,active,,
6200,627,6133,,active,,
6201,627,6134,,active,,
6202,628,6135,,active,,
6203,628,6136,,active,,
6204,630,6137,,active,,
6205,627,6138,,active,,
6206,630,6139,,active,,
6207,628,6140,,active,,
6208,630,6141,,active,,"2022-11-20 22:21:04"
6209,629,6142,,active,,
6210,629,6143,,active,,
6211,630,6144,,active,,
6212,628,6145,,active,,
6213,629,6146,,active,,
6214,627,6147,,active,,
6215,627,6148,,active,,
6216,629,6149,,active,,
6217,630,6150,,active,,
6218,619,6151,,active,,"2022-11-21 09:53:40"
6220,629,6153,,active,,
6221,632,6154,,active,,
6222,631,6155,,active,,
6223,619,6156,,active,,
6224,620,6157,,active,,
6225,629,6158,,active,,
6226,628,6159,,active,,
6227,632,6160,,active,,
6228,617,6161,,active,,
6229,618,6162,,active,,
6230,629,6163,,active,,
6231,628,6164,,active,,
6232,632,6165,,active,,
6233,629,6166,,active,,
6234,628,6167,,active,,
6236,632,6169,,active,,
6237,631,6170,,active,,
6238,629,6171,,active,,
6239,631,6172,,active,,
6241,627,6174,,active,,
6242,634,6175,,active,,
6243,632,6176,,active,,
6244,628,6177,,active,,
6245,632,6178,,active,,
6246,632,6179,,active,,
6247,627,6180,,active,,
6248,627,6181,,active,,
6249,628,6182,,active,,
6250,630,6183,,active,,
6251,631,6184,,active,,
6252,631,6185,,active,,
6253,627,6186,,active,,
6254,632,6187,,active,,
6255,627,6188,,active,,
6256,632,6189,,active,,"2022-11-22 11:06:32"
6257,617,6190,,active,,
6258,630,6191,,active,,
6259,628,6192,,active,,
6260,631,6193,,active,,
6261,628,6194,,active,,
6262,632,6195,,active,,
6263,628,6196,,active,,
6264,627,6197,,active,,
6265,629,6198,,active,,
6267,630,6200,,active,,"2022-11-22 21:12:32"
6268,629,6201,,active,,
6269,627,6202,,active,,"2022-11-22 21:15:30"
6270,627,6203,,active,,
6271,627,6204,,active,,
6272,620,6205,,active,,
6273,628,6206,,active,,
6274,629,6207,,active,,
6275,631,6208,,active,,
6276,632,6209,,active,,
6277,631,6210,,active,,
6278,619,6211,,active,,
6279,619,6212,,active,,
6280,617,6213,,active,,
6281,633,6214,,active,,
6282,634,6215,,active,,
6283,634,6216,,active,,
6285,627,6218,,active,,
6286,623,6219,,active,,
6287,633,6220,,active,,
6289,633,6222,,active,,
6290,635,6223,,active,,
6291,619,6224,,active,,
6292,619,6225,,active,,
6293,635,6226,,active,,
6295,629,6228,,active,,"2022-11-25 13:55:08"
6296,631,6229,,active,,"2022-11-25 13:55:26"
6298,636,6231,,active,,
6299,631,6232,,active,,
6300,634,6233,,active,,
6301,635,6234,,active,,
6303,631,6236,,active,,
6304,633,6237,,active,,
6305,634,6238,,active,,
6306,620,6239,,active,,
6307,617,6240,,active,,
6310,620,6243,,active,,
6311,618,6244,,active,,
6312,620,6245,,active,,
6314,617,6247,,active,,
6315,619,6248,,active,,
6316,617,6249,,active,,
6317,635,6250,,active,,
6318,634,6251,,active,,
6319,619,6252,,active,,
6320,619,6253,,active,,
6321,617,6254,,active,,
6322,627,6255,,active,,
6323,634,6256,,active,,
6324,632,6257,,active,,
6325,617,6258,,active,,
6326,636,6259,,active,,
6327,619,6260,,active,,
6328,617,6261,,active,,
6329,632,6262,,active,,
6330,633,6263,,active,,
6331,617,6264,,active,,
6332,617,6265,,active,,
6333,635,6266,,active,,
6334,629,6267,,active,,
6335,620,6268,,active,,
6336,617,6269,,active,,
6337,618,6270,,active,,
6338,634,6271,,active,,
6339,634,6272,,active,,
6340,617,6273,,active,,
6341,620,6274,,active,,
6342,617,6275,,active,,
6343,620,6276,,active,,
6344,617,6277,,active,,
6345,633,6278,,active,,
6346,621,6279,,active,,
6347,622,6280,,active,,
6348,632,6281,,active,,"2022-11-30 14:50:39"
6349,634,6282,,active,,
6350,632,6283,,active,,
6351,634,6284,,active,,
6352,633,6285,,active,,
6353,636,6286,,active,,
6354,633,6287,,active,,
6355,636,6288,,active,,
6356,633,6289,,active,,
6357,635,6290,,active,,
6358,636,6291,,active,,
6359,635,6292,,active,,
6360,635,6293,,active,,
6361,636,6294,,active,,
6362,634,6295,,active,,
6363,267,6296,,active,,"2022-12-06 08:21:45"
6364,617,6297,,active,,"2022-12-06 08:51:06"
6365,620,6298,,active,,"2022-12-06 10:18:15"
6366,620,6299,,active,,"2022-12-06 10:18:33"
6367,619,6300,,active,,"2022-12-06 10:19:05"
6368,619,6301,,active,,"2022-12-06 10:19:19"
6369,619,6302,,active,,"2022-12-06 10:19:31"
6370,623,6303,,active,,"2022-12-06 10:19:55"
6371,646,6304,,active,,
6372,638,6305,,active,,
6373,633,6306,,active,,
6374,640,6307,,active,,
6375,640,6308,,active,,
6376,638,6309,,active,,"2022-12-07 08:29:32"
6377,635,6310,,active,,
6380,636,6313,,active,,
6381,634,6314,,active,,
6382,634,6315,,active,,
6383,633,6316,,active,,
6385,635,6318,,active,,
6386,639,6319,,active,,
6387,641,6320,,active,,
6388,646,6321,,active,,
6389,644,6322,,active,,
6390,639,6323,,active,,
6391,641,6324,,active,,
6393,645,6326,,active,,
6394,640,6327,,active,,
6395,640,6328,,active,,
6396,645,6329,,active,,
6397,642,6330,,active,,
6398,644,6331,,active,,
6399,646,6332,,active,,
6400,636,6333,,active,,
6402,634,6335,,active,,
6403,633,6336,,active,,
6404,647,6337,,active,,
6405,647,6338,,active,,
6406,646,6339,,active,,
6407,641,6340,,active,,
6408,644,6341,,active,,
6409,644,6342,,active,,
6410,634,6343,,active,,
6411,634,6344,,active,,
6412,633,6345,,active,,
6413,640,6346,,active,,
6415,636,6348,,active,,
6416,640,6349,,active,,
6417,640,6350,,active,,
6418,636,6351,,active,,
6419,633,6352,,active,,
6423,644,6356,,active,,"2022-12-14 08:59:35"
6424,645,6357,,active,,"2022-12-14 11:35:20"
6425,641,6358,,active,,
6426,639,6359,,active,,
6427,634,6360,,active,,
6428,633,6361,,active,,
6429,640,6362,,active,,
6430,638,6363,,active,,
6431,642,6364,,active,,
6432,641,6365,,active,,
6433,647,6366,,active,,
6434,633,6367,,active,,
6435,640,6368,,active,,
6436,647,6369,,active,,
6437,645,6370,,active,,
6438,636,6371,,active,,
6439,645,6372,,active,,
6440,644,6373,,active,,
6442,635,6375,,active,,
6443,646,6376,,active,,
6444,640,6377,,active,,
6445,640,6378,,active,,
6446,646,6379,,active,,
6447,633,6380,,active,,
6448,642,6381,,active,,
6450,638,6383,,active,,
6451,647,6384,,active,,
6452,638,6385,,active,,
6453,647,6386,,active,,
6454,642,6387,,active,,
6455,647,6388,,active,,
6456,640,6389,,active,,
6457,638,6390,,active,,
6458,644,6391,,active,,
6459,639,6392,,active,,
6460,642,6393,,active,,
6461,647,6394,,active,,
6462,636,6395,,active,,
6463,639,6396,,active,,
6464,645,6397,,active,,
6465,633,6398,,active,,
6466,645,6399,,active,,
6468,636,6401,,active,,
6470,634,6403,,active,,
6471,633,6404,,active,,
6472,642,6405,,active,,
6474,647,6407,,active,,
6475,633,6408,,active,,
6476,636,6409,,active,,
6477,634,6410,,active,,
6478,645,6411,,active,,
6479,645,6412,,active,,
6480,633,6413,,active,,
6481,642,6414,,active,,
6482,634,6415,,active,,
6483,633,6416,,active,,
6484,646,6417,,active,,
6485,644,6418,,active,,
6488,638,6421,,active,,
6489,639,6422,,active,,
6490,641,6423,,active,,"2023-01-02 08:50:46"
6491,639,6424,,active,,
6492,641,6425,,active,,
6493,639,6426,,active,,"2023-01-02 09:36:22"
6494,646,6427,,active,,
6495,646,6428,,active,,
6496,638,6429,,active,,
6498,646,6431,,active,,
6499,636,6432,,active,,
6500,635,6433,,active,,
6501,646,6434,,active,,
6502,641,6435,,active,,
6503,645,6436,,active,,
6504,641,6437,,active,,
6505,637,6438,,active,,
6506,645,6439,,active,,
6507,644,6440,,active,,
6508,640,6441,,active,,
6509,644,6442,,active,,
6510,642,6443,,active,,"2023-01-03 13:28:42"
6511,644,6444,,active,,
6512,633,6445,,active,,
6513,635,6446,,active,,
6514,633,6447,,active,,
6515,635,6448,,active,,
6516,633,6449,,active,,
6517,645,6450,,active,,
6518,635,6451,,active,,
6519,641,6452,,active,,
6520,642,6453,,active,,
6521,637,6454,,active,,
6522,640,6455,,active,,
6523,634,6456,,active,,
6524,647,6457,,active,,
6525,641,6458,,active,,
6526,638,6459,,active,,
6527,646,6460,,active,,
6528,645,6461,,active,,
6529,639,6462,,active,,
6530,647,6463,,active,,
6531,633,6464,,active,,
6532,642,6465,,active,,
6533,633,6466,,active,,
6534,636,6467,,active,,
6535,641,6468,,active,,
6536,636,6469,,active,,
6537,639,6470,,active,,
6539,644,6472,,active,,
6540,636,6473,,active,,
6541,640,6474,,active,,
6542,637,6475,,active,,
6543,634,6476,,active,,
6544,634,6477,,active,,
6545,640,6478,,active,,
6546,639,6479,,active,,
6547,635,6480,,active,,
6548,642,6481,,active,,
6549,647,6482,,active,,
6550,634,6483,,active,,
6551,634,6484,,active,,
6552,634,6485,,active,,
6554,633,6487,,active,,
6555,637,6488,,active,,
6557,641,6490,,active,,"2023-01-06 09:49:52"
6558,639,6491,,active,,
6559,641,6492,,active,,
6560,646,6493,,active,,
6561,638,6494,,active,,
6562,641,6495,,active,,
6563,641,6496,,active,,"2023-01-07 09:03:40"
6564,635,6497,,active,,
6565,633,6498,,active,,
6566,647,6499,,active,,"2023-01-08 11:45:12"
6567,640,6500,,active,,"2023-01-08 11:45:58"
6568,636,6501,,active,,
6569,633,6502,,active,,
6570,635,6503,,active,,
6571,633,6504,,active,,
6572,635,6505,,active,,
6573,633,6506,,active,,
6574,636,6507,,active,,
6575,636,6508,,active,,
6576,635,6509,,active,,
6577,633,6510,,active,,"2023-01-09 17:16:42"
6578,633,6511,,active,,
6579,633,6512,,active,,
6580,636,6513,,active,,
6581,634,6514,,active,,
6582,633,6515,,active,,
6583,634,6516,,active,,
6584,633,6517,,active,,
6585,635,6518,,active,,
6586,634,6519,,active,,
6587,633,6520,,active,,
6588,635,6521,,active,,
6589,633,6522,,active,,
6590,634,6523,,active,,
6591,636,6524,,active,,
6592,635,6525,,active,,
6593,634,6526,,active,,
6594,636,6527,,active,,
6595,636,6528,,active,,
6596,636,6529,,active,,
6597,633,6530,,active,,
6598,635,6531,,active,,
6600,635,6533,,active,,
6601,636,6534,,active,,
6602,633,6535,,active,,
6604,633,6537,,active,,
6605,636,6538,,active,,
6606,635,6539,,active,,
6607,633,6540,,active,,
6608,634,6541,,active,,
6609,634,6542,,active,,
6610,633,6543,,active,,
6611,634,6544,,active,,
6612,634,6545,,active,,
6613,636,6546,,active,,
6614,636,6547,,active,,
6615,633,6548,,active,,
6616,636,6549,,active,,
6617,633,6550,,active,,
6618,636,6551,,active,,
6619,634,6552,,active,,
6620,634,6553,,active,,
6621,636,6554,,active,,
6622,636,6555,,active,,
6623,633,6556,,active,,
6624,634,6557,,active,,
6625,636,6558,,active,,
6626,633,6559,,active,,
6627,635,6560,,active,,
6628,636,6561,,active,,
6629,635,6562,,active,,
6630,636,6563,,active,,
6631,634,6564,,active,,
6632,634,6565,,active,,
6633,633,6566,,active,,
6634,635,6567,,active,,
6635,634,6568,,active,,
6636,636,6569,,active,,
6637,634,6570,,active,,
6638,633,6571,,active,,
6640,633,6573,,active,,
6641,636,6574,,active,,
6642,636,6575,,active,,
6643,634,6576,,active,,
6645,633,6578,,active,,
6646,636,6579,,active,,
6647,633,6580,,active,,
6648,636,6581,,active,,
6649,633,6582,,active,,
6650,636,6583,,active,,
6651,636,6584,,active,,
6652,634,6585,,active,,
6653,636,6586,,active,,
6654,633,6587,,active,,
6655,634,6588,,active,,
6656,635,6589,,active,,
6657,635,6590,,active,,
6658,635,6591,,active,,
6659,635,6592,,active,,
6661,635,6594,,active,,
6663,636,6596,,active,,
6664,636,6597,,active,,"2023-01-15 10:17:07"
6665,635,6598,,active,,"2023-01-15 10:19:12"
6666,636,6599,,active,,"2023-01-15 10:54:53"
6667,636,6600,,active,,"2023-01-15 11:11:18"
6668,635,6601,,active,,"2023-01-15 19:03:47"
6669,635,6602,,active,,"2023-01-15 19:06:23"
6670,633,6603,,active,,"2023-01-16 08:36:05"
6671,633,6604,,active,,"2023-01-16 10:19:12"
6672,634,6605,,active,,"2023-01-16 13:15:09"
6673,634,6606,,active,,"2023-01-18 08:19:01"
6674,635,6607,,active,,"2023-01-18 11:32:46"
6675,634,6608,,active,,"2023-01-19 08:32:20"
6676,636,6609,,active,,"2023-01-19 20:41:55"
6677,634,6610,,active,,"2023-01-19 20:50:52"
6678,666,6611,,active,,
6679,688,6612,,active,,
6682,688,6615,,active,,
6684,651,6617,,active,,
6685,650,6618,,active,,
6686,664,6619,,active,,
6687,664,6620,,active,,
6688,649,6621,,active,,
6689,663,6622,,active,,
6690,669,6623,,active,,
6691,651,6624,,active,,
6693,711,6626,,active,,
6694,710,6627,,active,,
6696,677,6629,,active,,
6697,665,6630,,active,,
6698,649,6631,,active,,
6700,690,6633,,active,,
6702,649,6635,,active,,
6703,665,6636,,active,,
6704,665,6637,,active,,
6705,665,6638,,active,,
6706,690,6639,,active,,
6707,653,6640,,active,,
6708,669,6641,,active,,
6710,712,6643,,active,,
6711,649,6644,,active,,
6712,666,6645,,active,,
6713,677,6646,,active,,
6714,668,6647,,active,,
6715,665,6648,,active,,
6716,652,6649,,active,,
6717,668,6650,,active,,
6718,712,6651,,active,,
6719,649,6652,,active,,
6720,655,6653,,active,,
6721,712,6654,,active,,
6722,712,6655,,active,,
6723,663,6656,,active,,
6724,666,6657,,active,,
6725,711,6658,,active,,
6726,649,6659,,active,,
6727,668,6660,,active,,
6728,671,6661,,active,,
6729,666,6662,,active,,
6731,663,6664,,active,,
6732,665,6665,,active,,
6733,711,6666,,active,,
6734,666,6667,,active,,
6735,655,6668,,active,,
6736,668,6669,,active,,
6737,651,6670,,active,,
6738,675,6671,,active,,
6739,655,6672,,active,,
6740,655,6673,,active,,
6741,671,6674,,active,,
6742,670,6675,,active,,
6743,668,6676,,active,,
6744,658,6677,,active,,
6747,657,6680,,active,,
6748,664,6681,,active,,
6749,663,6682,,active,,"2023-02-06 20:54:08"
6750,666,6683,,active,,
6751,653,6684,,active,,
6752,712,6685,,active,,
6753,651,6686,,active,,
6754,671,6687,,active,,
6755,653,6688,,active,,
6756,668,6689,,active,,
6757,713,6690,,active,,
6758,663,6691,,active,,
6759,649,6692,,active,,
6760,713,6693,,active,,
6761,664,6694,,active,,
6762,649,6695,,active,,
6763,652,6696,,active,,
6765,713,6698,,active,,
6766,657,6699,,active,,
6767,670,6700,,active,,
6768,665,6701,,active,,
6769,712,6702,,active,,
6770,710,6703,,active,,
6771,653,6704,,active,,
6772,653,6705,,active,,
6773,666,6706,,active,,
6774,655,6707,,active,,
6775,654,6708,,active,,
6776,692,6709,,active,,
6778,663,6711,,active,,
6779,651,6712,,active,,
6780,652,6713,,active,,
6781,713,6714,,active,,
6782,669,6715,,active,,
6783,657,6716,,active,,
6784,664,6717,,active,,
6785,711,6718,,active,,
6786,654,6719,,active,,
6787,649,6720,,active,,
6788,651,6721,,active,,
6789,710,6722,,active,,
6792,650,6725,,active,,
6793,650,6726,,active,,
6794,649,6727,,active,,
6795,652,6728,,active,,
6796,664,6729,,active,,
6797,658,6730,,active,,
6798,652,6731,,active,,
6799,713,6732,,active,,
6800,666,6733,,active,,
6801,713,6734,,active,,
6802,666,6735,,active,,
6803,670,6736,,active,,
6804,665,6737,,active,,
6805,668,6738,,active,,
6806,666,6739,,active,,
6807,652,6740,,active,,
6808,666,6741,,active,,
6809,658,6742,,active,,
6810,710,6743,,active,,
6811,666,6744,,active,,
6812,668,6745,,active,,
6813,654,6746,,active,,
6814,666,6747,,active,,
6816,668,6749,,active,,
6817,667,6750,,active,,
6818,665,6751,,active,,
6819,713,6752,,active,,
6821,710,6754,,active,,
6823,651,6756,,active,,
6824,671,6757,,active,,
6825,668,6758,,active,,
6826,653,6759,,active,,
6827,665,6760,,active,,
6828,658,6761,,active,,
6830,710,6763,,active,,
6831,666,6764,,active,,
6832,713,6765,,active,,
6833,671,6766,,active,,
6834,654,6767,,active,,
6835,710,6768,,active,,"2023-02-13 20:45:08"
6836,668,6769,,active,,"2023-02-13 20:46:25"
6837,649,6770,,active,,
6838,664,6771,,active,,"2023-02-13 20:49:20"
6840,668,6773,,active,,"2023-02-13 20:53:09"
6841,710,6774,,active,,"2023-02-13 20:58:04"
6842,653,6775,,active,,
6843,670,6776,,active,,
6844,666,6777,,active,,
6845,667,6778,,active,,
6846,670,6779,,active,,
6848,657,6781,,active,,"2023-02-14 07:58:51"
6849,671,6782,,active,,"2023-02-14 08:02:17"
6850,669,6783,,active,,"2023-02-14 08:08:18"
6851,657,6784,,active,,"2023-02-14 08:09:45"
6853,671,6786,,active,,"2023-02-14 08:11:21"
6854,667,6787,,active,,"2023-02-14 08:14:24"
6855,658,6788,,active,,"2023-02-14 08:16:45"
6856,676,6789,,active,,
6857,692,6790,,active,,
6858,674,6791,,active,,
6859,688,6792,,active,,
6860,651,6793,,active,,"2023-02-15 09:39:42"
6861,654,6794,,active,,"2023-02-15 09:42:56"
6862,666,6795,,active,,"2023-02-15 10:22:16"
6863,650,6796,,active,,"2023-02-15 21:31:47"
6865,712,6798,,active,,"2023-02-16 11:49:19"
6866,652,6799,,active,,"2023-02-16 14:47:21"
6868,719,6801,,active,,
6869,675,6802,,active,,
6870,719,6803,,active,,
6871,678,6804,,active,,
6872,673,6805,,active,,
6873,678,6806,,active,,
6875,680,6808,,active,,
6876,721,6809,,active,,
6877,677,6810,,active,,
6878,675,6811,,active,,
6880,691,6813,,active,,
6882,714,6815,,active,,
6883,721,6816,,active,,
6884,677,6817,,active,,
6885,719,6818,,active,,
6887,714,6820,,active,,
6888,674,6821,,active,,
6889,715,6822,,active,,
6890,688,6823,,active,,
6891,720,6824,,active,,
6892,716,6825,,active,,
6893,690,6826,,active,,
6895,691,6828,,active,,
6896,674,6829,,active,,
6897,688,6830,,active,,
6898,688,6831,,active,,
6899,721,6832,,active,,
6900,676,6833,,active,,
6901,688,6834,,active,,
6902,689,6835,,active,,
6904,691,6837,,active,,
6906,677,6839,,active,,
6907,727,6840,,active,,
6908,691,6841,,active,,
6909,692,6842,,active,,
6910,728,6843,,active,,
6911,731,6844,,active,,
6912,677,6845,,active,,
6913,688,6846,,active,,
6914,674,6847,,active,,
6915,674,6848,,active,,
6916,680,6849,,active,,
6917,674,6850,,active,,
6918,674,6851,,active,,
6919,715,6852,,active,,
6920,723,6853,,active,,
6921,691,6854,,active,,
6922,726,6855,,active,,
6923,731,6856,,active,,
6924,694,6857,,active,,
6925,735,6858,,active,,
6926,721,6859,,active,,
6927,716,6860,,active,,
6928,723,6861,,active,,
6929,677,6862,,active,,
6930,759,6863,,active,,
6931,726,6864,,active,,
6932,728,6865,,active,,
6933,674,6866,,active,,
6934,689,6867,,active,,
6935,731,6868,,active,,
6936,733,6869,,active,,
6938,679,6871,,active,,
6939,759,6872,,active,,
6940,688,6873,,active,,
6941,675,6874,,active,,
6942,726,6875,,active,,
6943,675,6876,,active,,
6944,677,6877,,active,,
6945,689,6878,,active,,
6946,688,6879,,active,,
6947,728,6880,,active,,
6948,690,6881,,active,,
6949,673,6882,,active,,
6950,677,6883,,active,,
6951,688,6884,,active,,
6952,715,6885,,active,,
6953,687,6886,,active,,
6954,677,6887,,active,,
6955,715,6888,,active,,
6956,678,6889,,active,,
6957,687,6890,,active,,
6958,677,6891,,active,,
6959,677,6892,,active,,
6960,682,6893,,active,,
6961,688,6894,,active,,
6962,678,6895,,active,,
6964,717,6897,,active,,
6965,721,6898,,active,,
6966,673,6899,,active,,
6967,690,6900,,active,,
6968,687,6901,,active,,
6969,720,6902,,active,,
6970,692,6903,,active,,
6971,678,6904,,active,,
6972,717,6905,,active,,
6974,759,6907,,active,,
6975,691,6908,,active,,
6977,689,6910,,active,,
6978,688,6911,,active,,
6979,675,6912,,active,,
6981,682,6914,,active,,
6982,674,6915,,active,,
6983,692,6916,,active,,
6984,687,6917,,active,,
6985,691,6918,,active,,
6986,690,6919,,active,,
6987,691,6920,,active,,
6988,690,6921,,active,,
6989,673,6922,,active,,
6990,689,6923,,active,,
6991,673,6924,,active,,
6992,677,6925,,active,,
6993,674,6926,,active,,
6994,677,6927,,active,,
6995,679,6928,,active,,
6996,683,6929,,active,,
6997,687,6930,,active,,
6998,689,6931,,active,,
6999,690,6932,,active,,
7000,689,6933,,active,,
7001,693,6934,,active,,
7002,687,6935,,active,,
7003,690,6936,,active,,
7004,677,6937,,active,,
7005,673,6938,,active,,
7006,677,6939,,active,,
7007,690,6940,,active,,
7008,759,6941,,active,,
7009,693,6942,,active,,
7010,680,6943,,active,,
7011,716,6944,,active,,
7012,719,6945,,active,,
7013,677,6946,,active,,
7014,683,6947,,active,,
7015,675,6948,,active,,
7016,676,6949,,active,,
7017,723,6950,,active,,
7019,690,6952,,active,,
7020,689,6953,,active,,
7021,674,6954,,active,,
7022,690,6955,,active,,
7023,683,6956,,active,,
7024,677,6957,,active,,
7025,683,6958,,active,,
7026,690,6959,,active,,
7027,673,6960,,active,,
7028,721,6961,,active,,
7029,720,6962,,active,,
7030,689,6963,,active,,
7031,694,6964,,active,,
7032,689,6965,,active,,
7034,720,6967,,active,,
7035,694,6968,,active,,
7036,690,6969,,active,,
7037,676,6970,,active,,"2023-02-26 16:57:48"
7038,675,6971,,active,,"2023-02-26 17:00:52"
7039,683,6972,,active,,
7040,693,6973,,active,,
7041,691,6974,,active,,
7042,693,6975,,active,,
7043,676,6976,,active,,
7044,723,6977,,active,,
7045,676,6978,,active,,
7046,679,6979,,active,,
7047,673,6980,,active,,
7049,679,6982,,active,,
7050,679,6983,,active,,
7051,721,6984,,active,,
7052,692,6985,,active,,
7053,716,6986,,active,,
7054,720,6987,,active,,
7055,718,6988,,active,,
7056,717,6989,,active,,
7057,721,6990,,active,,
7058,714,6991,,active,,
7059,691,6992,,active,,
7060,718,6993,,active,,
7061,693,6994,,active,,
7062,689,6995,,active,,
7063,675,6996,,active,,
7064,673,6997,,active,,
7066,689,6999,,active,,
7067,688,7000,,active,,
7068,689,7001,,active,,
7069,733,7002,,active,,
7070,759,7003,,active,,
7071,692,7004,,active,,
7072,719,7005,,active,,
7073,691,7006,,active,,
7074,679,7007,,active,,
7075,721,7008,,active,,"2023-02-27 13:36:04"
7076,715,7009,,active,,
7077,760,7010,,active,,
7078,680,7011,,active,,
7079,716,7012,,active,,
7080,728,7013,,active,,
7081,691,7014,,active,,
7082,693,7015,,active,,
7083,687,7016,,active,,
7084,693,7017,,active,,
7085,714,7018,,active,,
7086,723,7019,,active,,
7087,723,7020,,active,,
7088,728,7021,,active,,
7089,735,7022,,active,,
7090,689,7023,,active,,
7091,673,7024,,active,,
7092,690,7025,,active,,
7093,717,7026,,active,,
7094,678,7027,,active,,
7095,688,7028,,active,,
7096,723,7029,,active,,
7097,689,7030,,active,,
7099,676,7032,,active,,
7100,727,7033,,active,,
7101,729,7034,,active,,
7102,727,7035,,active,,
7103,716,7036,,active,,
7105,715,7038,,active,,
7106,733,7039,,active,,"2023-02-28 10:35:21"
7107,727,7040,,active,,
7109,721,7042,,active,,
7110,676,7043,,active,,"2023-02-28 11:15:30"
7111,674,7044,,active,,"2023-02-28 11:17:17"
7112,693,7045,,active,,"2023-02-28 11:20:59"
7113,729,7046,,active,,
7114,733,7047,,active,,
7115,673,7048,,active,,"2023-02-28 11:27:21"
7116,682,7049,,active,,"2023-02-28 11:41:23"
7117,682,7050,,active,,"2023-02-28 11:45:17"
7118,760,7051,,active,,"2023-02-28 11:46:49"
7119,680,7052,,active,,"2023-02-28 11:47:33"
7120,694,7053,,active,,"2023-02-28 11:49:15"
7123,682,7056,,active,,"2023-02-28 11:50:53"
7124,760,7057,,active,,"2023-02-28 11:51:51"
7125,760,7058,,active,,"2023-02-28 11:52:29"
7126,682,7059,,active,,"2023-02-28 11:54:19"
7127,721,7060,,active,,
7128,720,7061,,active,,
7129,716,7062,,active,,
7130,728,7063,,active,,
7131,729,7064,,active,,
7132,728,7065,,active,,
7133,683,7066,,active,,"2023-03-01 05:19:10"
7134,717,7067,,active,,
7135,717,7068,,active,,
7136,727,7069,,active,,
7137,735,7070,,active,,
7138,673,7071,,active,,"2023-03-01 10:28:10"
7140,679,7073,,active,,"2023-03-01 10:29:45"
7141,723,7074,,active,,"2023-03-01 10:32:43"
7142,673,7075,,active,,"2023-03-01 10:35:30"
7144,675,7077,,active,,"2023-03-01 11:01:33"
7145,721,7078,,active,,
7146,714,7079,,active,,
7147,735,7080,,active,,
7148,673,7081,,active,,"2023-03-01 18:15:37"
7149,726,7082,,active,,
7150,717,7083,,active,,
7151,676,7084,,active,,"2023-03-02 18:43:41"
7152,715,7085,,active,,
7153,726,7086,,active,,
7154,735,7087,,active,,
7155,733,7088,,active,,
7156,727,7089,,active,,
7157,717,7090,,active,,
7158,720,7091,,active,,
7159,718,7092,,active,,
7160,718,7093,,active,,
7161,714,7094,,active,,
7162,731,7095,,active,,
7163,721,7096,,active,,
7164,718,7097,,active,,
7166,727,7099,,active,,
7167,720,7100,,active,,
7168,734,7101,,active,,
7169,733,7102,,active,,
7170,718,7103,,active,,
7171,720,7104,,active,,
7172,721,7105,,active,,
7173,733,7106,,active,,
7174,720,7107,,active,,
7175,727,7108,,active,,
7176,735,7109,,active,,
7177,734,7110,,active,,
7178,714,7111,,active,,
7179,719,7112,,active,,
7180,726,7113,,active,,
7181,732,7114,,active,,
7182,720,7115,,active,,
7184,733,7117,,active,,
7185,734,7118,,active,,
7186,718,7119,,active,,
7187,732,7120,,active,,
7188,735,7121,,active,,
7189,716,7122,,active,,
7190,719,7123,,active,,
7191,731,7124,,active,,
7192,717,7125,,active,,"2023-03-05 17:50:43"
7193,734,7126,,active,,
7194,715,7127,,active,,
7195,726,7128,,active,,
7196,716,7129,,active,,
7197,716,7130,,active,,
7198,716,7131,,active,,
7199,718,7132,,active,,
7200,717,7133,,active,,
7201,719,7134,,active,,
7202,718,7135,,active,,
7203,726,7136,,active,,
7204,731,7137,,active,,
7205,720,7138,,active,,
7206,717,7139,,active,,
7207,715,7140,,active,,
7208,721,7141,,active,,
7209,735,7142,,active,,
7210,727,7143,,active,,
7211,719,7144,,active,,
7212,727,7145,,active,,
7213,732,7146,,active,,
7214,735,7147,,active,,
7215,733,7148,,active,,
7217,717,7150,,active,,
7218,732,7151,,active,,
7219,716,7152,,active,,
7220,718,7153,,active,,
7221,719,7154,,active,,
7222,735,7155,,active,,
7223,718,7156,,active,,
7224,727,7157,,active,,
7226,731,7159,,active,,
7228,735,7161,,active,,
7229,726,7162,,active,,
7230,726,7163,,active,,
7231,735,7164,,active,,
7232,727,7165,,active,,
7233,734,7166,,active,,
7234,726,7167,,active,,
7235,733,7168,,active,,
7236,732,7169,,active,,
7238,733,7171,,active,,
7239,731,7172,,active,,
7240,727,7173,,active,,
7241,732,7174,,active,,
7242,717,7175,,active,,
7243,729,7176,,active,,
7244,729,7177,,active,,
7245,715,7178,,active,,
7246,819,7179,,active,,
7247,814,7180,,active,,
7248,877,7181,,active,,"2023-03-13 14:45:36"
7251,764,7184,,active,,
7252,771,7185,,active,,
7254,766,7187,,active,,
7256,768,7189,,active,,
7257,763,7190,,active,,
7258,798,7191,,active,,
7259,770,7192,,active,,
7260,771,7193,,active,,
7262,872,7195,,active,,"2023-03-14 08:02:04"
7263,771,7196,,active,,
7265,873,7198,,active,,
7266,870,7199,,active,,
7267,770,7200,,active,,
7268,767,7201,,active,,
7269,772,7202,,active,,
7270,871,7203,,active,,
7271,871,7204,,active,,
7273,799,7206,,active,,
7274,729,7207,,active,,"2023-03-16 12:13:05"
7275,729,7208,,active,,"2023-03-16 12:13:47"
7276,729,7209,,active,,"2023-03-16 12:14:15"
7277,731,7210,,active,,"2023-03-16 12:19:36"
7278,732,7211,,active,,"2023-03-16 12:21:58"
7280,728,7213,,active,,"2023-03-16 12:39:46"
7281,735,7214,,active,,"2023-03-16 16:54:17"
7282,819,7215,,active,,
7283,873,7216,,active,,
7284,735,7217,,active,,"2023-03-17 10:07:36"
7285,727,7218,,active,,"2023-03-17 14:25:54"
7286,874,7219,,active,,
7287,814,7220,,active,,
7288,819,7221,,active,,
7289,874,7222,,active,,
7290,872,7223,,active,,
7291,872,7224,,active,,
7292,873,7225,,active,,
7293,871,7226,,active,,
7294,872,7227,,active,,
7295,871,7228,,active,,
7296,872,7229,,active,,
7298,878,7231,,active,,
7299,868,7232,,active,,"2023-03-26 16:48:03"
7300,869,7233,,active,,
7301,872,7234,,active,,
7302,868,7235,,active,,
7303,871,7236,,active,,
7304,868,7237,,active,,
7305,873,7238,,active,,
7306,873,7239,,active,,
7307,873,7240,,active,,
7308,873,7241,,active,,
7309,874,7242,,active,,
7310,874,7243,,active,,
7311,870,7244,,active,,
7312,873,7245,,active,,
7313,871,7246,,active,,
7314,869,7247,,active,,
7315,872,7248,,active,,
7316,870,7249,,active,,
7317,869,7250,,active,,
7318,872,7251,,active,,
7319,870,7252,,active,,
7320,868,7253,,active,,
7323,868,7256,,active,,"2023-03-28 15:35:08"
7327,881,7260,,active,,"2023-03-30 10:07:42"
7328,881,7261,,active,,"2023-03-30 10:07:57"
7329,881,7262,,active,,"2023-03-30 10:08:09"
7330,881,7263,,active,,"2023-03-30 10:08:39"
7331,881,7264,,active,,"2023-03-30 10:08:56"
7332,881,7265,,active,,"2023-03-30 10:09:10"
7333,881,7266,,active,,"2023-03-30 10:09:53"
7334,881,7267,,active,,"2023-03-30 10:10:16"
7335,881,7268,,active,,"2023-03-30 10:10:27"
7336,882,7269,,active,,"2023-03-30 10:11:25"
7337,882,7270,,active,,"2023-03-30 10:11:35"
7338,882,7271,,active,,"2023-03-30 10:11:59"
7339,882,7272,,active,,"2023-03-30 10:12:17"
7340,882,7273,,active,,"2023-03-30 10:12:32"
7341,882,7274,,active,,"2023-03-30 10:12:40"
7342,882,7275,,active,,"2023-03-30 10:12:54"
7343,882,7276,,active,,"2023-03-30 10:13:05"
7344,882,7277,,active,,"2023-03-30 10:13:13"
7345,882,7278,,active,,"2023-03-30 10:13:20"
7346,883,7279,,active,,"2023-03-30 10:14:00"
7347,883,7280,,active,,"2023-03-30 10:14:07"
7348,883,7281,,active,,"2023-03-30 10:14:17"
7349,883,7282,,active,,"2023-03-30 10:14:25"
7350,883,7283,,active,,"2023-03-30 10:14:45"
7351,883,7284,,active,,"2023-03-30 10:14:53"
7352,883,7285,,active,,"2023-03-30 10:14:59"
7353,883,7286,,active,,"2023-03-30 10:15:10"
7354,883,7287,,active,,"2023-03-30 10:15:21"
7355,883,7288,,active,,"2023-03-30 10:15:35"
7356,883,7289,,active,,"2023-03-30 10:15:43"
7357,883,7290,,active,,"2023-03-30 10:15:51"
7358,884,7291,,active,,"2023-03-30 10:16:27"
7359,884,7292,,active,,"2023-03-30 10:16:37"
7360,884,7293,,active,,"2023-03-30 10:16:45"
7361,884,7294,,active,,"2023-03-30 10:16:52"
7362,884,7295,,active,,"2023-03-30 10:17:04"
7363,884,7296,,active,,"2023-03-30 10:17:09"
7364,884,7297,,active,,"2023-03-30 10:17:23"
7365,884,7298,,active,,"2023-03-30 10:17:40"
7366,884,7299,,active,,"2023-03-30 10:17:49"
7367,884,7300,,active,,"2023-03-30 10:17:58"
7368,875,7301,,active,,"2023-03-30 10:18:14"
7369,875,7302,,active,,"2023-03-30 10:18:31"
7370,803,7303,,active,,
7371,800,7304,,active,,
7372,765,7305,,active,,
7373,813,7306,,active,,
7374,819,7307,,active,,
7376,819,7309,,active,,
7378,798,7311,,active,,
7379,812,7312,,active,,
7380,806,7313,,active,,
7382,819,7315,,active,,
7383,801,7316,,active,,
7384,798,7317,,active,,
7385,803,7318,,active,,"2023-04-13 11:34:28"
7386,801,7319,,active,,"2023-04-13 11:40:35"
7387,819,7320,,active,,
7388,772,7321,,active,,"2023-04-13 13:18:46"
7389,764,7322,,active,,"2023-04-13 13:19:02"
7390,771,7323,,active,,
7391,812,7324,,active,,
7392,811,7325,,active,,
7394,810,7327,,active,,
7395,771,7328,,active,,
7396,819,7329,,active,,
7397,769,7330,,active,,
7398,816,7331,,active,,
7399,887,7332,,active,,
7401,887,7334,,active,,
7402,768,7335,,active,,
7404,801,7337,,active,,
7405,819,7338,,active,,
7406,768,7339,,active,,
7407,887,7340,,active,,
7408,764,7341,,active,,
7409,887,7342,,active,,
7410,812,7343,,active,,
7411,798,7344,,active,,
7412,819,7345,,active,,
7413,801,7346,,active,,
7414,813,7347,,active,,
7415,803,7348,,active,,
7416,887,7349,,active,,
7417,798,7350,,active,,
7418,801,7351,,active,,
7419,798,7352,,active,,
7420,887,7353,,active,,
7421,887,7354,,active,,
7422,819,7355,,active,,
7423,765,7356,,active,,
7424,813,7357,,active,,
7425,770,7358,,active,,
7426,770,7359,,active,,
7427,771,7360,,active,,
7428,887,7361,,active,,
7429,799,7362,,active,,
7430,805,7363,,active,,
7431,802,7364,,active,,
7432,766,7365,,active,,
7433,887,7366,,active,,
7436,887,7369,,active,,
7437,814,7370,,active,,
7438,887,7371,,active,,
7439,887,7372,,active,,
7440,887,7373,,active,,
7441,772,7374,,active,,
7442,816,7375,,active,,
7443,770,7376,,active,,
7444,812,7377,,active,,
7445,816,7378,,active,,
7446,799,7379,,active,,
7447,886,7380,,active,,
7448,819,7381,,active,,
7449,887,7382,,active,,
7450,816,7383,,active,,
7451,900,7384,,active,,
7452,820,7385,,active,,
7453,820,7386,,active,,
7454,737,7387,,active,,
7455,838,7388,,active,,
7456,765,7389,,active,,
7457,761,7390,,active,,
7458,805,7391,,active,,
7459,768,7392,,active,,
7460,765,7393,,active,,
7461,802,7394,,active,,
7462,887,7395,,active,,
7463,879,7396,,active,,
7464,887,7397,,active,,
7465,800,7398,,active,,
7466,887,7399,,active,,"2023-04-19 13:44:00"
7467,886,7400,,active,,
7468,811,7401,,active,,
7469,887,7402,,active,,
7470,887,7403,,active,,
7473,887,7406,,active,,"2023-04-19 16:34:17"
7474,887,7407,,active,,
7477,801,7410,,active,,
7479,811,7412,,active,,
7480,887,7413,,active,,
7481,806,7414,,active,,
7482,887,7415,,active,,
7483,819,7416,,active,,
7484,819,7417,,active,,
7485,799,7418,,active,,
7486,798,7419,,active,,
7487,819,7420,,active,,
7488,811,7421,,active,,
7489,812,7422,,active,,
7490,797,7423,,active,,
7491,805,7424,,active,,
7492,801,7425,,active,,
7493,797,7426,,active,,
7494,812,7427,,active,,
7495,798,7428,,active,,
7496,803,7429,,active,,
7498,821,7431,,active,,
7499,800,7432,,active,,
7500,801,7433,,active,,
7501,820,7434,,active,,
7502,806,7435,,active,,
7503,811,7436,,active,,
7504,811,7437,,active,,
7505,801,7438,,active,,
7506,802,7439,,active,,
7507,814,7440,,active,,
7508,818,7441,,active,,
7509,816,7442,,active,,
7510,799,7443,,active,,
7511,801,7444,,active,,
7513,797,7446,,active,,
7514,824,7447,,active,,
7515,801,7448,,active,,
7516,805,7449,,active,,
7517,799,7450,,active,,
7518,763,7451,,active,,
7519,901,7452,,active,,
7520,819,7453,,active,,
7521,803,7454,,active,,
7522,797,7455,,active,,
7523,819,7456,,active,,
7524,803,7457,,active,,
7526,821,7459,,active,,"2023-04-20 12:04:51"
7527,801,7460,,active,,"2023-04-20 12:06:14"
7528,812,7461,,active,,
7529,798,7462,,active,,
7530,813,7463,,active,,
7531,797,7464,,active,,
7532,802,7465,,active,,
7533,818,7466,,active,,
7534,802,7467,,active,,
7535,810,7468,,active,,
7536,878,7469,,active,,
7537,886,7470,,active,,
7538,811,7471,,active,,
7539,798,7472,,active,,
7540,802,7473,,active,,
7541,800,7474,,active,,
7542,798,7475,,active,,
7543,811,7476,,active,,
7545,810,7478,,active,,
7546,819,7479,,active,,
7548,812,7481,,active,,
7551,809,7484,,active,,"2023-04-20 19:22:39"
7552,809,7485,,active,,"2023-04-20 19:24:06"
7553,806,7486,,active,,"2023-04-20 19:25:33"
7554,821,7487,,active,,"2023-04-20 19:26:41"
7555,809,7488,,active,,"2023-04-20 19:28:46"
7557,815,7490,,active,,
7559,820,7492,,active,,"2023-04-20 19:33:14"
7560,879,7493,,active,,"2023-04-20 19:34:56"
7561,820,7494,,active,,"2023-04-20 19:36:07"
7562,820,7495,,active,,"2023-04-20 19:36:59"
7563,821,7496,,active,,"2023-04-20 19:54:48"
7564,885,7497,,active,,"2023-04-20 19:56:53"
7565,801,7498,,active,,
7566,803,7499,,active,,
7567,797,7500,,active,,
7568,803,7501,,active,,
7569,812,7502,,active,,
7570,816,7503,,active,,
7571,810,7504,,active,,
7573,803,7506,,active,,
7574,805,7507,,active,,
7575,805,7508,,active,,
7576,816,7509,,active,,"2023-04-20 21:55:24"
7577,801,7510,,active,,
7579,801,7512,,active,,
7580,812,7513,,active,,
7581,799,7514,,active,,
7583,721,7516,,active,,"2023-04-21 08:48:25"
7584,720,7517,,active,,"2023-04-21 09:01:05"
7585,716,7518,,active,,"2023-04-21 09:04:39"
7586,800,7519,,active,,"2023-04-21 09:45:04"
7587,901,7520,,active,,"2023-04-21 09:52:03"
7588,901,7521,,active,,"2023-04-21 09:52:39"
7589,885,7522,,active,,"2023-04-22 10:19:50"
7590,886,7523,,active,,"2023-04-22 10:22:27"
7591,813,7524,,active,,"2023-04-22 10:25:17"
7592,815,7525,,active,,"2023-04-22 10:26:16"
7593,798,7526,,active,,"2023-04-22 16:18:08"
7594,819,7527,,active,,"2023-04-22 22:57:51"
7598,798,7531,,active,,"2023-04-23 16:40:05"
7599,812,7532,,active,,"2023-04-23 16:41:24"
7600,815,7533,,active,,"2023-04-23 16:42:23"
7601,769,7534,,active,,
7602,799,7535,,active,,"2023-04-24 09:47:30"
7603,819,7536,,active,,"2023-04-24 09:48:34"
7604,797,7537,,active,,"2023-04-24 09:53:07"
7605,800,7538,,active,,"2023-04-24 09:55:00"
7606,761,7539,,active,,
7607,811,7540,,active,,"2023-04-24 11:58:42"
7608,819,7541,,active,,"2023-04-24 12:00:29"
7609,812,7542,,active,,"2023-04-24 12:02:45"
7610,806,7543,,active,,"2023-04-24 19:45:34"
7611,806,7544,,active,,"2023-04-24 19:46:55"
7612,815,7545,,active,,"2023-04-24 19:52:15"
7613,901,7546,,active,,
7615,814,7548,,active,,"2023-04-24 21:18:41"
7618,771,7551,,active,,
7619,770,7552,,active,,
7621,901,7554,,active,,
7622,763,7555,,active,,
7623,763,7556,,active,,"2023-04-25 11:32:17"
7624,769,7557,,active,,
7626,822,7559,,active,,
7627,922,7560,,active,,
7628,766,7561,,active,,
7629,768,7562,,active,,
7630,899,7563,,active,,
7631,899,7564,,active,,
7632,901,7565,,active,,
7633,901,7566,,active,,
7634,928,7567,,active,,"2023-04-25 20:47:27"
7636,772,7569,,active,,
7637,769,7570,,active,,
7638,766,7571,,active,,
7639,928,7572,,active,,
7640,798,7573,,active,,"2023-04-26 08:57:59"
7642,921,7575,,active,,
7643,814,7576,,active,,"2023-04-26 15:41:35"
7644,821,7577,,active,,"2023-04-26 15:45:49"
7645,886,7578,,active,,"2023-04-26 16:55:36"
7646,770,7579,,active,,
7647,770,7580,,active,,
7648,765,7581,,active,,
7649,805,7582,,active,,"2023-04-26 21:58:38"
7651,763,7584,,active,,
7652,768,7585,,active,,
7653,771,7586,,active,,
7654,899,7587,,active,,
7655,772,7588,,active,,
7656,763,7589,,active,,
7657,901,7590,,active,,
7658,842,7591,,active,,
7659,920,7592,,active,,
7660,769,7593,,active,,
7661,769,7594,,active,,
7662,764,7595,,active,,
7663,766,7596,,active,,
7665,768,7598,,active,,
7666,772,7599,,active,,
7667,769,7600,,active,,
7668,928,7601,,active,,"2023-04-30 14:39:12"
7670,769,7603,,active,,
7673,763,7606,,active,,
7674,769,7607,,active,,
7675,767,7608,,active,,
7676,761,7609,,active,,
7679,899,7612,,active,,
7680,901,7613,,active,,
7681,768,7614,,active,,
7682,772,7615,,active,,
7683,928,7616,,active,,
7684,765,7617,,active,,
7685,769,7618,,active,,
7687,899,7620,,active,,
7688,765,7621,,active,,
7689,765,7622,,active,,
7691,765,7624,,active,,
7692,769,7625,,active,,
7693,770,7626,,active,,
7694,769,7627,,active,,
7696,900,7629,,active,,
7697,899,7630,,active,,
7698,762,7631,,active,,
7699,899,7632,,active,,
7700,901,7633,,active,,
7701,765,7634,,active,,"2023-05-02 10:58:39"
7702,926,7635,,active,,
7704,825,7637,,active,,
7705,771,7638,,active,,
7706,765,7639,,active,,
7707,900,7640,,active,,
7708,770,7641,,active,,
7709,766,7642,,active,,
7711,767,7644,,active,,
7712,763,7645,,active,,
7713,772,7646,,active,,
7714,767,7647,,active,,
7715,763,7648,,active,,
7716,767,7649,,active,,
7717,767,7650,,active,,
7718,899,7651,,active,,
7720,899,7653,,active,,"2023-05-03 09:34:21"
7721,762,7654,,active,,
7723,767,7656,,active,,
7724,901,7657,,active,,
7725,901,7658,,active,,
7726,899,7659,,active,,
7727,775,7660,,active,,"2023-05-04 12:23:38"
7728,782,7661,,active,,"2023-05-04 12:23:53"
7729,779,7662,,active,,"2023-05-04 12:24:11"
7730,783,7663,,active,,"2023-05-04 12:24:24"
7731,900,7664,,active,,
7732,900,7665,,active,,
7733,928,7666,,active,,"2023-05-04 22:43:14"
7742,938,7675,,active,,
7746,783,7679,,active,,
7747,938,7680,,active,,
7749,745,7682,,active,,
7751,906,7684,,active,,"2023-05-09 20:22:15"
7753,934,7686,,active,,
7756,934,7689,,active,,
7757,938,7690,,active,,
7758,939,7691,,active,,
7759,934,7692,,active,,
7764,934,7697,,active,,
7768,934,7701,,active,,
7769,934,7702,,active,,
7770,906,7703,,active,,"2023-05-11 10:01:13"
7771,940,7704,,active,,
7772,924,7705,,active,,
7773,939,7706,,active,,
7774,905,7707,,active,,
7775,931,7708,,active,,
7776,907,7709,,active,,
7777,934,7710,,active,,
7778,938,7711,,active,,
7781,905,7714,,active,,"2023-05-15 09:30:51"
7784,905,7717,,active,,"2023-05-15 09:31:24"
7789,907,7722,,active,,"2023-05-15 09:33:16"
7791,907,7724,,active,,"2023-05-15 09:33:32"
7792,907,7725,,active,,"2023-05-15 09:33:44"
7793,907,7726,,active,,"2023-05-15 09:33:53"
7794,907,7727,,active,,"2023-05-15 09:34:03"
7795,907,7728,,active,,"2023-05-15 09:34:15"
7796,907,7729,,active,,"2023-05-15 09:34:26"
7797,907,7730,,active,,"2023-05-15 09:34:33"
7798,907,7731,,active,,"2023-05-15 09:34:45"
7802,742,7735,,active,,
7803,745,7736,,active,,
7805,939,7738,,active,,
7806,940,7739,,active,,
7807,934,7740,,active,,
7808,938,7741,,active,,
7809,939,7742,,active,,
7810,931,7743,,active,,"2023-05-15 12:43:21"
7811,905,7744,,active,,"2023-05-15 12:44:12"
7812,934,7745,,active,,
7813,939,7746,,active,,
7814,780,7747,,active,,
7815,938,7748,,active,,
7816,940,7749,,active,,
7817,939,7750,,active,,
7818,938,7751,,active,,
7819,938,7752,,active,,
7820,938,7753,,active,,
7821,939,7754,,active,,
7822,940,7755,,active,,
7823,934,7756,,active,,
7824,784,7757,,active,,
7825,938,7758,,active,,
7826,906,7759,,active,,"2023-05-16 09:37:55"
7827,913,7760,,active,,"2023-05-16 09:38:26"
7829,905,7762,,active,,
7830,906,7763,,active,,"2023-05-16 09:41:26"
7831,906,7764,,active,,"2023-05-16 09:41:56"
7832,906,7765,,active,,"2023-05-16 09:42:17"
7834,938,7767,,active,,"2023-05-16 10:14:41"
7835,905,7768,,active,,
7836,907,7769,,active,,
7837,905,7770,,active,,
7838,925,7771,,active,,
7839,907,7772,,active,,
7840,905,7773,,active,,
7841,934,7774,,active,,
7842,938,7775,,active,,
7843,938,7776,,active,,
7844,934,7777,,active,,
7845,939,7778,,active,,
7846,744,7779,,active,,
7847,736,7780,,active,,
7848,938,7781,,active,,
7849,923,7782,,active,,
7851,840,7784,,active,,
7852,905,7785,,active,,
7853,934,7786,,active,,
7854,907,7787,,active,,
7855,934,7788,,active,,
7856,736,7789,,active,,
7857,939,7790,,active,,
7858,938,7791,,active,,
7859,934,7792,,active,,"2023-05-18 09:57:21"
7861,938,7794,,active,,
7862,939,7795,,active,,"2023-05-18 11:34:07"
7863,907,7796,,active,,
7865,741,7798,,active,,
7866,905,7799,,active,,"2023-05-19 06:42:37"
7869,833,7802,,active,,
7870,924,7803,,active,,
7871,784,7804,,active,,
7872,923,7805,,active,,
7873,783,7806,,active,,
7874,930,7807,,active,,
7876,907,7809,,active,,"2023-05-21 14:01:02"
7877,940,7810,,active,,
7878,940,7811,,active,,
7879,939,7812,,active,,
7880,784,7813,,active,,
7882,823,7815,,active,,
7883,908,7816,,active,,
7885,930,7818,,active,,"2023-05-23 06:42:28"
7886,908,7819,,active,,"2023-05-23 06:43:05"
7887,939,7820,,active,,
7888,939,7821,,active,,
7889,910,7822,,active,,
7890,911,7823,,active,,"2023-05-23 11:48:31"
7891,908,7824,,active,,
7892,737,7825,,active,,
7893,743,7826,,active,,
7894,742,7827,,active,,
7895,910,7828,,active,,
7896,908,7829,,active,,
7897,737,7830,,active,,
7898,741,7831,,active,,
7899,910,7832,,active,,
7900,930,7833,,active,,
7901,910,7834,,active,,
7902,908,7835,,active,,
7903,908,7836,,active,,
7904,908,7837,,active,,
7905,922,7838,,active,,
7906,824,7839,,active,,
7907,910,7840,,active,,
7908,910,7841,,active,,
7909,908,7842,,active,,
7910,910,7843,,active,,
7911,737,7844,,active,,
7912,745,7845,,active,,
7913,742,7846,,active,,
7915,939,7848,,active,,
7918,908,7851,,active,,"2023-05-25 16:49:14"
7919,908,7852,,active,,
7922,912,7866,,active,,"2023-05-26 08:23:03"
7923,912,7867,,active,,"2023-05-26 08:23:18"
7926,920,7882,,active,,
7927,584,7882,,active,,
7928,911,7883,,active,,
7929,584,7883,,active,,
7930,911,7884,,active,,
7931,584,7884,,active,,
7933,584,7885,,active,,
7934,782,7886,,active,,
7935,584,7886,,active,,
7936,924,7887,,active,,
7937,584,7887,,active,,
7938,831,7888,,active,,
7939,584,7888,,active,,
7941,584,7889,,active,,
7943,584,7890,,active,,
7945,584,7891,,active,,
7947,584,7892,,active,,
7949,584,7893,,active,,
7951,584,7894,,active,,
7952,939,7895,,active,,
7953,584,7895,,active,,
7954,783,7896,,active,,
7955,584,7896,,active,,
7956,923,7897,,active,,
7957,584,7897,,active,,
7958,939,7898,,active,,
7959,584,7898,,active,,
7960,745,7899,,active,,
7961,584,7899,,active,,
7962,840,7900,,active,,
7963,584,7900,,active,,
7964,775,7902,,active,,
7965,584,7902,,active,,
7967,837,7904,,active,,
7968,584,7904,,active,,
7970,584,7905,,active,,
7972,584,7906,,active,,
7973,823,7907,,active,,
7974,584,7907,,active,,
7975,914,7908,,active,,
7976,584,7908,,active,,
7977,840,7909,,active,,
7978,584,7909,,active,,
7980,922,7911,,active,,
7981,584,7911,,active,,
7982,925,7912,,active,,
7983,584,7912,,active,,
7993,745,7924,,active,,
7994,584,7924,,active,,
8001,744,7933,,active,,
8002,584,7933,,active,,
8004,584,7934,,active,,
8005,929,7935,,active,,
8006,584,7935,,active,,
8009,776,7950,,active,,
8010,584,7950,,active,,
8011,784,7951,,active,,
8012,584,7951,,active,,
8033,584,7974,,active,,
8034,777,7975,,active,,
8035,584,7975,,active,,
8041,925,7982,,active,,
8042,584,7982,,active,,
8043,921,7983,,active,,
8044,584,7983,,active,,
8046,584,7984,,active,,
8047,836,7985,,active,,
8048,584,7985,,active,,
8067,585,8006,,active,,
8068,741,8007,,active,,
8088,916,8037,,active,,
8090,929,8038,,active,,
8124,924,8101,,active,,
8126,927,8102,,active,,
8130,920,8106,,active,,
8141,584,8117,,active,,
8143,584,8118,,active,,
8145,584,8120,,active,,
8147,927,8122,,active,,
8150,927,8123,,active,,
8152,925,8124,,active,,
8154,924,8125,,active,,
8157,646,8126,,active,,
8158,924,8127,,active,,
8160,921,8128,,active,,
8164,921,8132,,active,,
8167,922,8133,,active,,
8169,923,8134,,active,,
8171,922,8135,,active,,
8184,927,8150,,active,,
8210,922,8177,,active,,
8212,923,8178,,active,,
8214,927,8179,,active,,
8217,646,8180,,active,,
8219,646,8181,,active,,
8220,924,8182,,active,,
8222,924,8183,,active,,
8224,925,8184,,active,,
8226,921,8185,,active,,
8228,923,8186,,active,,
8230,920,8187,,active,,
8232,921,8188,,active,,
8237,646,8191,,active,,
8239,921,8193,,active,,
8240,646,8193,,active,,
8241,921,8194,,active,,
8242,646,8194,,active,,
8248,646,8198,,active,,
8250,646,8199,,active,,
8265,916,8205,,active,,
8266,584,8205,,active,,
8268,584,8206,,active,,
8271,777,8207,,active,,
8272,584,8207,,active,,
8322,584,8223,,active,,
8324,584,8224,,active,,
8329,584,8225,,active,,
8331,584,8226,,active,,
8334,584,8227,,active,,
8335,823,8228,,active,,
8336,584,8228,,active,,
8338,584,8229,,active,,
8339,826,8230,,active,,
8340,584,8230,,active,,
8342,584,8231,,active,,
8344,584,8233,,active,,
8347,584,8234,,active,,
8348,842,8235,,active,,
8349,584,8235,,active,,
8352,584,8236,,active,,
8355,584,8238,,active,,
8358,914,8240,,active,,
8360,933,8241,,active,,
8366,838,8243,,active,,
8417,921,8258,,active,,
8419,920,8259,,active,,
8421,923,8260,,active,,
8423,920,8261,,active,,
8426,939,8264,,active,,
8428,741,8265,,active,,
8433,927,8269,,active,,
8435,720,8270,,active,,
8437,720,8271,,active,,
8469,939,8311,,active,,
8481,912,8322,,active,,
8507,828,8350,,active,,
8509,939,8352,,active,,
8527,824,8370,,active,,
8529,826,8371,,active,,
8531,828,8372,,active,,
8533,893,8373,,active,,
8535,823,8374,,active,,
8537,836,8375,,active,,
8539,837,8376,,active,,
8541,838,8377,,active,,
8543,840,8378,,active,,
8566,822,8404,,active,,
8573,777,8409,,active,,
8589,775,8430,584,active,,
8590,775,8431,584,active,,
8595,776,8437,584,active,,
8611,778,8462,584,active,,
8614,767,8467,584,active,,
8629,749,8498,585,active,,
8630,754,8499,585,active,,
8631,736,8500,585,active,,
8633,752,8502,585,active,,
8634,752,8503,585,active,,
8635,753,8504,585,active,,
8636,747,8505,585,active,,
8637,747,8506,585,active,,
8638,747,8507,585,active,,
8639,747,8508,585,active,,
8640,755,8509,585,active,,
8641,755,8510,585,active,,
8642,747,8511,585,active,,
8643,736,8512,585,active,,
8644,744,8513,585,active,,
8645,749,8514,585,active,,
8646,739,8515,585,active,,
8647,739,8517,585,active,,
8648,744,8518,585,active,,
16349,1841,17846,,active,,
16350,1843,17847,,active,,
16392,1844,17897,,active,,"2025-11-28 08:05:43"
16393,1844,17898,,active,,"2025-11-28 08:05:43"
16394,1844,17899,,active,,"2025-11-28 08:05:43"
16395,1844,17900,,active,,"2025-11-28 08:05:43"
16396,1844,17901,,active,,"2025-11-28 08:05:43"
16397,1844,17902,,active,,"2025-11-28 08:05:43"
16398,1844,17903,,active,,"2025-11-28 08:05:43"
16399,1844,17904,,active,,"2025-11-28 08:05:43"
16400,1844,17905,,active,,"2025-11-28 08:05:43"
16401,1844,17906,,active,,"2025-11-28 08:05:43"
16402,1844,17907,,active,,"2025-11-28 08:05:43"
16403,1844,17908,,active,,"2025-11-28 08:05:43"
16404,1844,17909,,active,,"2025-11-28 08:05:43"
16405,1844,17910,,active,,"2025-11-28 08:05:43"
16406,1844,17911,,active,,"2025-11-28 08:05:43"
16407,1844,17912,,active,,"2025-11-28 08:05:43"
16408,1845,17913,,active,,"2025-11-28 08:05:43"
16409,1845,17914,,active,,"2025-11-28 08:05:43"
16410,1845,17915,,active,,"2025-11-28 08:05:43"
16411,1845,17916,,active,,"2025-11-28 08:05:43"
16412,1845,17917,,active,,"2025-11-28 08:05:43"
16413,1845,17918,,active,,"2025-11-28 08:05:43"
16414,1845,17919,,active,,"2025-11-28 08:05:43"
16415,1845,17920,,active,,"2025-11-28 08:05:43"
16416,1845,17921,,active,,"2025-11-28 08:05:43"
16417,1845,17922,,active,,"2025-11-28 08:05:43"
16418,1845,17923,,active,,"2025-11-28 08:05:43"
16419,1845,17924,,active,,"2025-11-28 08:05:43"
16420,1845,17925,,active,,"2025-11-28 08:05:43"
16421,1845,17926,,active,,"2025-11-28 08:05:43"
16422,1845,17927,,active,,"2025-11-28 08:05:43"
16423,1845,17928,,active,,"2025-11-28 08:05:43"
16938,1862,18366,,active,,"2026-02-09 15:17:46"
16970,1866,18534,,active,,"2026-02-09 21:52:00"
16974,1866,18315,,active,,"2026-02-10 08:40:18"
16975,1862,18316,,active,,"2026-02-10 08:43:51"
16976,1877,18292,,active,,"2026-02-10 10:12:07"
16984,1874,18571,,active,,"2026-02-11 13:39:40"
16985,1865,18572,,active,,"2026-02-11 13:56:11"
16986,1860,18573,,active,,"2026-02-11 13:57:49"
16987,1879,18574,,active,,"2026-02-11 14:07:31"
17001,1873,18592,,active,,"2026-02-13 19:06:46"
17428,1926,19133,,active,,"2026-03-04 08:45:14"
17429,1942,19134,,active,,"2026-03-04 08:46:55"
17430,1930,19135,,active,,"2026-03-04 08:48:08"
17431,1939,19136,,active,,"2026-03-04 08:48:38"
17432,1938,19137,,active,,"2026-03-04 08:52:13"
17433,1940,19138,,active,,"2026-03-04 11:53:10"
17438,1927,19144,,active,,"2026-03-05 10:29:46"
17440,1937,19146,,active,,"2026-03-05 10:42:53"
17441,1926,19147,,active,,"2026-03-05 10:48:31"
17442,1933,19148,,active,,"2026-03-05 10:51:27"
17443,1939,19150,,active,,"2026-03-05 11:07:05"
17472,1896,19191,,active,,"2026-03-07 14:25:44"
17505,1887,19237,,active,,"2026-03-10 11:51:44"
17508,1891,19240,,active,,"2026-03-10 11:58:54"
17509,1892,19241,,active,,"2026-03-10 12:02:05"
17510,1892,19242,,active,,"2026-03-10 12:02:30"
17511,1892,19243,,active,,"2026-03-10 12:19:40"
17512,1894,19244,,active,,"2026-03-10 12:25:02"
17513,1893,19245,,active,,"2026-03-10 13:17:44"
17522,1927,19253,,active,,"2026-03-11 10:34:04"
17530,2052,19262,,active,,"2026-03-17 17:47:54"
17531,2050,19263,,active,,"2026-03-17 17:51:23"
17532,2052,19264,,active,,"2026-03-17 17:56:01"
17533,2058,19265,,active,,"2026-03-17 18:27:55"
